[2026-10-01 20:12:19] ERROR: GET /api/discussions - meta is not defined 
ReferenceError: meta is not defined
    at D:\TaskPro\BackEnd\src\modules\community\discussion.controller.js:34:43
[2026-10-01 20:12:25] ERROR: GET /api/discussions - meta is not defined 
ReferenceError: meta is not defined
    at D:\TaskPro\BackEnd\src\modules\community\discussion.controller.js:34:43
[2026-10-01 20:12:26] ERROR: GET /api/discussions - meta is not defined 
ReferenceError: meta is not defined
    at D:\TaskPro\BackEnd\src\modules\community\discussion.controller.js:34:43
[2026-10-01 20:15:24] ERROR: GET /api/discussions - meta is not defined 
ReferenceError: meta is not defined
    at D:\TaskPro\BackEnd\src\modules\community\discussion.controller.js:34:43
[2026-10-01 20:15:25] ERROR: GET /api/discussions - meta is not defined 
ReferenceError: meta is not defined
    at D:\TaskPro\BackEnd\src\modules\community\discussion.controller.js:34:43
[2026-10-01 20:29:27] ERROR: GET /health - Not Found - /health 
Error: Not Found - /health
    at notFound (D:\TaskPro\BackEnd\src\middlewares\errorMiddleware.js:8:17)
    at Layer.handleRequest (D:\TaskPro\BackEnd\node_modules\router\lib\layer.js:152:17)
    at trimPrefix (D:\TaskPro\BackEnd\node_modules\router\index.js:342:13)
    at D:\TaskPro\BackEnd\node_modules\router\index.js:297:9
    at processParams (D:\TaskPro\BackEnd\node_modules\router\index.js:582:12)
    at next (D:\TaskPro\BackEnd\node_modules\router\index.js:291:5)
    at read (D:\TaskPro\BackEnd\node_modules\body-parser\lib\read.js:53:5)
    at jsonParser (D:\TaskPro\BackEnd\node_modules\body-parser\lib\types\json.js:60:5)
    at Layer.handleRequest (D:\TaskPro\BackEnd\node_modules\router\lib\layer.js:152:17)
    at trimPrefix (D:\TaskPro\BackEnd\node_modules\router\index.js:342:13)
[2026-10-01 22:09:49] ERROR: POST /api/courses - courseName is required 
Error: courseName is required
    at invalid (D:\TaskPro\BackEnd\src\modules\courses\course.controller.js:6:48)
    at validateCourseBody (D:\TaskPro\BackEnd\src\modules\courses\course.controller.js:9:67)
    at D:\TaskPro\BackEnd\src\modules\courses\course.controller.js:32:3
    at D:\TaskPro\BackEnd\src\utils\catchAsync.js:9:25
    at Layer.handleRequest (D:\TaskPro\BackEnd\node_modules\router\lib\layer.js:152:17)
    at next (D:\TaskPro\BackEnd\node_modules\router\lib\route.js:157:13)
    at multerMiddleware (D:\TaskPro\BackEnd\node_modules\multer\lib\make-middleware.js:18:41)
    at Layer.handleRequest (D:\TaskPro\BackEnd\node_modules\router\lib\layer.js:152:17)
    at next (D:\TaskPro\BackEnd\node_modules\router\lib\route.js:157:13)
    at D:\TaskPro\BackEnd\src\middlewares\authMiddleware.js:74:5
[2026-10-01 22:09:49] ERROR: POST /api/courses - Course with this code already exists 
Error: Course with this code already exists
    at courseError (D:\TaskPro\BackEnd\src\modules\courses\course.service.js:8:60)
    at Object.createCourse (D:\TaskPro\BackEnd\src\modules\courses\course.service.js:29:11)
    at async D:\TaskPro\BackEnd\src\modules\courses\course.controller.js:37:18
[2026-10-01 22:09:49] ERROR: PUT /api/courses/cmuprf4dc0001ewsscdrjnnvx - Invalid price 
Error: Invalid price
    at invalid (D:\TaskPro\BackEnd\src\modules\courses\course.controller.js:6:48)
    at validateCourseBody (D:\TaskPro\BackEnd\src\modules\courses\course.controller.js:17:141)
    at D:\TaskPro\BackEnd\src\modules\courses\course.controller.js:66:3
    at D:\TaskPro\BackEnd\src\utils\catchAsync.js:9:25
    at Layer.handleRequest (D:\TaskPro\BackEnd\node_modules\router\lib\layer.js:152:17)
    at next (D:\TaskPro\BackEnd\node_modules\router\lib\route.js:157:13)
    at multerMiddleware (D:\TaskPro\BackEnd\node_modules\multer\lib\make-middleware.js:18:41)
    at Layer.handleRequest (D:\TaskPro\BackEnd\node_modules\router\lib\layer.js:152:17)
    at next (D:\TaskPro\BackEnd\node_modules\router\lib\route.js:157:13)
    at D:\TaskPro\BackEnd\src\middlewares\authMiddleware.js:74:5
[2026-10-01 22:09:49] ERROR: PUT /api/courses/cmuprf4dc0001ewsscdrjnnvx - Invalid duration 
Error: Invalid duration
    at invalid (D:\TaskPro\BackEnd\src\modules\courses\course.controller.js:6:48)
    at validateCourseBody (D:\TaskPro\BackEnd\src\modules\courses\course.controller.js:17:141)
    at D:\TaskPro\BackEnd\src\modules\courses\course.controller.js:66:3
    at D:\TaskPro\BackEnd\src\utils\catchAsync.js:9:25
    at Layer.handleRequest (D:\TaskPro\BackEnd\node_modules\router\lib\layer.js:152:17)
    at next (D:\TaskPro\BackEnd\node_modules\router\lib\route.js:157:13)
    at multerMiddleware (D:\TaskPro\BackEnd\node_modules\multer\lib\make-middleware.js:18:41)
    at Layer.handleRequest (D:\TaskPro\BackEnd\node_modules\router\lib\layer.js:152:17)
    at next (D:\TaskPro\BackEnd\node_modules\router\lib\route.js:157:13)
    at D:\TaskPro\BackEnd\src\middlewares\authMiddleware.js:74:5
[2026-10-01 22:09:49] ERROR: PUT /api/courses/cmuprf4dc0001ewsscdrjnnvx - Category not found 
Error: Category not found
    at courseError (D:\TaskPro\BackEnd\src\modules\courses\course.service.js:8:60)
    at Object.updateCourse (D:\TaskPro\BackEnd\src\modules\courses\course.service.js:283:13)
    at async D:\TaskPro\BackEnd\src\modules\courses\course.controller.js:77:18
[2026-10-01 22:09:49] ERROR: PUT /api/courses/cmuprf4dc0001ewsscdrjnnvx - Invalid publication status 
Error: Invalid publication status
    at invalid (D:\TaskPro\BackEnd\src\modules\courses\course.controller.js:6:48)
    at validateCourseBody (D:\TaskPro\BackEnd\src\modules\courses\course.controller.js:26:56)
    at D:\TaskPro\BackEnd\src\modules\courses\course.controller.js:66:3
    at D:\TaskPro\BackEnd\src\utils\catchAsync.js:9:25
    at Layer.handleRequest (D:\TaskPro\BackEnd\node_modules\router\lib\layer.js:152:17)
    at next (D:\TaskPro\BackEnd\node_modules\router\lib\route.js:157:13)
    at multerMiddleware (D:\TaskPro\BackEnd\node_modules\multer\lib\make-middleware.js:18:41)
    at Layer.handleRequest (D:\TaskPro\BackEnd\node_modules\router\lib\layer.js:152:17)
    at next (D:\TaskPro\BackEnd\node_modules\router\lib\route.js:157:13)
    at D:\TaskPro\BackEnd\src\middlewares\authMiddleware.js:74:5
[2026-10-01 22:09:50] ERROR: POST /api/courses/cmuprf4dc0001ewsscdrjnnvx/request-deletion - 
Invalid `prisma.notification.createMany()` invocation in
D:\TaskPro\BackEnd\src\modules\courses\course.service.js:600:31

  597 }));
  598 
  599 if (notifications.length > 0) {
→ 600   await prisma.notification.createMany({
          data: [
            {
              userId: 2,
              type: "request",
              title: "Course Deletion Request",
              message: "Mentor Mentor User has requested the deletion of the course \"QA-LIFECYCLE-1790872789025 Updated\" (QA-LIFECYCLE-1790872789025).",
              metadata: "{\"courseId\":23,\"uniqueId\":\"cmuprf4dc0001ewsscdrjnnvx\",\"mentorId\":29}"
            }
          ]
        })

Unknown argument `metadata`. Available options are marked with ?. 
PrismaClientValidationError: 
Invalid `prisma.notification.createMany()` invocation in
D:\TaskPro\BackEnd\src\modules\courses\course.service.js:600:31

  597 }));
  598 
  599 if (notifications.length > 0) {
→ 600   await prisma.notification.createMany({
          data: [
            {
              userId: 2,
              type: "request",
              title: "Course Deletion Request",
              message: "Mentor Mentor User has requested the deletion of the course \"QA-LIFECYCLE-1790872789025 Updated\" (QA-LIFECYCLE-1790872789025).",
              metadata: "{\"courseId\":23,\"uniqueId\":\"cmuprf4dc0001ewsscdrjnnvx\",\"mentorId\":29}"
            }
          ]
        })

Unknown argument `metadata`. Available options are marked with ?.
    at Nn (D:\TaskPro\BackEnd\node_modules\@prisma\client\runtime\library.js:29:1363)
    at ei.handleRequestError (D:\TaskPro\BackEnd\node_modules\@prisma\client\runtime\library.js:121:6911)
    at ei.handleAndLogRequestError (D:\TaskPro\BackEnd\node_modules\@prisma\client\runtime\library.js:121:6593)
    at ei.request (D:\TaskPro\BackEnd\node_modules\@prisma\client\runtime\library.js:121:6300)
    at async a (D:\TaskPro\BackEnd\node_modules\@prisma\client\runtime\library.js:130:9551)
    at async Object.requestCourseDeletion (D:\TaskPro\BackEnd\src\modules\courses\course.service.js:600:5)
    at async D:\TaskPro\BackEnd\src\modules\courses\course.controller.js:100:18
[2026-10-01 22:11:13] ERROR: POST /api/courses - courseName is required 
Error: courseName is required
    at invalid (D:\TaskPro\BackEnd\src\modules\courses\course.controller.js:6:48)
    at validateCourseBody (D:\TaskPro\BackEnd\src\modules\courses\course.controller.js:9:67)
    at D:\TaskPro\BackEnd\src\modules\courses\course.controller.js:32:3
    at D:\TaskPro\BackEnd\src\utils\catchAsync.js:9:25
    at Layer.handleRequest (D:\TaskPro\BackEnd\node_modules\router\lib\layer.js:152:17)
    at next (D:\TaskPro\BackEnd\node_modules\router\lib\route.js:157:13)
    at multerMiddleware (D:\TaskPro\BackEnd\node_modules\multer\lib\make-middleware.js:18:41)
    at Layer.handleRequest (D:\TaskPro\BackEnd\node_modules\router\lib\layer.js:152:17)
    at next (D:\TaskPro\BackEnd\node_modules\router\lib\route.js:157:13)
    at D:\TaskPro\BackEnd\src\middlewares\authMiddleware.js:74:5
[2026-10-01 22:11:13] ERROR: POST /api/courses - Course with this code already exists 
Error: Course with this code already exists
    at courseError (D:\TaskPro\BackEnd\src\modules\courses\course.service.js:8:60)
    at Object.createCourse (D:\TaskPro\BackEnd\src\modules\courses\course.service.js:29:11)
    at async D:\TaskPro\BackEnd\src\modules\courses\course.controller.js:37:18
[2026-10-01 22:11:13] ERROR: PUT /api/courses/cmuprgx5x0001ewnst02czhti - Invalid price 
Error: Invalid price
    at invalid (D:\TaskPro\BackEnd\src\modules\courses\course.controller.js:6:48)
    at validateCourseBody (D:\TaskPro\BackEnd\src\modules\courses\course.controller.js:17:141)
    at D:\TaskPro\BackEnd\src\modules\courses\course.controller.js:66:3
    at D:\TaskPro\BackEnd\src\utils\catchAsync.js:9:25
    at Layer.handleRequest (D:\TaskPro\BackEnd\node_modules\router\lib\layer.js:152:17)
    at next (D:\TaskPro\BackEnd\node_modules\router\lib\route.js:157:13)
    at multerMiddleware (D:\TaskPro\BackEnd\node_modules\multer\lib\make-middleware.js:18:41)
    at Layer.handleRequest (D:\TaskPro\BackEnd\node_modules\router\lib\layer.js:152:17)
    at next (D:\TaskPro\BackEnd\node_modules\router\lib\route.js:157:13)
    at D:\TaskPro\BackEnd\src\middlewares\authMiddleware.js:74:5
[2026-10-01 22:11:13] ERROR: PUT /api/courses/cmuprgx5x0001ewnst02czhti - Invalid duration 
Error: Invalid duration
    at invalid (D:\TaskPro\BackEnd\src\modules\courses\course.controller.js:6:48)
    at validateCourseBody (D:\TaskPro\BackEnd\src\modules\courses\course.controller.js:17:141)
    at D:\TaskPro\BackEnd\src\modules\courses\course.controller.js:66:3
    at D:\TaskPro\BackEnd\src\utils\catchAsync.js:9:25
    at Layer.handleRequest (D:\TaskPro\BackEnd\node_modules\router\lib\layer.js:152:17)
    at next (D:\TaskPro\BackEnd\node_modules\router\lib\route.js:157:13)
    at multerMiddleware (D:\TaskPro\BackEnd\node_modules\multer\lib\make-middleware.js:18:41)
    at Layer.handleRequest (D:\TaskPro\BackEnd\node_modules\router\lib\layer.js:152:17)
    at next (D:\TaskPro\BackEnd\node_modules\router\lib\route.js:157:13)
    at D:\TaskPro\BackEnd\src\middlewares\authMiddleware.js:74:5
[2026-10-01 22:11:13] ERROR: PUT /api/courses/cmuprgx5x0001ewnst02czhti - Category not found 
Error: Category not found
    at courseError (D:\TaskPro\BackEnd\src\modules\courses\course.service.js:8:60)
    at Object.updateCourse (D:\TaskPro\BackEnd\src\modules\courses\course.service.js:283:13)
    at async D:\TaskPro\BackEnd\src\modules\courses\course.controller.js:77:18
[2026-10-01 22:11:13] ERROR: PUT /api/courses/cmuprgx5x0001ewnst02czhti - Invalid publication status 
Error: Invalid publication status
    at invalid (D:\TaskPro\BackEnd\src\modules\courses\course.controller.js:6:48)
    at validateCourseBody (D:\TaskPro\BackEnd\src\modules\courses\course.controller.js:26:56)
    at D:\TaskPro\BackEnd\src\modules\courses\course.controller.js:66:3
    at D:\TaskPro\BackEnd\src\utils\catchAsync.js:9:25
    at Layer.handleRequest (D:\TaskPro\BackEnd\node_modules\router\lib\layer.js:152:17)
    at next (D:\TaskPro\BackEnd\node_modules\router\lib\route.js:157:13)
    at multerMiddleware (D:\TaskPro\BackEnd\node_modules\multer\lib\make-middleware.js:18:41)
    at Layer.handleRequest (D:\TaskPro\BackEnd\node_modules\router\lib\layer.js:152:17)
    at next (D:\TaskPro\BackEnd\node_modules\router\lib\route.js:157:13)
    at D:\TaskPro\BackEnd\src\middlewares\authMiddleware.js:74:5
[2026-10-01 22:11:14] ERROR: GET /api/courses/cmuprgx5x0001ewnst02czhti - Course not found 
Error: Course not found
    at courseError (D:\TaskPro\BackEnd\src\modules\courses\course.service.js:8:60)
    at Object.getCourseById (D:\TaskPro\BackEnd\src\modules\courses\course.service.js:222:11)
    at async D:\TaskPro\BackEnd\src\modules\courses\course.controller.js:61:18
[2026-10-01 22:26:07] ERROR: POST /api/courses - courseName is required 
Error: courseName is required
    at invalid (D:\TaskPro\BackEnd\src\modules\courses\course.controller.js:6:48)
    at validateCourseBody (D:\TaskPro\BackEnd\src\modules\courses\course.controller.js:9:67)
    at D:\TaskPro\BackEnd\src\modules\courses\course.controller.js:32:3
    at D:\TaskPro\BackEnd\src\utils\catchAsync.js:9:25
    at Layer.handleRequest (D:\TaskPro\BackEnd\node_modules\router\lib\layer.js:152:17)
    at next (D:\TaskPro\BackEnd\node_modules\router\lib\route.js:157:13)
    at multerMiddleware (D:\TaskPro\BackEnd\node_modules\multer\lib\make-middleware.js:18:41)
    at Layer.handleRequest (D:\TaskPro\BackEnd\node_modules\router\lib\layer.js:152:17)
    at next (D:\TaskPro\BackEnd\node_modules\router\lib\route.js:157:13)
    at D:\TaskPro\BackEnd\src\middlewares\authMiddleware.js:74:5
[2026-10-01 22:26:07] ERROR: POST /api/courses - Course with this code already exists 
Error: Course with this code already exists
    at courseError (D:\TaskPro\BackEnd\src\modules\courses\course.service.js:8:60)
    at Object.createCourse (D:\TaskPro\BackEnd\src\modules\courses\course.service.js:29:11)
    at async D:\TaskPro\BackEnd\src\modules\courses\course.controller.js:37:18
[2026-10-01 22:26:07] ERROR: PUT /api/courses/cmups02u00001ewt4ry0cddwp - Invalid price 
Error: Invalid price
    at invalid (D:\TaskPro\BackEnd\src\modules\courses\course.controller.js:6:48)
    at validateCourseBody (D:\TaskPro\BackEnd\src\modules\courses\course.controller.js:17:141)
    at D:\TaskPro\BackEnd\src\modules\courses\course.controller.js:66:3
    at D:\TaskPro\BackEnd\src\utils\catchAsync.js:9:25
    at Layer.handleRequest (D:\TaskPro\BackEnd\node_modules\router\lib\layer.js:152:17)
    at next (D:\TaskPro\BackEnd\node_modules\router\lib\route.js:157:13)
    at multerMiddleware (D:\TaskPro\BackEnd\node_modules\multer\lib\make-middleware.js:18:41)
    at Layer.handleRequest (D:\TaskPro\BackEnd\node_modules\router\lib\layer.js:152:17)
    at next (D:\TaskPro\BackEnd\node_modules\router\lib\route.js:157:13)
    at D:\TaskPro\BackEnd\src\middlewares\authMiddleware.js:74:5
[2026-10-01 22:26:07] ERROR: PUT /api/courses/cmups02u00001ewt4ry0cddwp - Invalid duration 
Error: Invalid duration
    at invalid (D:\TaskPro\BackEnd\src\modules\courses\course.controller.js:6:48)
    at validateCourseBody (D:\TaskPro\BackEnd\src\modules\courses\course.controller.js:17:141)
    at D:\TaskPro\BackEnd\src\modules\courses\course.controller.js:66:3
    at D:\TaskPro\BackEnd\src\utils\catchAsync.js:9:25
    at Layer.handleRequest (D:\TaskPro\BackEnd\node_modules\router\lib\layer.js:152:17)
    at next (D:\TaskPro\BackEnd\node_modules\router\lib\route.js:157:13)
    at multerMiddleware (D:\TaskPro\BackEnd\node_modules\multer\lib\make-middleware.js:18:41)
    at Layer.handleRequest (D:\TaskPro\BackEnd\node_modules\router\lib\layer.js:152:17)
    at next (D:\TaskPro\BackEnd\node_modules\router\lib\route.js:157:13)
    at D:\TaskPro\BackEnd\src\middlewares\authMiddleware.js:74:5
[2026-10-01 22:26:07] ERROR: PUT /api/courses/cmups02u00001ewt4ry0cddwp - Category not found 
Error: Category not found
    at courseError (D:\TaskPro\BackEnd\src\modules\courses\course.service.js:8:60)
    at Object.updateCourse (D:\TaskPro\BackEnd\src\modules\courses\course.service.js:283:13)
    at async D:\TaskPro\BackEnd\src\modules\courses\course.controller.js:77:18
[2026-10-01 22:26:07] ERROR: PUT /api/courses/cmups02u00001ewt4ry0cddwp - Invalid publication status 
Error: Invalid publication status
    at invalid (D:\TaskPro\BackEnd\src\modules\courses\course.controller.js:6:48)
    at validateCourseBody (D:\TaskPro\BackEnd\src\modules\courses\course.controller.js:26:56)
    at D:\TaskPro\BackEnd\src\modules\courses\course.controller.js:66:3
    at D:\TaskPro\BackEnd\src\utils\catchAsync.js:9:25
    at Layer.handleRequest (D:\TaskPro\BackEnd\node_modules\router\lib\layer.js:152:17)
    at next (D:\TaskPro\BackEnd\node_modules\router\lib\route.js:157:13)
    at multerMiddleware (D:\TaskPro\BackEnd\node_modules\multer\lib\make-middleware.js:18:41)
    at Layer.handleRequest (D:\TaskPro\BackEnd\node_modules\router\lib\layer.js:152:17)
    at next (D:\TaskPro\BackEnd\node_modules\router\lib\route.js:157:13)
    at D:\TaskPro\BackEnd\src\middlewares\authMiddleware.js:74:5
[2026-10-01 22:26:08] ERROR: GET /api/courses/cmups02u00001ewt4ry0cddwp - Course not found 
Error: Course not found
    at courseError (D:\TaskPro\BackEnd\src\modules\courses\course.service.js:8:60)
    at Object.getCourseById (D:\TaskPro\BackEnd\src\modules\courses\course.service.js:222:11)
    at async D:\TaskPro\BackEnd\src\modules\courses\course.controller.js:61:18
[2026-10-01 22:27:33] ERROR: POST /api/courses - courseName is required 
Error: courseName is required
    at invalid (D:\TaskPro\BackEnd\src\modules\courses\course.controller.js:6:48)
    at validateCourseBody (D:\TaskPro\BackEnd\src\modules\courses\course.controller.js:9:67)
    at D:\TaskPro\BackEnd\src\modules\courses\course.controller.js:32:3
    at D:\TaskPro\BackEnd\src\utils\catchAsync.js:9:25
    at Layer.handleRequest (D:\TaskPro\BackEnd\node_modules\router\lib\layer.js:152:17)
    at next (D:\TaskPro\BackEnd\node_modules\router\lib\route.js:157:13)
    at multerMiddleware (D:\TaskPro\BackEnd\node_modules\multer\lib\make-middleware.js:18:41)
    at Layer.handleRequest (D:\TaskPro\BackEnd\node_modules\router\lib\layer.js:152:17)
    at next (D:\TaskPro\BackEnd\node_modules\router\lib\route.js:157:13)
    at D:\TaskPro\BackEnd\src\middlewares\authMiddleware.js:74:5
[2026-10-01 22:27:33] ERROR: PUT /api/courses/cmups1xgn0001ewp81n6n62bl - You are not authorized to update this course 
Error: You are not authorized to update this course
    at courseError (D:\TaskPro\BackEnd\src\modules\courses\course.service.js:8:60)
    at Object.updateCourse (D:\TaskPro\BackEnd\src\modules\courses\course.service.js:264:11)
    at async D:\TaskPro\BackEnd\src\modules\courses\course.controller.js:77:18
[2026-10-01 22:27:34] ERROR: POST /api/courses - Course with this code already exists 
Error: Course with this code already exists
    at courseError (D:\TaskPro\BackEnd\src\modules\courses\course.service.js:8:60)
    at Object.createCourse (D:\TaskPro\BackEnd\src\modules\courses\course.service.js:29:11)
    at async D:\TaskPro\BackEnd\src\modules\courses\course.controller.js:37:18
[2026-10-01 22:27:34] ERROR: PUT /api/courses/cmups1xgn0001ewp81n6n62bl - Invalid price 
Error: Invalid price
    at invalid (D:\TaskPro\BackEnd\src\modules\courses\course.controller.js:6:48)
    at validateCourseBody (D:\TaskPro\BackEnd\src\modules\courses\course.controller.js:17:141)
    at D:\TaskPro\BackEnd\src\modules\courses\course.controller.js:66:3
    at D:\TaskPro\BackEnd\src\utils\catchAsync.js:9:25
    at Layer.handleRequest (D:\TaskPro\BackEnd\node_modules\router\lib\layer.js:152:17)
    at next (D:\TaskPro\BackEnd\node_modules\router\lib\route.js:157:13)
    at multerMiddleware (D:\TaskPro\BackEnd\node_modules\multer\lib\make-middleware.js:18:41)
    at Layer.handleRequest (D:\TaskPro\BackEnd\node_modules\router\lib\layer.js:152:17)
    at next (D:\TaskPro\BackEnd\node_modules\router\lib\route.js:157:13)
    at D:\TaskPro\BackEnd\src\middlewares\authMiddleware.js:74:5
[2026-10-01 22:27:34] ERROR: PUT /api/courses/cmups1xgn0001ewp81n6n62bl - Invalid duration 
Error: Invalid duration
    at invalid (D:\TaskPro\BackEnd\src\modules\courses\course.controller.js:6:48)
    at validateCourseBody (D:\TaskPro\BackEnd\src\modules\courses\course.controller.js:17:141)
    at D:\TaskPro\BackEnd\src\modules\courses\course.controller.js:66:3
    at D:\TaskPro\BackEnd\src\utils\catchAsync.js:9:25
    at Layer.handleRequest (D:\TaskPro\BackEnd\node_modules\router\lib\layer.js:152:17)
    at next (D:\TaskPro\BackEnd\node_modules\router\lib\route.js:157:13)
    at multerMiddleware (D:\TaskPro\BackEnd\node_modules\multer\lib\make-middleware.js:18:41)
    at Layer.handleRequest (D:\TaskPro\BackEnd\node_modules\router\lib\layer.js:152:17)
    at next (D:\TaskPro\BackEnd\node_modules\router\lib\route.js:157:13)
    at D:\TaskPro\BackEnd\src\middlewares\authMiddleware.js:74:5
[2026-10-01 22:27:34] ERROR: PUT /api/courses/cmups1xgn0001ewp81n6n62bl - Category not found 
Error: Category not found
    at courseError (D:\TaskPro\BackEnd\src\modules\courses\course.service.js:8:60)
    at Object.updateCourse (D:\TaskPro\BackEnd\src\modules\courses\course.service.js:283:13)
    at async D:\TaskPro\BackEnd\src\modules\courses\course.controller.js:77:18
[2026-10-01 22:27:34] ERROR: PUT /api/courses/cmups1xgn0001ewp81n6n62bl - Invalid publication status 
Error: Invalid publication status
    at invalid (D:\TaskPro\BackEnd\src\modules\courses\course.controller.js:6:48)
    at validateCourseBody (D:\TaskPro\BackEnd\src\modules\courses\course.controller.js:26:56)
    at D:\TaskPro\BackEnd\src\modules\courses\course.controller.js:66:3
    at D:\TaskPro\BackEnd\src\utils\catchAsync.js:9:25
    at Layer.handleRequest (D:\TaskPro\BackEnd\node_modules\router\lib\layer.js:152:17)
    at next (D:\TaskPro\BackEnd\node_modules\router\lib\route.js:157:13)
    at multerMiddleware (D:\TaskPro\BackEnd\node_modules\multer\lib\make-middleware.js:18:41)
    at Layer.handleRequest (D:\TaskPro\BackEnd\node_modules\router\lib\layer.js:152:17)
    at next (D:\TaskPro\BackEnd\node_modules\router\lib\route.js:157:13)
    at D:\TaskPro\BackEnd\src\middlewares\authMiddleware.js:74:5
[2026-10-01 22:27:34] ERROR: GET /api/courses/cmups1xgn0001ewp81n6n62bl - Course not found 
Error: Course not found
    at courseError (D:\TaskPro\BackEnd\src\modules\courses\course.service.js:8:60)
    at Object.getCourseById (D:\TaskPro\BackEnd\src\modules\courses\course.service.js:222:11)
    at async D:\TaskPro\BackEnd\src\modules\courses\course.controller.js:61:18
[2026-10-01 22:30:51] ERROR: GET /api/courses/25 - Course not found 
Error: Course not found
    at courseError (D:\TaskPro\BackEnd\src\modules\courses\course.service.js:8:60)
    at Object.getCourseById (D:\TaskPro\BackEnd\src\modules\courses\course.service.js:222:11)
    at async D:\TaskPro\BackEnd\src\modules\courses\course.controller.js:61:18
[2026-10-01 22:30:51] ERROR: GET /api/courses/25 - Course not found 
Error: Course not found
    at courseError (D:\TaskPro\BackEnd\src\modules\courses\course.service.js:8:60)
    at Object.getCourseById (D:\TaskPro\BackEnd\src\modules\courses\course.service.js:222:11)
    at async D:\TaskPro\BackEnd\src\modules\courses\course.controller.js:61:18
[2026-10-01 22:30:51] ERROR: GET /api/courses/25 - Course not found 
Error: Course not found
    at courseError (D:\TaskPro\BackEnd\src\modules\courses\course.service.js:8:60)
    at Object.getCourseById (D:\TaskPro\BackEnd\src\modules\courses\course.service.js:222:11)
    at async D:\TaskPro\BackEnd\src\modules\courses\course.controller.js:61:18
[2026-10-01 22:30:51] ERROR: GET /api/courses/25 - Course not found 
Error: Course not found
    at courseError (D:\TaskPro\BackEnd\src\modules\courses\course.service.js:8:60)
    at Object.getCourseById (D:\TaskPro\BackEnd\src\modules\courses\course.service.js:222:11)
    at async D:\TaskPro\BackEnd\src\modules\courses\course.controller.js:61:18
[2026-10-01 22:30:51] ERROR: GET /api/courses/25 - Course not found 
Error: Course not found
    at courseError (D:\TaskPro\BackEnd\src\modules\courses\course.service.js:8:60)
    at Object.getCourseById (D:\TaskPro\BackEnd\src\modules\courses\course.service.js:222:11)
    at async D:\TaskPro\BackEnd\src\modules\courses\course.controller.js:61:18
[2026-10-01 22:35:40] ERROR: POST /api/admin/users - fullName is required 
Error: fullName is required
    at userError (D:\TaskPro\BackEnd\src\modules\admin\admin.service.js:5:64)
    at validateUserData (D:\TaskPro\BackEnd\src\modules\admin\admin.service.js:13:73)
    at Object.createUser (D:\TaskPro\BackEnd\src\modules\admin\admin.service.js:258:9)
    at D:\TaskPro\BackEnd\src\modules\admin\admin.controller.js:38:35
    at D:\TaskPro\BackEnd\src\utils\catchAsync.js:9:25
    at Layer.handleRequest (D:\TaskPro\BackEnd\node_modules\router\lib\layer.js:152:17)
    at next (D:\TaskPro\BackEnd\node_modules\router\lib\route.js:157:13)
    at Route.dispatch (D:\TaskPro\BackEnd\node_modules\router\lib\route.js:117:3)
    at handle (D:\TaskPro\BackEnd\node_modules\router\index.js:435:11)
    at Layer.handleRequest (D:\TaskPro\BackEnd\node_modules\router\lib\layer.js:152:17)
[2026-10-01 22:35:40] ERROR: POST /api/admin/users - Invalid email address 
Error: Invalid email address
    at userError (D:\TaskPro\BackEnd\src\modules\admin\admin.service.js:5:64)
    at validateUserData (D:\TaskPro\BackEnd\src\modules\admin\admin.service.js:19:63)
    at Object.createUser (D:\TaskPro\BackEnd\src\modules\admin\admin.service.js:258:9)
    at D:\TaskPro\BackEnd\src\modules\admin\admin.controller.js:38:35
    at D:\TaskPro\BackEnd\src\utils\catchAsync.js:9:25
    at Layer.handleRequest (D:\TaskPro\BackEnd\node_modules\router\lib\layer.js:152:17)
    at next (D:\TaskPro\BackEnd\node_modules\router\lib\route.js:157:13)
    at Route.dispatch (D:\TaskPro\BackEnd\node_modules\router\lib\route.js:117:3)
    at handle (D:\TaskPro\BackEnd\node_modules\router\index.js:435:11)
    at Layer.handleRequest (D:\TaskPro\BackEnd\node_modules\router\lib\layer.js:152:17)
[2026-10-01 22:35:40] ERROR: POST /api/admin/users - Invalid role 
Error: Invalid role
    at userError (D:\TaskPro\BackEnd\src\modules\admin\admin.service.js:5:64)
    at validateUserData (D:\TaskPro\BackEnd\src\modules\admin\admin.service.js:25:116)
    at async Object.createUser (D:\TaskPro\BackEnd\src\modules\admin\admin.service.js:258:3)
    at async D:\TaskPro\BackEnd\src\modules\admin\admin.controller.js:38:16
[2026-10-01 22:35:41] ERROR: POST /api/admin/users - Email, username, or mobile already registered 
Error: Email, username, or mobile already registered
    at userError (D:\TaskPro\BackEnd\src\modules\admin\admin.service.js:5:64)
    at validateUserData (D:\TaskPro\BackEnd\src\modules\admin\admin.service.js:28:142)
    at async Object.createUser (D:\TaskPro\BackEnd\src\modules\admin\admin.service.js:258:3)
    at async D:\TaskPro\BackEnd\src\modules\admin\admin.controller.js:38:16
[2026-10-01 22:35:41] ERROR: PUT /api/admin/users/33 - fullName is required 
Error: fullName is required
    at userError (D:\TaskPro\BackEnd\src\modules\admin\admin.service.js:5:64)
    at validateUserData (D:\TaskPro\BackEnd\src\modules\admin\admin.service.js:13:73)
    at Object.updateUser (D:\TaskPro\BackEnd\src\modules\admin\admin.service.js:299:9)
    at async D:\TaskPro\BackEnd\src\modules\admin\admin.controller.js:43:16
[2026-10-01 22:35:41] ERROR: PUT /api/admin/users/33 - Email, username, or mobile already registered 
Error: Email, username, or mobile already registered
    at userError (D:\TaskPro\BackEnd\src\modules\admin\admin.service.js:5:64)
    at validateUserData (D:\TaskPro\BackEnd\src\modules\admin\admin.service.js:28:142)
    at async Object.updateUser (D:\TaskPro\BackEnd\src\modules\admin\admin.service.js:299:3)
    at async D:\TaskPro\BackEnd\src\modules\admin\admin.controller.js:43:16
[2026-10-01 22:35:41] ERROR: PUT /api/admin/users/33 - isActive must be a boolean 
Error: isActive must be a boolean
    at userError (D:\TaskPro\BackEnd\src\modules\admin\admin.service.js:5:64)
    at validateUserData (D:\TaskPro\BackEnd\src\modules\admin\admin.service.js:21:80)
    at Object.updateUser (D:\TaskPro\BackEnd\src\modules\admin\admin.service.js:299:9)
    at async D:\TaskPro\BackEnd\src\modules\admin\admin.controller.js:43:16
[2026-10-01 22:35:41] ERROR: POST /api/auth/login - Account has been deactivated. Contact admin. 
Error: Account has been deactivated. Contact admin.
    at Object.loginUser (D:\TaskPro\BackEnd\src\modules\auth\auth.service.js:149:11)
    at async D:\TaskPro\BackEnd\src\modules\auth\auth.controller.js:15:18
[2026-10-01 22:37:02] ERROR: POST /api/admin/users - fullName is required 
Error: fullName is required
    at userError (D:\TaskPro\BackEnd\src\modules\admin\admin.service.js:5:64)
    at validateUserData (D:\TaskPro\BackEnd\src\modules\admin\admin.service.js:13:73)
    at Object.createUser (D:\TaskPro\BackEnd\src\modules\admin\admin.service.js:258:9)
    at D:\TaskPro\BackEnd\src\modules\admin\admin.controller.js:38:35
    at D:\TaskPro\BackEnd\src\utils\catchAsync.js:9:25
    at Layer.handleRequest (D:\TaskPro\BackEnd\node_modules\router\lib\layer.js:152:17)
    at next (D:\TaskPro\BackEnd\node_modules\router\lib\route.js:157:13)
    at Route.dispatch (D:\TaskPro\BackEnd\node_modules\router\lib\route.js:117:3)
    at handle (D:\TaskPro\BackEnd\node_modules\router\index.js:435:11)
    at Layer.handleRequest (D:\TaskPro\BackEnd\node_modules\router\lib\layer.js:152:17)
[2026-10-01 22:37:02] ERROR: POST /api/admin/users - Invalid email address 
Error: Invalid email address
    at userError (D:\TaskPro\BackEnd\src\modules\admin\admin.service.js:5:64)
    at validateUserData (D:\TaskPro\BackEnd\src\modules\admin\admin.service.js:19:63)
    at Object.createUser (D:\TaskPro\BackEnd\src\modules\admin\admin.service.js:258:9)
    at D:\TaskPro\BackEnd\src\modules\admin\admin.controller.js:38:35
    at D:\TaskPro\BackEnd\src\utils\catchAsync.js:9:25
    at Layer.handleRequest (D:\TaskPro\BackEnd\node_modules\router\lib\layer.js:152:17)
    at next (D:\TaskPro\BackEnd\node_modules\router\lib\route.js:157:13)
    at Route.dispatch (D:\TaskPro\BackEnd\node_modules\router\lib\route.js:117:3)
    at handle (D:\TaskPro\BackEnd\node_modules\router\index.js:435:11)
    at Layer.handleRequest (D:\TaskPro\BackEnd\node_modules\router\lib\layer.js:152:17)
[2026-10-01 22:37:02] ERROR: POST /api/admin/users - Invalid role 
Error: Invalid role
    at userError (D:\TaskPro\BackEnd\src\modules\admin\admin.service.js:5:64)
    at validateUserData (D:\TaskPro\BackEnd\src\modules\admin\admin.service.js:25:116)
    at async Object.createUser (D:\TaskPro\BackEnd\src\modules\admin\admin.service.js:258:3)
    at async D:\TaskPro\BackEnd\src\modules\admin\admin.controller.js:38:16
[2026-10-01 22:37:03] ERROR: POST /api/admin/users - Email, username, or mobile already registered 
Error: Email, username, or mobile already registered
    at userError (D:\TaskPro\BackEnd\src\modules\admin\admin.service.js:5:64)
    at validateUserData (D:\TaskPro\BackEnd\src\modules\admin\admin.service.js:28:142)
    at async Object.createUser (D:\TaskPro\BackEnd\src\modules\admin\admin.service.js:258:3)
    at async D:\TaskPro\BackEnd\src\modules\admin\admin.controller.js:38:16
[2026-10-01 22:37:04] ERROR: PUT /api/admin/users/34 - fullName is required 
Error: fullName is required
    at userError (D:\TaskPro\BackEnd\src\modules\admin\admin.service.js:5:64)
    at validateUserData (D:\TaskPro\BackEnd\src\modules\admin\admin.service.js:13:73)
    at Object.updateUser (D:\TaskPro\BackEnd\src\modules\admin\admin.service.js:299:9)
    at async D:\TaskPro\BackEnd\src\modules\admin\admin.controller.js:43:16
[2026-10-01 22:37:04] ERROR: PUT /api/admin/users/34 - Email, username, or mobile already registered 
Error: Email, username, or mobile already registered
    at userError (D:\TaskPro\BackEnd\src\modules\admin\admin.service.js:5:64)
    at validateUserData (D:\TaskPro\BackEnd\src\modules\admin\admin.service.js:28:142)
    at async Object.updateUser (D:\TaskPro\BackEnd\src\modules\admin\admin.service.js:299:3)
    at async D:\TaskPro\BackEnd\src\modules\admin\admin.controller.js:43:16
[2026-10-01 22:37:04] ERROR: PUT /api/admin/users/34 - isActive must be a boolean 
Error: isActive must be a boolean
    at userError (D:\TaskPro\BackEnd\src\modules\admin\admin.service.js:5:64)
    at validateUserData (D:\TaskPro\BackEnd\src\modules\admin\admin.service.js:21:80)
    at Object.updateUser (D:\TaskPro\BackEnd\src\modules\admin\admin.service.js:299:9)
    at async D:\TaskPro\BackEnd\src\modules\admin\admin.controller.js:43:16
[2026-10-01 22:37:04] ERROR: POST /api/auth/login - Account has been deactivated. Contact admin. 
Error: Account has been deactivated. Contact admin.
    at Object.loginUser (D:\TaskPro\BackEnd\src\modules\auth\auth.service.js:149:25)
    at async D:\TaskPro\BackEnd\src\modules\auth\auth.controller.js:15:18
[2026-10-01 22:37:04] ERROR: PUT /api/admin/users/99999999 - User not found 
Error: User not found
    at userError (D:\TaskPro\BackEnd\src\modules\admin\admin.service.js:5:64)
    at Object.updateUser (D:\TaskPro\BackEnd\src\modules\admin\admin.service.js:298:67)
    at async D:\TaskPro\BackEnd\src\modules\admin\admin.controller.js:43:16
[2026-10-01 22:37:04] ERROR: DELETE /api/admin/users/99999999 - User not found 
Error: User not found
    at userError (D:\TaskPro\BackEnd\src\modules\admin\admin.service.js:5:64)
    at Object.deleteUser (D:\TaskPro\BackEnd\src\modules\admin\admin.service.js:326:11)
    at async D:\TaskPro\BackEnd\src\modules\admin\admin.controller.js:48:18
[2026-10-01 22:38:51] ERROR: POST /api/admin/users - fullName is required 
Error: fullName is required
    at userError (D:\TaskPro\BackEnd\src\modules\admin\admin.service.js:5:64)
    at validateUserData (D:\TaskPro\BackEnd\src\modules\admin\admin.service.js:13:73)
    at Object.createUser (D:\TaskPro\BackEnd\src\modules\admin\admin.service.js:258:9)
    at D:\TaskPro\BackEnd\src\modules\admin\admin.controller.js:38:35
    at D:\TaskPro\BackEnd\src\utils\catchAsync.js:9:25
    at Layer.handleRequest (D:\TaskPro\BackEnd\node_modules\router\lib\layer.js:152:17)
    at next (D:\TaskPro\BackEnd\node_modules\router\lib\route.js:157:13)
    at Route.dispatch (D:\TaskPro\BackEnd\node_modules\router\lib\route.js:117:3)
    at handle (D:\TaskPro\BackEnd\node_modules\router\index.js:435:11)
    at Layer.handleRequest (D:\TaskPro\BackEnd\node_modules\router\lib\layer.js:152:17)
[2026-10-01 22:38:52] ERROR: POST /api/admin/users - Invalid email address 
Error: Invalid email address
    at userError (D:\TaskPro\BackEnd\src\modules\admin\admin.service.js:5:64)
    at validateUserData (D:\TaskPro\BackEnd\src\modules\admin\admin.service.js:19:63)
    at Object.createUser (D:\TaskPro\BackEnd\src\modules\admin\admin.service.js:258:9)
    at D:\TaskPro\BackEnd\src\modules\admin\admin.controller.js:38:35
    at D:\TaskPro\BackEnd\src\utils\catchAsync.js:9:25
    at Layer.handleRequest (D:\TaskPro\BackEnd\node_modules\router\lib\layer.js:152:17)
    at next (D:\TaskPro\BackEnd\node_modules\router\lib\route.js:157:13)
    at Route.dispatch (D:\TaskPro\BackEnd\node_modules\router\lib\route.js:117:3)
    at handle (D:\TaskPro\BackEnd\node_modules\router\index.js:435:11)
    at Layer.handleRequest (D:\TaskPro\BackEnd\node_modules\router\lib\layer.js:152:17)
[2026-10-01 22:38:52] ERROR: POST /api/admin/users - Invalid role 
Error: Invalid role
    at userError (D:\TaskPro\BackEnd\src\modules\admin\admin.service.js:5:64)
    at validateUserData (D:\TaskPro\BackEnd\src\modules\admin\admin.service.js:25:116)
    at async Object.createUser (D:\TaskPro\BackEnd\src\modules\admin\admin.service.js:258:3)
    at async D:\TaskPro\BackEnd\src\modules\admin\admin.controller.js:38:16
[2026-10-01 22:38:52] ERROR: POST /api/admin/users - Email, username, or mobile already registered 
Error: Email, username, or mobile already registered
    at userError (D:\TaskPro\BackEnd\src\modules\admin\admin.service.js:5:64)
    at validateUserData (D:\TaskPro\BackEnd\src\modules\admin\admin.service.js:28:142)
    at async Object.createUser (D:\TaskPro\BackEnd\src\modules\admin\admin.service.js:258:3)
    at async D:\TaskPro\BackEnd\src\modules\admin\admin.controller.js:38:16
[2026-10-01 22:38:52] ERROR: PUT /api/admin/users/37 - fullName is required 
Error: fullName is required
    at userError (D:\TaskPro\BackEnd\src\modules\admin\admin.service.js:5:64)
    at validateUserData (D:\TaskPro\BackEnd\src\modules\admin\admin.service.js:13:73)
    at Object.updateUser (D:\TaskPro\BackEnd\src\modules\admin\admin.service.js:299:9)
    at async D:\TaskPro\BackEnd\src\modules\admin\admin.controller.js:43:16
[2026-10-01 22:38:52] ERROR: PUT /api/admin/users/37 - Email, username, or mobile already registered 
Error: Email, username, or mobile already registered
    at userError (D:\TaskPro\BackEnd\src\modules\admin\admin.service.js:5:64)
    at validateUserData (D:\TaskPro\BackEnd\src\modules\admin\admin.service.js:28:142)
    at async Object.updateUser (D:\TaskPro\BackEnd\src\modules\admin\admin.service.js:299:3)
    at async D:\TaskPro\BackEnd\src\modules\admin\admin.controller.js:43:16
[2026-10-01 22:38:52] ERROR: PUT /api/admin/users/37 - isActive must be a boolean 
Error: isActive must be a boolean
    at userError (D:\TaskPro\BackEnd\src\modules\admin\admin.service.js:5:64)
    at validateUserData (D:\TaskPro\BackEnd\src\modules\admin\admin.service.js:21:80)
    at Object.updateUser (D:\TaskPro\BackEnd\src\modules\admin\admin.service.js:299:9)
    at async D:\TaskPro\BackEnd\src\modules\admin\admin.controller.js:43:16
[2026-10-01 22:38:52] ERROR: PUT /api/admin/users/99999999 - User not found 
Error: User not found
    at userError (D:\TaskPro\BackEnd\src\modules\admin\admin.service.js:5:64)
    at Object.updateUser (D:\TaskPro\BackEnd\src\modules\admin\admin.service.js:298:67)
    at async D:\TaskPro\BackEnd\src\modules\admin\admin.controller.js:43:16
[2026-10-01 22:38:52] ERROR: DELETE /api/admin/users/99999999 - User not found 
Error: User not found
    at userError (D:\TaskPro\BackEnd\src\modules\admin\admin.service.js:5:64)
    at Object.deleteUser (D:\TaskPro\BackEnd\src\modules\admin\admin.service.js:326:11)
    at async D:\TaskPro\BackEnd\src\modules\admin\admin.controller.js:48:18
[2026-10-01 22:42:29] ERROR: POST /api/admin/users - fullName is required 
Error: fullName is required
    at userError (D:\TaskPro\BackEnd\src\modules\admin\admin.service.js:5:64)
    at validateUserData (D:\TaskPro\BackEnd\src\modules\admin\admin.service.js:13:73)
    at Object.createUser (D:\TaskPro\BackEnd\src\modules\admin\admin.service.js:258:9)
    at D:\TaskPro\BackEnd\src\modules\admin\admin.controller.js:38:35
    at D:\TaskPro\BackEnd\src\utils\catchAsync.js:9:25
    at Layer.handleRequest (D:\TaskPro\BackEnd\node_modules\router\lib\layer.js:152:17)
    at next (D:\TaskPro\BackEnd\node_modules\router\lib\route.js:157:13)
    at Route.dispatch (D:\TaskPro\BackEnd\node_modules\router\lib\route.js:117:3)
    at handle (D:\TaskPro\BackEnd\node_modules\router\index.js:435:11)
    at Layer.handleRequest (D:\TaskPro\BackEnd\node_modules\router\lib\layer.js:152:17)
[2026-10-01 22:42:29] ERROR: POST /api/admin/users - Invalid email address 
Error: Invalid email address
    at userError (D:\TaskPro\BackEnd\src\modules\admin\admin.service.js:5:64)
    at validateUserData (D:\TaskPro\BackEnd\src\modules\admin\admin.service.js:19:63)
    at Object.createUser (D:\TaskPro\BackEnd\src\modules\admin\admin.service.js:258:9)
    at D:\TaskPro\BackEnd\src\modules\admin\admin.controller.js:38:35
    at D:\TaskPro\BackEnd\src\utils\catchAsync.js:9:25
    at Layer.handleRequest (D:\TaskPro\BackEnd\node_modules\router\lib\layer.js:152:17)
    at next (D:\TaskPro\BackEnd\node_modules\router\lib\route.js:157:13)
    at Route.dispatch (D:\TaskPro\BackEnd\node_modules\router\lib\route.js:117:3)
    at handle (D:\TaskPro\BackEnd\node_modules\router\index.js:435:11)
    at Layer.handleRequest (D:\TaskPro\BackEnd\node_modules\router\lib\layer.js:152:17)
[2026-10-01 22:42:29] ERROR: POST /api/admin/users - Invalid role 
Error: Invalid role
    at userError (D:\TaskPro\BackEnd\src\modules\admin\admin.service.js:5:64)
    at validateUserData (D:\TaskPro\BackEnd\src\modules\admin\admin.service.js:25:116)
    at async Object.createUser (D:\TaskPro\BackEnd\src\modules\admin\admin.service.js:258:3)
    at async D:\TaskPro\BackEnd\src\modules\admin\admin.controller.js:38:16
[2026-10-01 22:42:29] ERROR: POST /api/admin/users - Email, username, or mobile already registered 
Error: Email, username, or mobile already registered
    at userError (D:\TaskPro\BackEnd\src\modules\admin\admin.service.js:5:64)
    at validateUserData (D:\TaskPro\BackEnd\src\modules\admin\admin.service.js:28:142)
    at async Object.createUser (D:\TaskPro\BackEnd\src\modules\admin\admin.service.js:258:3)
    at async D:\TaskPro\BackEnd\src\modules\admin\admin.controller.js:38:16
[2026-10-01 22:42:29] ERROR: PUT /api/admin/users/39 - fullName is required 
Error: fullName is required
    at userError (D:\TaskPro\BackEnd\src\modules\admin\admin.service.js:5:64)
    at validateUserData (D:\TaskPro\BackEnd\src\modules\admin\admin.service.js:13:73)
    at Object.updateUser (D:\TaskPro\BackEnd\src\modules\admin\admin.service.js:299:9)
    at async D:\TaskPro\BackEnd\src\modules\admin\admin.controller.js:43:16
[2026-10-01 22:42:29] ERROR: PUT /api/admin/users/39 - Email, username, or mobile already registered 
Error: Email, username, or mobile already registered
    at userError (D:\TaskPro\BackEnd\src\modules\admin\admin.service.js:5:64)
    at validateUserData (D:\TaskPro\BackEnd\src\modules\admin\admin.service.js:28:142)
    at async Object.updateUser (D:\TaskPro\BackEnd\src\modules\admin\admin.service.js:299:3)
    at async D:\TaskPro\BackEnd\src\modules\admin\admin.controller.js:43:16
[2026-10-01 22:42:29] ERROR: PUT /api/admin/users/39 - isActive must be a boolean 
Error: isActive must be a boolean
    at userError (D:\TaskPro\BackEnd\src\modules\admin\admin.service.js:5:64)
    at validateUserData (D:\TaskPro\BackEnd\src\modules\admin\admin.service.js:21:80)
    at Object.updateUser (D:\TaskPro\BackEnd\src\modules\admin\admin.service.js:299:9)
    at async D:\TaskPro\BackEnd\src\modules\admin\admin.controller.js:43:16
[2026-10-01 22:42:29] ERROR: PUT /api/admin/users/99999999 - User not found 
Error: User not found
    at userError (D:\TaskPro\BackEnd\src\modules\admin\admin.service.js:5:64)
    at Object.updateUser (D:\TaskPro\BackEnd\src\modules\admin\admin.service.js:298:67)
    at async D:\TaskPro\BackEnd\src\modules\admin\admin.controller.js:43:16
[2026-10-01 22:42:29] ERROR: DELETE /api/admin/users/99999999 - User not found 
Error: User not found
    at userError (D:\TaskPro\BackEnd\src\modules\admin\admin.service.js:5:64)
    at Object.deleteUser (D:\TaskPro\BackEnd\src\modules\admin\admin.service.js:326:11)
    at async D:\TaskPro\BackEnd\src\modules\admin\admin.controller.js:48:18
[2026-10-01 22:42:29] ERROR: GET /api/enrollments/course/3/students - You can only view students in your own courses 
Error: You can only view students in your own courses
    at Object.getCourseEnrollments (D:\TaskPro\BackEnd\src\modules\learning\enrollment.service.js:168:25)
    at async D:\TaskPro\BackEnd\src\modules\learning\enrollment.controller.js:32:5
[2026-10-01 22:50:29] ERROR: POST /api/follows/request - Invalid user or request ID 
Error: Invalid user or request ID
    at networkError (D:\TaskPro\BackEnd\src\modules\community\follow.service.js:2:67)
    at validId (D:\TaskPro\BackEnd\src\modules\community\follow.service.js:4:104)
    at Object.sendFollowRequest (D:\TaskPro\BackEnd\src\modules\community\follow.service.js:13:14)
    at D:\TaskPro\BackEnd\src\modules\community\follow.controller.js:9:45
    at D:\TaskPro\BackEnd\src\utils\catchAsync.js:9:25
    at Layer.handleRequest (D:\TaskPro\BackEnd\node_modules\router\lib\layer.js:152:17)
    at next (D:\TaskPro\BackEnd\node_modules\router\lib\route.js:157:13)
    at Route.dispatch (D:\TaskPro\BackEnd\node_modules\router\lib\route.js:117:3)
    at handle (D:\TaskPro\BackEnd\node_modules\router\index.js:435:11)
    at Layer.handleRequest (D:\TaskPro\BackEnd\node_modules\router\lib\layer.js:152:17)
[2026-10-01 22:50:29] ERROR: POST /api/follows/request - Invalid user or request ID 
Error: Invalid user or request ID
    at networkError (D:\TaskPro\BackEnd\src\modules\community\follow.service.js:2:67)
    at validId (D:\TaskPro\BackEnd\src\modules\community\follow.service.js:4:104)
    at Object.sendFollowRequest (D:\TaskPro\BackEnd\src\modules\community\follow.service.js:13:14)
    at D:\TaskPro\BackEnd\src\modules\community\follow.controller.js:9:45
    at D:\TaskPro\BackEnd\src\utils\catchAsync.js:9:25
    at Layer.handleRequest (D:\TaskPro\BackEnd\node_modules\router\lib\layer.js:152:17)
    at next (D:\TaskPro\BackEnd\node_modules\router\lib\route.js:157:13)
    at Route.dispatch (D:\TaskPro\BackEnd\node_modules\router\lib\route.js:117:3)
    at handle (D:\TaskPro\BackEnd\node_modules\router\index.js:435:11)
    at Layer.handleRequest (D:\TaskPro\BackEnd\node_modules\router\lib\layer.js:152:17)
[2026-10-01 22:50:29] ERROR: POST /api/follows/request - Invalid user or request ID 
Error: Invalid user or request ID
    at networkError (D:\TaskPro\BackEnd\src\modules\community\follow.service.js:2:67)
    at validId (D:\TaskPro\BackEnd\src\modules\community\follow.service.js:4:104)
    at Object.sendFollowRequest (D:\TaskPro\BackEnd\src\modules\community\follow.service.js:13:14)
    at D:\TaskPro\BackEnd\src\modules\community\follow.controller.js:9:45
    at D:\TaskPro\BackEnd\src\utils\catchAsync.js:9:25
    at Layer.handleRequest (D:\TaskPro\BackEnd\node_modules\router\lib\layer.js:152:17)
    at next (D:\TaskPro\BackEnd\node_modules\router\lib\route.js:157:13)
    at Route.dispatch (D:\TaskPro\BackEnd\node_modules\router\lib\route.js:117:3)
    at handle (D:\TaskPro\BackEnd\node_modules\router\index.js:435:11)
    at Layer.handleRequest (D:\TaskPro\BackEnd\node_modules\router\lib\layer.js:152:17)
[2026-10-01 22:50:29] ERROR: POST /api/follows/request - Invalid user or request ID 
Error: Invalid user or request ID
    at networkError (D:\TaskPro\BackEnd\src\modules\community\follow.service.js:2:67)
    at validId (D:\TaskPro\BackEnd\src\modules\community\follow.service.js:4:104)
    at Object.sendFollowRequest (D:\TaskPro\BackEnd\src\modules\community\follow.service.js:13:14)
    at D:\TaskPro\BackEnd\src\modules\community\follow.controller.js:9:45
    at D:\TaskPro\BackEnd\src\utils\catchAsync.js:9:25
    at Layer.handleRequest (D:\TaskPro\BackEnd\node_modules\router\lib\layer.js:152:17)
    at next (D:\TaskPro\BackEnd\node_modules\router\lib\route.js:157:13)
    at Route.dispatch (D:\TaskPro\BackEnd\node_modules\router\lib\route.js:117:3)
    at handle (D:\TaskPro\BackEnd\node_modules\router\index.js:435:11)
    at Layer.handleRequest (D:\TaskPro\BackEnd\node_modules\router\lib\layer.js:152:17)
[2026-10-01 22:50:29] ERROR: POST /api/follows/request - Invalid user or request ID 
Error: Invalid user or request ID
    at networkError (D:\TaskPro\BackEnd\src\modules\community\follow.service.js:2:67)
    at validId (D:\TaskPro\BackEnd\src\modules\community\follow.service.js:4:104)
    at Object.sendFollowRequest (D:\TaskPro\BackEnd\src\modules\community\follow.service.js:13:14)
    at D:\TaskPro\BackEnd\src\modules\community\follow.controller.js:9:45
    at D:\TaskPro\BackEnd\src\utils\catchAsync.js:9:25
    at Layer.handleRequest (D:\TaskPro\BackEnd\node_modules\router\lib\layer.js:152:17)
    at next (D:\TaskPro\BackEnd\node_modules\router\lib\route.js:157:13)
    at Route.dispatch (D:\TaskPro\BackEnd\node_modules\router\lib\route.js:117:3)
    at handle (D:\TaskPro\BackEnd\node_modules\router\index.js:435:11)
    at Layer.handleRequest (D:\TaskPro\BackEnd\node_modules\router\lib\layer.js:152:17)
[2026-10-01 22:50:29] ERROR: POST /api/follows/request - Invalid user or request ID 
Error: Invalid user or request ID
    at networkError (D:\TaskPro\BackEnd\src\modules\community\follow.service.js:2:67)
    at validId (D:\TaskPro\BackEnd\src\modules\community\follow.service.js:4:104)
    at Object.sendFollowRequest (D:\TaskPro\BackEnd\src\modules\community\follow.service.js:13:14)
    at D:\TaskPro\BackEnd\src\modules\community\follow.controller.js:9:45
    at D:\TaskPro\BackEnd\src\utils\catchAsync.js:9:25
    at Layer.handleRequest (D:\TaskPro\BackEnd\node_modules\router\lib\layer.js:152:17)
    at next (D:\TaskPro\BackEnd\node_modules\router\lib\route.js:157:13)
    at Route.dispatch (D:\TaskPro\BackEnd\node_modules\router\lib\route.js:117:3)
    at handle (D:\TaskPro\BackEnd\node_modules\router\index.js:435:11)
    at Layer.handleRequest (D:\TaskPro\BackEnd\node_modules\router\lib\layer.js:152:17)
[2026-10-01 22:50:29] ERROR: POST /api/follows/request - You cannot follow yourself 
Error: You cannot follow yourself
    at networkError (D:\TaskPro\BackEnd\src\modules\community\follow.service.js:2:67)
    at Object.sendFollowRequest (D:\TaskPro\BackEnd\src\modules\community\follow.service.js:16:11)
    at async D:\TaskPro\BackEnd\src\modules\community\follow.controller.js:9:25
[2026-10-01 22:50:29] ERROR: POST /api/follows/request - Target user not found 
Error: Target user not found
    at networkError (D:\TaskPro\BackEnd\src\modules\community\follow.service.js:2:67)
    at activeTarget (D:\TaskPro\BackEnd\src\modules\community\follow.service.js:9:38)
    at async Object.sendFollowRequest (D:\TaskPro\BackEnd\src\modules\community\follow.service.js:14:3)
    at async D:\TaskPro\BackEnd\src\modules\community\follow.controller.js:9:25
[2026-10-01 22:50:30] ERROR: POST /api/follows/request - Follow request already pending 
Error: Follow request already pending
    at networkError (D:\TaskPro\BackEnd\src\modules\community\follow.service.js:2:67)
    at Object.sendFollowRequest (D:\TaskPro\BackEnd\src\modules\community\follow.service.js:45:13)
    at async D:\TaskPro\BackEnd\src\modules\community\follow.controller.js:9:25
[2026-10-01 22:50:30] ERROR: PUT /api/follows/request/1 - Not authorized to respond to this request 
Error: Not authorized to respond to this request
    at networkError (D:\TaskPro\BackEnd\src\modules\community\follow.service.js:2:67)
    at Object.respondToRequest (D:\TaskPro\BackEnd\src\modules\community\follow.service.js:97:11)
    at async D:\TaskPro\BackEnd\src\modules\community\follow.controller.js:27:18
[2026-10-01 22:50:30] ERROR: PUT /api/follows/request/1 - Invalid status 
Error: Invalid status
    at networkError (D:\TaskPro\BackEnd\src\modules\community\follow.service.js:2:67)
    at Object.respondToRequest (D:\TaskPro\BackEnd\src\modules\community\follow.service.js:85:11)
    at D:\TaskPro\BackEnd\src\modules\community\follow.controller.js:27:38
    at D:\TaskPro\BackEnd\src\utils\catchAsync.js:9:25
    at Layer.handleRequest (D:\TaskPro\BackEnd\node_modules\router\lib\layer.js:152:17)
    at next (D:\TaskPro\BackEnd\node_modules\router\lib\route.js:157:13)
    at Route.dispatch (D:\TaskPro\BackEnd\node_modules\router\lib\route.js:117:3)
    at handle (D:\TaskPro\BackEnd\node_modules\router\index.js:435:11)
    at Layer.handleRequest (D:\TaskPro\BackEnd\node_modules\router\lib\layer.js:152:17)
    at D:\TaskPro\BackEnd\node_modules\router\index.js:295:15
[2026-10-01 22:50:30] ERROR: PUT /api/follows/request/abc - Invalid user or request ID 
Error: Invalid user or request ID
    at networkError (D:\TaskPro\BackEnd\src\modules\community\follow.service.js:2:67)
    at validId (D:\TaskPro\BackEnd\src\modules\community\follow.service.js:4:104)
    at Object.respondToRequest (D:\TaskPro\BackEnd\src\modules\community\follow.service.js:83:15)
    at D:\TaskPro\BackEnd\src\modules\community\follow.controller.js:27:38
    at D:\TaskPro\BackEnd\src\utils\catchAsync.js:9:25
    at Layer.handleRequest (D:\TaskPro\BackEnd\node_modules\router\lib\layer.js:152:17)
    at next (D:\TaskPro\BackEnd\node_modules\router\lib\route.js:157:13)
    at Route.dispatch (D:\TaskPro\BackEnd\node_modules\router\lib\route.js:117:3)
    at handle (D:\TaskPro\BackEnd\node_modules\router\index.js:435:11)
    at Layer.handleRequest (D:\TaskPro\BackEnd\node_modules\router\lib\layer.js:152:17)
[2026-10-01 22:50:30] ERROR: PUT /api/follows/request/99999999 - Follow request not found 
Error: Follow request not found
    at networkError (D:\TaskPro\BackEnd\src\modules\community\follow.service.js:2:67)
    at Object.respondToRequest (D:\TaskPro\BackEnd\src\modules\community\follow.service.js:93:11)
    at async D:\TaskPro\BackEnd\src\modules\community\follow.controller.js:27:18
[2026-10-01 22:50:30] ERROR: PUT /api/follows/request/1 - Request has already been reviewed 
Error: Request has already been reviewed
    at networkError (D:\TaskPro\BackEnd\src\modules\community\follow.service.js:2:67)
    at Object.respondToRequest (D:\TaskPro\BackEnd\src\modules\community\follow.service.js:100:43)
    at async D:\TaskPro\BackEnd\src\modules\community\follow.controller.js:27:18
[2026-10-01 22:50:30] ERROR: PUT /api/follows/request/1 - Request has already been reviewed 
Error: Request has already been reviewed
    at networkError (D:\TaskPro\BackEnd\src\modules\community\follow.service.js:2:67)
    at Object.respondToRequest (D:\TaskPro\BackEnd\src\modules\community\follow.service.js:100:43)
    at async D:\TaskPro\BackEnd\src\modules\community\follow.controller.js:27:18
[2026-10-01 22:50:30] ERROR: POST /api/follows/request - You are already following this user 
Error: You are already following this user
    at networkError (D:\TaskPro\BackEnd\src\modules\community\follow.service.js:2:67)
    at Object.sendFollowRequest (D:\TaskPro\BackEnd\src\modules\community\follow.service.js:30:11)
    at async D:\TaskPro\BackEnd\src\modules\community\follow.controller.js:9:25
[2026-10-01 22:50:30] ERROR: DELETE /api/follows/request/2 - Not authorized to cancel this request 
Error: Not authorized to cancel this request
    at networkError (D:\TaskPro\BackEnd\src\modules\community\follow.service.js:2:67)
    at Object.cancelRequest (D:\TaskPro\BackEnd\src\modules\community\follow.service.js:207:45)
    at async D:\TaskPro\BackEnd\src\modules\community\follow.routes.js:25:75
[2026-10-01 22:50:30] ERROR: DELETE /api/follows/request/2 - Not authorized to cancel this request 
Error: Not authorized to cancel this request
    at networkError (D:\TaskPro\BackEnd\src\modules\community\follow.service.js:2:67)
    at Object.cancelRequest (D:\TaskPro\BackEnd\src\modules\community\follow.service.js:207:45)
    at async D:\TaskPro\BackEnd\src\modules\community\follow.routes.js:25:75
[2026-10-01 22:50:30] ERROR: DELETE /api/follows/request/2 - Follow request not found 
Error: Follow request not found
    at networkError (D:\TaskPro\BackEnd\src\modules\community\follow.service.js:2:67)
    at Object.cancelRequest (D:\TaskPro\BackEnd\src\modules\community\follow.service.js:206:23)
    at async D:\TaskPro\BackEnd\src\modules\community\follow.routes.js:25:75
[2026-10-01 22:50:30] ERROR: DELETE /api/follows/request/3 - Only pending requests can be cancelled 
Error: Only pending requests can be cancelled
    at networkError (D:\TaskPro\BackEnd\src\modules\community\follow.service.js:2:67)
    at Object.cancelRequest (D:\TaskPro\BackEnd\src\modules\community\follow.service.js:208:43)
    at async D:\TaskPro\BackEnd\src\modules\community\follow.routes.js:25:75
[2026-10-01 22:50:30] ERROR: DELETE /api/follows/following/abc - Invalid user or request ID 
Error: Invalid user or request ID
    at networkError (D:\TaskPro\BackEnd\src\modules\community\follow.service.js:2:67)
    at validId (D:\TaskPro\BackEnd\src\modules\community\follow.service.js:4:104)
    at Object.removeConnection (D:\TaskPro\BackEnd\src\modules\community\follow.service.js:193:14)
    at D:\TaskPro\BackEnd\src\modules\community\follow.routes.js:27:102
    at D:\TaskPro\BackEnd\src\utils\catchAsync.js:9:25
    at Layer.handleRequest (D:\TaskPro\BackEnd\node_modules\router\lib\layer.js:152:17)
    at next (D:\TaskPro\BackEnd\node_modules\router\lib\route.js:157:13)
    at Route.dispatch (D:\TaskPro\BackEnd\node_modules\router\lib\route.js:117:3)
    at handle (D:\TaskPro\BackEnd\node_modules\router\index.js:435:11)
    at Layer.handleRequest (D:\TaskPro\BackEnd\node_modules\router\lib\layer.js:152:17)
[2026-10-01 22:50:30] ERROR: POST /api/follows/toggle - Invalid user or request ID 
Error: Invalid user or request ID
    at networkError (D:\TaskPro\BackEnd\src\modules\community\follow.service.js:2:67)
    at validId (D:\TaskPro\BackEnd\src\modules\community\follow.service.js:4:104)
    at Object.toggleFollow (D:\TaskPro\BackEnd\src\modules\community\follow.service.js:148:14)
    at D:\TaskPro\BackEnd\src\modules\community\follow.controller.js:51:38
    at D:\TaskPro\BackEnd\src\utils\catchAsync.js:9:25
    at Layer.handleRequest (D:\TaskPro\BackEnd\node_modules\router\lib\layer.js:152:17)
    at next (D:\TaskPro\BackEnd\node_modules\router\lib\route.js:157:13)
    at Route.dispatch (D:\TaskPro\BackEnd\node_modules\router\lib\route.js:117:3)
    at handle (D:\TaskPro\BackEnd\node_modules\router\index.js:435:11)
    at Layer.handleRequest (D:\TaskPro\BackEnd\node_modules\router\lib\layer.js:152:17)
[2026-10-01 22:50:30] ERROR: POST /api/follows/toggle - You cannot follow yourself 
Error: You cannot follow yourself
    at networkError (D:\TaskPro\BackEnd\src\modules\community\follow.service.js:2:67)
    at Object.toggleFollow (D:\TaskPro\BackEnd\src\modules\community\follow.service.js:150:11)
    at D:\TaskPro\BackEnd\src\modules\community\follow.controller.js:51:38
    at D:\TaskPro\BackEnd\src\utils\catchAsync.js:9:25
    at Layer.handleRequest (D:\TaskPro\BackEnd\node_modules\router\lib\layer.js:152:17)
    at next (D:\TaskPro\BackEnd\node_modules\router\lib\route.js:157:13)
    at Route.dispatch (D:\TaskPro\BackEnd\node_modules\router\lib\route.js:117:3)
    at handle (D:\TaskPro\BackEnd\node_modules\router\index.js:435:11)
    at Layer.handleRequest (D:\TaskPro\BackEnd\node_modules\router\lib\layer.js:152:17)
    at D:\TaskPro\BackEnd\node_modules\router\index.js:295:15
[2026-10-01 22:50:30] ERROR: POST /api/follows/request - Target user not found 
Error: Target user not found
    at networkError (D:\TaskPro\BackEnd\src\modules\community\follow.service.js:2:67)
    at activeTarget (D:\TaskPro\BackEnd\src\modules\community\follow.service.js:9:38)
    at async Object.sendFollowRequest (D:\TaskPro\BackEnd\src\modules\community\follow.service.js:14:3)
    at async D:\TaskPro\BackEnd\src\modules\community\follow.controller.js:9:25
[2026-10-01 22:50:30] ERROR: POST /api/follows/toggle - Target user not found 
Error: Target user not found
    at networkError (D:\TaskPro\BackEnd\src\modules\community\follow.service.js:2:67)
    at Object.toggleFollow (D:\TaskPro\BackEnd\src\modules\community\follow.service.js:157:50)
    at async D:\TaskPro\BackEnd\src\modules\community\follow.controller.js:51:18
[2026-10-01 22:54:17] ERROR: POST /api/follows/request - Invalid user or request ID 
Error: Invalid user or request ID
    at networkError (D:\TaskPro\BackEnd\src\modules\community\follow.service.js:2:67)
    at validId (D:\TaskPro\BackEnd\src\modules\community\follow.service.js:4:134)
    at Object.sendFollowRequest (D:\TaskPro\BackEnd\src\modules\community\follow.service.js:13:14)
    at D:\TaskPro\BackEnd\src\modules\community\follow.controller.js:9:45
    at D:\TaskPro\BackEnd\src\utils\catchAsync.js:9:25
    at Layer.handleRequest (D:\TaskPro\BackEnd\node_modules\router\lib\layer.js:152:17)
    at next (D:\TaskPro\BackEnd\node_modules\router\lib\route.js:157:13)
    at Route.dispatch (D:\TaskPro\BackEnd\node_modules\router\lib\route.js:117:3)
    at handle (D:\TaskPro\BackEnd\node_modules\router\index.js:435:11)
    at Layer.handleRequest (D:\TaskPro\BackEnd\node_modules\router\lib\layer.js:152:17)
[2026-10-01 22:54:17] ERROR: POST /api/follows/request - Invalid user or request ID 
Error: Invalid user or request ID
    at networkError (D:\TaskPro\BackEnd\src\modules\community\follow.service.js:2:67)
    at validId (D:\TaskPro\BackEnd\src\modules\community\follow.service.js:4:134)
    at Object.sendFollowRequest (D:\TaskPro\BackEnd\src\modules\community\follow.service.js:13:14)
    at D:\TaskPro\BackEnd\src\modules\community\follow.controller.js:9:45
    at D:\TaskPro\BackEnd\src\utils\catchAsync.js:9:25
    at Layer.handleRequest (D:\TaskPro\BackEnd\node_modules\router\lib\layer.js:152:17)
    at next (D:\TaskPro\BackEnd\node_modules\router\lib\route.js:157:13)
    at Route.dispatch (D:\TaskPro\BackEnd\node_modules\router\lib\route.js:117:3)
    at handle (D:\TaskPro\BackEnd\node_modules\router\index.js:435:11)
    at Layer.handleRequest (D:\TaskPro\BackEnd\node_modules\router\lib\layer.js:152:17)
[2026-10-01 22:54:17] ERROR: POST /api/follows/request - Invalid user or request ID 
Error: Invalid user or request ID
    at networkError (D:\TaskPro\BackEnd\src\modules\community\follow.service.js:2:67)
    at validId (D:\TaskPro\BackEnd\src\modules\community\follow.service.js:4:134)
    at Object.sendFollowRequest (D:\TaskPro\BackEnd\src\modules\community\follow.service.js:13:14)
    at D:\TaskPro\BackEnd\src\modules\community\follow.controller.js:9:45
    at D:\TaskPro\BackEnd\src\utils\catchAsync.js:9:25
    at Layer.handleRequest (D:\TaskPro\BackEnd\node_modules\router\lib\layer.js:152:17)
    at next (D:\TaskPro\BackEnd\node_modules\router\lib\route.js:157:13)
    at Route.dispatch (D:\TaskPro\BackEnd\node_modules\router\lib\route.js:117:3)
    at handle (D:\TaskPro\BackEnd\node_modules\router\index.js:435:11)
    at Layer.handleRequest (D:\TaskPro\BackEnd\node_modules\router\lib\layer.js:152:17)
[2026-10-01 22:54:17] ERROR: POST /api/follows/request - Invalid user or request ID 
Error: Invalid user or request ID
    at networkError (D:\TaskPro\BackEnd\src\modules\community\follow.service.js:2:67)
    at validId (D:\TaskPro\BackEnd\src\modules\community\follow.service.js:4:134)
    at Object.sendFollowRequest (D:\TaskPro\BackEnd\src\modules\community\follow.service.js:13:14)
    at D:\TaskPro\BackEnd\src\modules\community\follow.controller.js:9:45
    at D:\TaskPro\BackEnd\src\utils\catchAsync.js:9:25
    at Layer.handleRequest (D:\TaskPro\BackEnd\node_modules\router\lib\layer.js:152:17)
    at next (D:\TaskPro\BackEnd\node_modules\router\lib\route.js:157:13)
    at Route.dispatch (D:\TaskPro\BackEnd\node_modules\router\lib\route.js:117:3)
    at handle (D:\TaskPro\BackEnd\node_modules\router\index.js:435:11)
    at Layer.handleRequest (D:\TaskPro\BackEnd\node_modules\router\lib\layer.js:152:17)
[2026-10-01 22:54:17] ERROR: POST /api/follows/request - Invalid user or request ID 
Error: Invalid user or request ID
    at networkError (D:\TaskPro\BackEnd\src\modules\community\follow.service.js:2:67)
    at validId (D:\TaskPro\BackEnd\src\modules\community\follow.service.js:4:134)
    at Object.sendFollowRequest (D:\TaskPro\BackEnd\src\modules\community\follow.service.js:13:14)
    at D:\TaskPro\BackEnd\src\modules\community\follow.controller.js:9:45
    at D:\TaskPro\BackEnd\src\utils\catchAsync.js:9:25
    at Layer.handleRequest (D:\TaskPro\BackEnd\node_modules\router\lib\layer.js:152:17)
    at next (D:\TaskPro\BackEnd\node_modules\router\lib\route.js:157:13)
    at Route.dispatch (D:\TaskPro\BackEnd\node_modules\router\lib\route.js:117:3)
    at handle (D:\TaskPro\BackEnd\node_modules\router\index.js:435:11)
    at Layer.handleRequest (D:\TaskPro\BackEnd\node_modules\router\lib\layer.js:152:17)
[2026-10-01 22:54:17] ERROR: POST /api/follows/request - Invalid user or request ID 
Error: Invalid user or request ID
    at networkError (D:\TaskPro\BackEnd\src\modules\community\follow.service.js:2:67)
    at validId (D:\TaskPro\BackEnd\src\modules\community\follow.service.js:4:134)
    at Object.sendFollowRequest (D:\TaskPro\BackEnd\src\modules\community\follow.service.js:13:14)
    at D:\TaskPro\BackEnd\src\modules\community\follow.controller.js:9:45
    at D:\TaskPro\BackEnd\src\utils\catchAsync.js:9:25
    at Layer.handleRequest (D:\TaskPro\BackEnd\node_modules\router\lib\layer.js:152:17)
    at next (D:\TaskPro\BackEnd\node_modules\router\lib\route.js:157:13)
    at Route.dispatch (D:\TaskPro\BackEnd\node_modules\router\lib\route.js:117:3)
    at handle (D:\TaskPro\BackEnd\node_modules\router\index.js:435:11)
    at Layer.handleRequest (D:\TaskPro\BackEnd\node_modules\router\lib\layer.js:152:17)
[2026-10-01 22:54:17] ERROR: POST /api/follows/request - Invalid user or request ID 
Error: Invalid user or request ID
    at networkError (D:\TaskPro\BackEnd\src\modules\community\follow.service.js:2:67)
    at validId (D:\TaskPro\BackEnd\src\modules\community\follow.service.js:4:134)
    at Object.sendFollowRequest (D:\TaskPro\BackEnd\src\modules\community\follow.service.js:13:14)
    at D:\TaskPro\BackEnd\src\modules\community\follow.controller.js:9:45
    at D:\TaskPro\BackEnd\src\utils\catchAsync.js:9:25
    at Layer.handleRequest (D:\TaskPro\BackEnd\node_modules\router\lib\layer.js:152:17)
    at next (D:\TaskPro\BackEnd\node_modules\router\lib\route.js:157:13)
    at Route.dispatch (D:\TaskPro\BackEnd\node_modules\router\lib\route.js:117:3)
    at handle (D:\TaskPro\BackEnd\node_modules\router\index.js:435:11)
    at Layer.handleRequest (D:\TaskPro\BackEnd\node_modules\router\lib\layer.js:152:17)
[2026-10-01 22:54:17] ERROR: POST /api/follows/request - You cannot follow yourself 
Error: You cannot follow yourself
    at networkError (D:\TaskPro\BackEnd\src\modules\community\follow.service.js:2:67)
    at Object.sendFollowRequest (D:\TaskPro\BackEnd\src\modules\community\follow.service.js:16:11)
    at async D:\TaskPro\BackEnd\src\modules\community\follow.controller.js:9:25
[2026-10-01 22:54:17] ERROR: POST /api/follows/request - Target user not found 
Error: Target user not found
    at networkError (D:\TaskPro\BackEnd\src\modules\community\follow.service.js:2:67)
    at activeTarget (D:\TaskPro\BackEnd\src\modules\community\follow.service.js:9:38)
    at async Object.sendFollowRequest (D:\TaskPro\BackEnd\src\modules\community\follow.service.js:14:3)
    at async D:\TaskPro\BackEnd\src\modules\community\follow.controller.js:9:25
[2026-10-01 22:54:17] ERROR: POST /api/follows/request - Follow request already pending 
Error: Follow request already pending
    at networkError (D:\TaskPro\BackEnd\src\modules\community\follow.service.js:2:67)
    at Object.sendFollowRequest (D:\TaskPro\BackEnd\src\modules\community\follow.service.js:45:13)
    at async D:\TaskPro\BackEnd\src\modules\community\follow.controller.js:9:25
[2026-10-01 22:54:17] ERROR: PUT /api/follows/request/8 - Not authorized to respond to this request 
Error: Not authorized to respond to this request
    at networkError (D:\TaskPro\BackEnd\src\modules\community\follow.service.js:2:67)
    at Object.respondToRequest (D:\TaskPro\BackEnd\src\modules\community\follow.service.js:98:11)
    at async D:\TaskPro\BackEnd\src\modules\community\follow.controller.js:27:18
[2026-10-01 22:54:17] ERROR: PUT /api/follows/request/8 - Invalid status 
Error: Invalid status
    at networkError (D:\TaskPro\BackEnd\src\modules\community\follow.service.js:2:67)
    at Object.respondToRequest (D:\TaskPro\BackEnd\src\modules\community\follow.service.js:86:11)
    at D:\TaskPro\BackEnd\src\modules\community\follow.controller.js:27:38
    at D:\TaskPro\BackEnd\src\utils\catchAsync.js:9:25
    at Layer.handleRequest (D:\TaskPro\BackEnd\node_modules\router\lib\layer.js:152:17)
    at next (D:\TaskPro\BackEnd\node_modules\router\lib\route.js:157:13)
    at Route.dispatch (D:\TaskPro\BackEnd\node_modules\router\lib\route.js:117:3)
    at handle (D:\TaskPro\BackEnd\node_modules\router\index.js:435:11)
    at Layer.handleRequest (D:\TaskPro\BackEnd\node_modules\router\lib\layer.js:152:17)
    at D:\TaskPro\BackEnd\node_modules\router\index.js:295:15
[2026-10-01 22:54:17] ERROR: PUT /api/follows/request/abc - Invalid user or request ID 
Error: Invalid user or request ID
    at networkError (D:\TaskPro\BackEnd\src\modules\community\follow.service.js:2:67)
    at validId (D:\TaskPro\BackEnd\src\modules\community\follow.service.js:4:134)
    at Object.respondToRequest (D:\TaskPro\BackEnd\src\modules\community\follow.service.js:84:15)
    at D:\TaskPro\BackEnd\src\modules\community\follow.controller.js:27:38
    at D:\TaskPro\BackEnd\src\utils\catchAsync.js:9:25
    at Layer.handleRequest (D:\TaskPro\BackEnd\node_modules\router\lib\layer.js:152:17)
    at next (D:\TaskPro\BackEnd\node_modules\router\lib\route.js:157:13)
    at Route.dispatch (D:\TaskPro\BackEnd\node_modules\router\lib\route.js:117:3)
    at handle (D:\TaskPro\BackEnd\node_modules\router\index.js:435:11)
    at Layer.handleRequest (D:\TaskPro\BackEnd\node_modules\router\lib\layer.js:152:17)
[2026-10-01 22:54:17] ERROR: PUT /api/follows/request/99999999 - Follow request not found 
Error: Follow request not found
    at networkError (D:\TaskPro\BackEnd\src\modules\community\follow.service.js:2:67)
    at Object.respondToRequest (D:\TaskPro\BackEnd\src\modules\community\follow.service.js:94:11)
    at async D:\TaskPro\BackEnd\src\modules\community\follow.controller.js:27:18
[2026-10-01 22:54:17] ERROR: PUT /api/follows/request/8 - Request has already been reviewed 
Error: Request has already been reviewed
    at networkError (D:\TaskPro\BackEnd\src\modules\community\follow.service.js:2:67)
    at Object.respondToRequest (D:\TaskPro\BackEnd\src\modules\community\follow.service.js:101:43)
    at async D:\TaskPro\BackEnd\src\modules\community\follow.controller.js:27:18
[2026-10-01 22:54:17] ERROR: PUT /api/follows/request/8 - Request has already been reviewed 
Error: Request has already been reviewed
    at networkError (D:\TaskPro\BackEnd\src\modules\community\follow.service.js:2:67)
    at Object.respondToRequest (D:\TaskPro\BackEnd\src\modules\community\follow.service.js:101:43)
    at async D:\TaskPro\BackEnd\src\modules\community\follow.controller.js:27:18
[2026-10-01 22:54:17] ERROR: POST /api/follows/request - You are already following this user 
Error: You are already following this user
    at networkError (D:\TaskPro\BackEnd\src\modules\community\follow.service.js:2:67)
    at Object.sendFollowRequest (D:\TaskPro\BackEnd\src\modules\community\follow.service.js:30:11)
    at async D:\TaskPro\BackEnd\src\modules\community\follow.controller.js:9:25
[2026-10-01 22:54:17] ERROR: DELETE /api/follows/request/9 - Not authorized to cancel this request 
Error: Not authorized to cancel this request
    at networkError (D:\TaskPro\BackEnd\src\modules\community\follow.service.js:2:67)
    at Object.cancelRequest (D:\TaskPro\BackEnd\src\modules\community\follow.service.js:209:45)
    at async D:\TaskPro\BackEnd\src\modules\community\follow.routes.js:25:75
[2026-10-01 22:54:17] ERROR: DELETE /api/follows/request/9 - Not authorized to cancel this request 
Error: Not authorized to cancel this request
    at networkError (D:\TaskPro\BackEnd\src\modules\community\follow.service.js:2:67)
    at Object.cancelRequest (D:\TaskPro\BackEnd\src\modules\community\follow.service.js:209:45)
    at async D:\TaskPro\BackEnd\src\modules\community\follow.routes.js:25:75
[2026-10-01 22:54:17] ERROR: DELETE /api/follows/request/9 - Follow request not found 
Error: Follow request not found
    at networkError (D:\TaskPro\BackEnd\src\modules\community\follow.service.js:2:67)
    at Object.cancelRequest (D:\TaskPro\BackEnd\src\modules\community\follow.service.js:208:23)
    at async D:\TaskPro\BackEnd\src\modules\community\follow.routes.js:25:75
[2026-10-01 22:54:18] ERROR: DELETE /api/follows/request/10 - Only pending requests can be cancelled 
Error: Only pending requests can be cancelled
    at networkError (D:\TaskPro\BackEnd\src\modules\community\follow.service.js:2:67)
    at Object.cancelRequest (D:\TaskPro\BackEnd\src\modules\community\follow.service.js:210:43)
    at async D:\TaskPro\BackEnd\src\modules\community\follow.routes.js:25:75
[2026-10-01 22:54:18] ERROR: DELETE /api/follows/following/abc - Invalid user or request ID 
Error: Invalid user or request ID
    at networkError (D:\TaskPro\BackEnd\src\modules\community\follow.service.js:2:67)
    at validId (D:\TaskPro\BackEnd\src\modules\community\follow.service.js:4:134)
    at Object.removeConnection (D:\TaskPro\BackEnd\src\modules\community\follow.service.js:195:14)
    at D:\TaskPro\BackEnd\src\modules\community\follow.routes.js:27:102
    at D:\TaskPro\BackEnd\src\utils\catchAsync.js:9:25
    at Layer.handleRequest (D:\TaskPro\BackEnd\node_modules\router\lib\layer.js:152:17)
    at next (D:\TaskPro\BackEnd\node_modules\router\lib\route.js:157:13)
    at Route.dispatch (D:\TaskPro\BackEnd\node_modules\router\lib\route.js:117:3)
    at handle (D:\TaskPro\BackEnd\node_modules\router\index.js:435:11)
    at Layer.handleRequest (D:\TaskPro\BackEnd\node_modules\router\lib\layer.js:152:17)
[2026-10-01 22:54:18] ERROR: PUT /api/follows/request/11 - Request has already been reviewed 
Error: Request has already been reviewed
    at networkError (D:\TaskPro\BackEnd\src\modules\community\follow.service.js:2:67)
    at Object.respondToRequest (D:\TaskPro\BackEnd\src\modules\community\follow.service.js:101:43)
    at async D:\TaskPro\BackEnd\src\modules\community\follow.controller.js:27:18
[2026-10-01 22:54:18] ERROR: POST /api/follows/toggle - Invalid user or request ID 
Error: Invalid user or request ID
    at networkError (D:\TaskPro\BackEnd\src\modules\community\follow.service.js:2:67)
    at validId (D:\TaskPro\BackEnd\src\modules\community\follow.service.js:4:134)
    at Object.toggleFollow (D:\TaskPro\BackEnd\src\modules\community\follow.service.js:149:14)
    at D:\TaskPro\BackEnd\src\modules\community\follow.controller.js:51:38
    at D:\TaskPro\BackEnd\src\utils\catchAsync.js:9:25
    at Layer.handleRequest (D:\TaskPro\BackEnd\node_modules\router\lib\layer.js:152:17)
    at next (D:\TaskPro\BackEnd\node_modules\router\lib\route.js:157:13)
    at Route.dispatch (D:\TaskPro\BackEnd\node_modules\router\lib\route.js:117:3)
    at handle (D:\TaskPro\BackEnd\node_modules\router\index.js:435:11)
    at Layer.handleRequest (D:\TaskPro\BackEnd\node_modules\router\lib\layer.js:152:17)
[2026-10-01 22:54:18] ERROR: POST /api/follows/toggle - You cannot follow yourself 
Error: You cannot follow yourself
    at networkError (D:\TaskPro\BackEnd\src\modules\community\follow.service.js:2:67)
    at Object.toggleFollow (D:\TaskPro\BackEnd\src\modules\community\follow.service.js:151:11)
    at D:\TaskPro\BackEnd\src\modules\community\follow.controller.js:51:38
    at D:\TaskPro\BackEnd\src\utils\catchAsync.js:9:25
    at Layer.handleRequest (D:\TaskPro\BackEnd\node_modules\router\lib\layer.js:152:17)
    at next (D:\TaskPro\BackEnd\node_modules\router\lib\route.js:157:13)
    at Route.dispatch (D:\TaskPro\BackEnd\node_modules\router\lib\route.js:117:3)
    at handle (D:\TaskPro\BackEnd\node_modules\router\index.js:435:11)
    at Layer.handleRequest (D:\TaskPro\BackEnd\node_modules\router\lib\layer.js:152:17)
    at D:\TaskPro\BackEnd\node_modules\router\index.js:295:15
[2026-10-01 22:54:18] ERROR: POST /api/follows/request - Target user not found 
Error: Target user not found
    at networkError (D:\TaskPro\BackEnd\src\modules\community\follow.service.js:2:67)
    at activeTarget (D:\TaskPro\BackEnd\src\modules\community\follow.service.js:9:38)
    at async Object.sendFollowRequest (D:\TaskPro\BackEnd\src\modules\community\follow.service.js:14:3)
    at async D:\TaskPro\BackEnd\src\modules\community\follow.controller.js:9:25
[2026-10-01 22:54:18] ERROR: POST /api/follows/toggle - Target user not found 
Error: Target user not found
    at networkError (D:\TaskPro\BackEnd\src\modules\community\follow.service.js:2:67)
    at Object.toggleFollow (D:\TaskPro\BackEnd\src\modules\community\follow.service.js:158:50)
    at async D:\TaskPro\BackEnd\src\modules\community\follow.controller.js:51:18
[2026-10-01 23:02:13] ERROR: POST /api/chat - Invalid ID 
Error: Invalid ID
    at id (D:\TaskPro\BackEnd\src\modules\community\validation.js:6:11)
    at Object.getOrCreateConversation (D:\TaskPro\BackEnd\src\modules\community\chat.service.js:72:18)
    at D:\TaskPro\BackEnd\src\modules\community\chat.controller.js:19:42
    at D:\TaskPro\BackEnd\src\utils\catchAsync.js:9:25
    at Layer.handleRequest (D:\TaskPro\BackEnd\node_modules\router\lib\layer.js:152:17)
    at next (D:\TaskPro\BackEnd\node_modules\router\lib\route.js:157:13)
    at Route.dispatch (D:\TaskPro\BackEnd\node_modules\router\lib\route.js:117:3)
    at handle (D:\TaskPro\BackEnd\node_modules\router\index.js:435:11)
    at Layer.handleRequest (D:\TaskPro\BackEnd\node_modules\router\lib\layer.js:152:17)
    at D:\TaskPro\BackEnd\node_modules\router\index.js:295:15
[2026-10-01 23:02:13] ERROR: POST /api/chat - Invalid ID 
Error: Invalid ID
    at id (D:\TaskPro\BackEnd\src\modules\community\validation.js:6:11)
    at validateIds (D:\TaskPro\BackEnd\src\modules\community\validation.js:17:68)
    at Layer.handleRequest (D:\TaskPro\BackEnd\node_modules\router\lib\layer.js:152:17)
    at trimPrefix (D:\TaskPro\BackEnd\node_modules\router\index.js:342:13)
    at D:\TaskPro\BackEnd\node_modules\router\index.js:297:9
    at processParams (D:\TaskPro\BackEnd\node_modules\router\index.js:582:12)
    at next (D:\TaskPro\BackEnd\node_modules\router\index.js:291:5)
    at authenticate (D:\TaskPro\BackEnd\src\middlewares\authMiddleware.js:44:5)
[2026-10-01 23:02:13] ERROR: POST /api/chat - Invalid ID 
Error: Invalid ID
    at id (D:\TaskPro\BackEnd\src\modules\community\validation.js:6:11)
    at validateIds (D:\TaskPro\BackEnd\src\modules\community\validation.js:17:68)
    at Layer.handleRequest (D:\TaskPro\BackEnd\node_modules\router\lib\layer.js:152:17)
    at trimPrefix (D:\TaskPro\BackEnd\node_modules\router\index.js:342:13)
    at D:\TaskPro\BackEnd\node_modules\router\index.js:297:9
    at processParams (D:\TaskPro\BackEnd\node_modules\router\index.js:582:12)
    at next (D:\TaskPro\BackEnd\node_modules\router\index.js:291:5)
    at authenticate (D:\TaskPro\BackEnd\src\middlewares\authMiddleware.js:44:5)
[2026-10-01 23:02:13] ERROR: POST /api/chat - Invalid ID 
Error: Invalid ID
    at id (D:\TaskPro\BackEnd\src\modules\community\validation.js:6:11)
    at validateIds (D:\TaskPro\BackEnd\src\modules\community\validation.js:17:68)
    at Layer.handleRequest (D:\TaskPro\BackEnd\node_modules\router\lib\layer.js:152:17)
    at trimPrefix (D:\TaskPro\BackEnd\node_modules\router\index.js:342:13)
    at D:\TaskPro\BackEnd\node_modules\router\index.js:297:9
    at processParams (D:\TaskPro\BackEnd\node_modules\router\index.js:582:12)
    at next (D:\TaskPro\BackEnd\node_modules\router\index.js:291:5)
    at authenticate (D:\TaskPro\BackEnd\src\middlewares\authMiddleware.js:44:5)
[2026-10-01 23:02:13] ERROR: POST /api/chat - Invalid ID 
Error: Invalid ID
    at id (D:\TaskPro\BackEnd\src\modules\community\validation.js:6:11)
    at validateIds (D:\TaskPro\BackEnd\src\modules\community\validation.js:17:68)
    at Layer.handleRequest (D:\TaskPro\BackEnd\node_modules\router\lib\layer.js:152:17)
    at trimPrefix (D:\TaskPro\BackEnd\node_modules\router\index.js:342:13)
    at D:\TaskPro\BackEnd\node_modules\router\index.js:297:9
    at processParams (D:\TaskPro\BackEnd\node_modules\router\index.js:582:12)
    at next (D:\TaskPro\BackEnd\node_modules\router\index.js:291:5)
    at authenticate (D:\TaskPro\BackEnd\src\middlewares\authMiddleware.js:44:5)
[2026-10-01 23:02:13] ERROR: POST /api/chat - Invalid ID 
Error: Invalid ID
    at id (D:\TaskPro\BackEnd\src\modules\community\validation.js:6:11)
    at validateIds (D:\TaskPro\BackEnd\src\modules\community\validation.js:17:68)
    at Layer.handleRequest (D:\TaskPro\BackEnd\node_modules\router\lib\layer.js:152:17)
    at trimPrefix (D:\TaskPro\BackEnd\node_modules\router\index.js:342:13)
    at D:\TaskPro\BackEnd\node_modules\router\index.js:297:9
    at processParams (D:\TaskPro\BackEnd\node_modules\router\index.js:582:12)
    at next (D:\TaskPro\BackEnd\node_modules\router\index.js:291:5)
    at authenticate (D:\TaskPro\BackEnd\src\middlewares\authMiddleware.js:44:5)
[2026-10-01 23:02:13] ERROR: POST /api/chat - Invalid ID 
Error: Invalid ID
    at id (D:\TaskPro\BackEnd\src\modules\community\validation.js:6:11)
    at validateIds (D:\TaskPro\BackEnd\src\modules\community\validation.js:17:68)
    at Layer.handleRequest (D:\TaskPro\BackEnd\node_modules\router\lib\layer.js:152:17)
    at trimPrefix (D:\TaskPro\BackEnd\node_modules\router\index.js:342:13)
    at D:\TaskPro\BackEnd\node_modules\router\index.js:297:9
    at processParams (D:\TaskPro\BackEnd\node_modules\router\index.js:582:12)
    at next (D:\TaskPro\BackEnd\node_modules\router\index.js:291:5)
    at authenticate (D:\TaskPro\BackEnd\src\middlewares\authMiddleware.js:44:5)
[2026-10-01 23:02:13] ERROR: POST /api/chat - Cannot chat with yourself 
Error: Cannot chat with yourself
    at Object.getOrCreateConversation (D:\TaskPro\BackEnd\src\modules\community\chat.service.js:73:38)
    at D:\TaskPro\BackEnd\src\modules\community\chat.controller.js:19:42
    at D:\TaskPro\BackEnd\src\utils\catchAsync.js:9:25
    at Layer.handleRequest (D:\TaskPro\BackEnd\node_modules\router\lib\layer.js:152:17)
    at next (D:\TaskPro\BackEnd\node_modules\router\lib\route.js:157:13)
    at Route.dispatch (D:\TaskPro\BackEnd\node_modules\router\lib\route.js:117:3)
    at handle (D:\TaskPro\BackEnd\node_modules\router\index.js:435:11)
    at Layer.handleRequest (D:\TaskPro\BackEnd\node_modules\router\lib\layer.js:152:17)
    at D:\TaskPro\BackEnd\node_modules\router\index.js:295:15
    at processParams (D:\TaskPro\BackEnd\node_modules\router\index.js:582:12)
[2026-10-01 23:02:13] ERROR: POST /api/chat - User not found 
Error: User not found
    at Object.getOrCreateConversation (D:\TaskPro\BackEnd\src\modules\community\chat.service.js:75:42)
    at async D:\TaskPro\BackEnd\src\modules\community\chat.controller.js:19:24
[2026-10-01 23:02:14] ERROR: GET /api/chat/10/messages - Not authorized to view this conversation 
Error: Not authorized to view this conversation
    at Object.getMessages (D:\TaskPro\BackEnd\src\modules\community\chat.service.js:134:11)
    at async D:\TaskPro\BackEnd\src\modules\community\chat.controller.js:30:20
[2026-10-01 23:02:14] ERROR: POST /api/chat/10/messages - Not part of this conversation 
Error: Not part of this conversation
    at Object.sendMessage (D:\TaskPro\BackEnd\src\modules\community\chat.service.js:166:11)
    at async D:\TaskPro\BackEnd\src\modules\community\chat.controller.js:39:19
[2026-10-01 23:02:14] ERROR: DELETE /api/chat/10/messages - Access denied 
Error: Access denied
    at requireParticipant (D:\TaskPro\BackEnd\src\modules\community\chat.service.js:8:27)
    at async Object.clearConversation (D:\TaskPro\BackEnd\src\modules\community\chat.service.js:369:3)
    at async D:\TaskPro\BackEnd\src\modules\community\chat.controller.js:124:3
[2026-10-01 23:02:14] ERROR: DELETE /api/chat/10 - Access denied 
Error: Access denied
    at requireParticipant (D:\TaskPro\BackEnd\src\modules\community\chat.service.js:8:27)
    at async Object.deleteConversation (D:\TaskPro\BackEnd\src\modules\community\chat.service.js:357:3)
    at async D:\TaskPro\BackEnd\src\modules\community\chat.controller.js:117:3
[2026-10-01 23:02:14] ERROR: POST /api/chat/10/messages - Text must not be empty 
Error: Text must not be empty
    at text (D:\TaskPro\BackEnd\src\modules\community\validation.js:11:57)
    at validateIds (D:\TaskPro\BackEnd\src\modules\community\validation.js:21:42)
    at Layer.handleRequest (D:\TaskPro\BackEnd\node_modules\router\lib\layer.js:152:17)
    at trimPrefix (D:\TaskPro\BackEnd\node_modules\router\index.js:342:13)
    at D:\TaskPro\BackEnd\node_modules\router\index.js:297:9
    at processParams (D:\TaskPro\BackEnd\node_modules\router\index.js:582:12)
    at next (D:\TaskPro\BackEnd\node_modules\router\index.js:291:5)
    at authenticate (D:\TaskPro\BackEnd\src\middlewares\authMiddleware.js:44:5)
[2026-10-01 23:02:15] ERROR: GET /api/chat/abc/messages - Invalid ID 
Error: Invalid ID
    at Object.id (D:\TaskPro\BackEnd\src\modules\community\validation.js:6:11)
    at D:\TaskPro\BackEnd\src\modules\community\chat.routes.js:29:79
    at paramCallback (D:\TaskPro\BackEnd\node_modules\router\index.js:649:19)
    at param (D:\TaskPro\BackEnd\node_modules\router\index.js:629:5)
    at processParams (D:\TaskPro\BackEnd\node_modules\router\index.js:664:3)
    at next (D:\TaskPro\BackEnd\node_modules\router\index.js:291:5)
    at validateIds (D:\TaskPro\BackEnd\src\modules\community\validation.js:23:5)
    at Layer.handleRequest (D:\TaskPro\BackEnd\node_modules\router\lib\layer.js:152:17)
    at trimPrefix (D:\TaskPro\BackEnd\node_modules\router\index.js:342:13)
    at D:\TaskPro\BackEnd\node_modules\router\index.js:297:9
[2026-10-01 23:02:15] ERROR: GET /api/chat/2147483647/messages - Conversation not found 
Error: Conversation not found
    at Object.getMessages (D:\TaskPro\BackEnd\src\modules\community\chat.service.js:125:83)
    at async D:\TaskPro\BackEnd\src\modules\community\chat.controller.js:30:20
[2026-10-01 23:02:15] ERROR: POST /api/chat/workspaces - Text must not be empty 
Error: Text must not be empty
    at text (D:\TaskPro\BackEnd\src\modules\community\validation.js:11:57)
    at validateIds (D:\TaskPro\BackEnd\src\modules\community\validation.js:21:42)
    at Layer.handleRequest (D:\TaskPro\BackEnd\node_modules\router\lib\layer.js:152:17)
    at trimPrefix (D:\TaskPro\BackEnd\node_modules\router\index.js:342:13)
    at D:\TaskPro\BackEnd\node_modules\router\index.js:297:9
    at processParams (D:\TaskPro\BackEnd\node_modules\router\index.js:582:12)
    at next (D:\TaskPro\BackEnd\node_modules\router\index.js:291:5)
    at authenticate (D:\TaskPro\BackEnd\src\middlewares\authMiddleware.js:44:5)
[2026-10-01 23:02:15] ERROR: GET /api/chat/channels/1/messages - Access denied 
Error: Access denied
    at authorizeChannel (D:\TaskPro\BackEnd\src\modules\community\chat.service.js:22:82)
    at async Object.getChannelMessages (D:\TaskPro\BackEnd\src\modules\community\chat.service.js:233:3)
    at async D:\TaskPro\BackEnd\src\modules\community\chat.controller.js:57:20
[2026-10-01 23:02:15] ERROR: POST /api/chat/channels/1/messages - Access denied 
Error: Access denied
    at authorizeChannel (D:\TaskPro\BackEnd\src\modules\community\chat.service.js:22:82)
    at async Object.sendChannelMessage (D:\TaskPro\BackEnd\src\modules\community\chat.service.js:266:3)
    at async D:\TaskPro\BackEnd\src\modules\community\chat.controller.js:66:19
[2026-10-01 23:02:15] ERROR: PUT /api/chat/workspaces/1 - You are not authorized to edit this group 
Error: You are not authorized to edit this group
    at Object.updateWorkspace (D:\TaskPro\BackEnd\src\modules\community\chat.service.js:323:11)
    at async D:\TaskPro\BackEnd\src\modules\community\chat.controller.js:95:23
[2026-10-01 23:02:15] ERROR: POST /api/chat/workspaces/1/members - Access denied 
Error: Access denied
    at Object.authorizeWorkspaceManager (D:\TaskPro\BackEnd\src\modules\community\chat.service.js:14:63)
    at async D:\TaskPro\BackEnd\src\modules\community\chat.controller.js:102:3
[2026-10-01 23:02:16] ERROR: POST /api/chat/workspaces/1/members - User not found 
Error: User not found
    at Object.addWorkspaceMember (D:\TaskPro\BackEnd\src\modules\community\chat.service.js:342:50)
    at async D:\TaskPro\BackEnd\src\modules\community\chat.controller.js:103:18
[2026-10-01 23:02:16] ERROR: POST /api/chat/workspaces/join - Workspace not found 
Error: Workspace not found
    at Object.addWorkspaceMember (D:\TaskPro\BackEnd\src\modules\community\chat.service.js:337:25)
    at async D:\TaskPro\BackEnd\src\modules\community\chat.controller.js:110:18
[2026-10-01 23:02:16] ERROR: POST /api/chat/channels/1/messages - Text must not be empty 
Error: Text must not be empty
    at text (D:\TaskPro\BackEnd\src\modules\community\validation.js:11:57)
    at validateIds (D:\TaskPro\BackEnd\src\modules\community\validation.js:21:42)
    at Layer.handleRequest (D:\TaskPro\BackEnd\node_modules\router\lib\layer.js:152:17)
    at trimPrefix (D:\TaskPro\BackEnd\node_modules\router\index.js:342:13)
    at D:\TaskPro\BackEnd\node_modules\router\index.js:297:9
    at processParams (D:\TaskPro\BackEnd\node_modules\router\index.js:582:12)
    at next (D:\TaskPro\BackEnd\node_modules\router\index.js:291:5)
    at authenticate (D:\TaskPro\BackEnd\src\middlewares\authMiddleware.js:44:5)
[2026-10-01 23:02:17] ERROR: GET /api/chat/channels/1/messages?cursor=abc - Invalid ID 
Error: Invalid ID
    at id (D:\TaskPro\BackEnd\src\modules\community\validation.js:6:11)
    at validateIds (D:\TaskPro\BackEnd\src\modules\community\validation.js:19:41)
    at Layer.handleRequest (D:\TaskPro\BackEnd\node_modules\router\lib\layer.js:152:17)
    at trimPrefix (D:\TaskPro\BackEnd\node_modules\router\index.js:342:13)
    at D:\TaskPro\BackEnd\node_modules\router\index.js:297:9
    at processParams (D:\TaskPro\BackEnd\node_modules\router\index.js:582:12)
    at next (D:\TaskPro\BackEnd\node_modules\router\index.js:291:5)
    at authenticate (D:\TaskPro\BackEnd\src\middlewares\authMiddleware.js:44:5)
[2026-10-01 23:02:17] ERROR: POST /api/chat/channels/1/messages - Invalid message type 
Error: Invalid message type
    at Object.sendChannelMessage (D:\TaskPro\BackEnd\src\modules\community\chat.service.js:267:61)
    at async D:\TaskPro\BackEnd\src\modules\community\chat.controller.js:66:19
[2026-10-01 23:02:17] ERROR: GET /api/chat/channels/2147483647/messages - Channel not found 
Error: Channel not found
    at authorizeChannel (D:\TaskPro\BackEnd\src\modules\community\chat.service.js:20:23)
    at async Object.getChannelMessages (D:\TaskPro\BackEnd\src\modules\community\chat.service.js:233:3)
    at async D:\TaskPro\BackEnd\src\modules\community\chat.controller.js:57:20
[2026-10-01 23:02:19] ERROR: PUT /api/discussions/1 - You can only edit your own discussions 
Error: You can only edit your own discussions
    at Object.updateDiscussion (D:\TaskPro\BackEnd\src\modules\community\discussion.service.js:167:11)
    at async D:\TaskPro\BackEnd\src\modules\community\discussion.controller.js:45:22
[2026-10-01 23:02:19] ERROR: DELETE /api/discussions/1 - You can only delete your own discussions 
Error: You can only delete your own discussions
    at Object.deleteDiscussion (D:\TaskPro\BackEnd\src\modules\community\discussion.service.js:199:11)
    at async D:\TaskPro\BackEnd\src\modules\community\discussion.controller.js:54:18
[2026-10-01 23:02:19] ERROR: PUT /api/discussions/1/resolve - Only the author can mark discussions as resolved 
Error: Only the author can mark discussions as resolved
    at Object.toggleResolved (D:\TaskPro\BackEnd\src\modules\community\discussion.service.js:219:11)
    at async D:\TaskPro\BackEnd\src\modules\community\discussion.controller.js:63:22
[2026-10-01 23:02:19] ERROR: POST /api/discussions/1/replies - Text must not be empty 
Error: Text must not be empty
    at text (D:\TaskPro\BackEnd\src\modules\community\validation.js:11:57)
    at validateIds (D:\TaskPro\BackEnd\src\modules\community\validation.js:21:42)
    at Layer.handleRequest (D:\TaskPro\BackEnd\node_modules\router\lib\layer.js:152:17)
    at trimPrefix (D:\TaskPro\BackEnd\node_modules\router\index.js:342:13)
    at D:\TaskPro\BackEnd\node_modules\router\index.js:297:9
    at processParams (D:\TaskPro\BackEnd\node_modules\router\index.js:582:12)
    at next (D:\TaskPro\BackEnd\node_modules\router\index.js:291:5)
    at authenticate (D:\TaskPro\BackEnd\src\middlewares\authMiddleware.js:44:5)
[2026-10-01 23:02:20] ERROR: POST /api/discussions/2/replies - Parent reply not found in this discussion 
Error: Parent reply not found in this discussion
    at Object.createReply (D:\TaskPro\BackEnd\src\modules\community\discussion.service.js:261:13)
    at async D:\TaskPro\BackEnd\src\modules\community\discussion.controller.js:79:17
[2026-10-01 23:02:20] ERROR: PUT /api/discussions/replies/1 - You can only edit your own replies 
Error: You can only edit your own replies
    at Object.updateReply (D:\TaskPro\BackEnd\src\modules\community\discussion.service.js:296:11)
    at async D:\TaskPro\BackEnd\src\modules\community\discussion.controller.js:88:17
[2026-10-01 23:02:20] ERROR: DELETE /api/discussions/replies/1 - You can only delete your own replies 
Error: You can only delete your own replies
    at Object.deleteReply (D:\TaskPro\BackEnd\src\modules\community\discussion.service.js:325:11)
    at async D:\TaskPro\BackEnd\src\modules\community\discussion.controller.js:97:18
[2026-10-01 23:02:32] ERROR: POST /api/enrollments/28/enroll - Course is not available for enrollment 
Error: Course is not available for enrollment
    at enrollStudent (D:\TaskPro\BackEnd\src\modules\learning\enrollment.service.js:31:11)
    at async Object.enrollStudent (D:\TaskPro\BackEnd\src\modules\learning\validation.js:18:16)
    at async D:\TaskPro\BackEnd\src\modules\learning\enrollment.controller.js:6:22
[2026-10-01 23:02:32] ERROR: POST /api/enrollments/28/enroll - Already enrolled in this course 
Error: Already enrolled in this course
    at enrollStudent (D:\TaskPro\BackEnd\src\modules\learning\enrollment.service.js:44:11)
    at async Object.enrollStudent (D:\TaskPro\BackEnd\src\modules\learning\validation.js:18:16)
    at async D:\TaskPro\BackEnd\src\modules\learning\enrollment.controller.js:6:22
[2026-10-01 23:02:32] ERROR: GET /api/enrollments/course/28/students - You can only view students in your own courses 
Error: You can only view students in your own courses
    at getCourseEnrollments (D:\TaskPro\BackEnd\src\modules\learning\enrollment.service.js:172:25)
    at async Object.getCourseEnrollments (D:\TaskPro\BackEnd\src\modules\learning\validation.js:18:16)
    at async D:\TaskPro\BackEnd\src\modules\learning\enrollment.controller.js:32:5
[2026-10-01 23:02:32] ERROR: GET /api/enrollments/stats/28 - Not authorized to view enrollment stats 
Error: Not authorized to view enrollment stats
    at fail (D:\TaskPro\BackEnd\src\modules\learning\validation.js:2:23)
    at getEnrollmentStats (D:\TaskPro\BackEnd\src\modules\learning\enrollment.service.js:239:74)
    at async Object.getEnrollmentStats (D:\TaskPro\BackEnd\src\modules\learning\validation.js:18:16)
    at async D:\TaskPro\BackEnd\src\modules\learning\enrollment.controller.js:54:17
[2026-10-01 23:02:32] ERROR: POST /api/assignments - You are not authorized to manage assignments for this course 
Error: You are not authorized to manage assignments for this course
    at verifyMentorOwnership (D:\TaskPro\BackEnd\src\modules\learning\assignment.service.js:32:11)
    at async createAssignment (D:\TaskPro\BackEnd\src\modules\learning\assignment.service.js:49:3)
    at async Object.createAssignment (D:\TaskPro\BackEnd\src\modules\learning\validation.js:18:16)
    at async D:\TaskPro\BackEnd\src\modules\learning\assignment.controller.js:6:22
[2026-10-01 23:02:32] ERROR: POST /api/assignments - title must be a non-empty string 
Error: title must be a non-empty string
    at fail (D:\TaskPro\BackEnd\src\modules\learning\validation.js:2:23)
    at text (D:\TaskPro\BackEnd\src\modules\learning\validation.js:13:63)
    at validateAssignment (D:\TaskPro\BackEnd\src\modules\learning\assignment.service.js:4:3)
    at createAssignment (D:\TaskPro\BackEnd\src\modules\learning\assignment.service.js:45:3)
    at Object.createAssignment (D:\TaskPro\BackEnd\src\modules\learning\validation.js:18:22)
    at D:\TaskPro\BackEnd\src\modules\learning\assignment.controller.js:6:46
    at D:\TaskPro\BackEnd\src\utils\catchAsync.js:9:25
    at Layer.handleRequest (D:\TaskPro\BackEnd\node_modules\router\lib\layer.js:152:17)
    at next (D:\TaskPro\BackEnd\node_modules\router\lib\route.js:157:13)
    at D:\TaskPro\BackEnd\src\middlewares\authMiddleware.js:74:5
[2026-10-01 23:02:32] ERROR: POST /api/assignments - Invalid assignment type 
Error: Invalid assignment type
    at fail (D:\TaskPro\BackEnd\src\modules\learning\validation.js:2:23)
    at validateAssignment (D:\TaskPro\BackEnd\src\modules\learning\assignment.service.js:9:108)
    at createAssignment (D:\TaskPro\BackEnd\src\modules\learning\assignment.service.js:45:3)
    at Object.createAssignment (D:\TaskPro\BackEnd\src\modules\learning\validation.js:18:22)
    at D:\TaskPro\BackEnd\src\modules\learning\assignment.controller.js:6:46
    at D:\TaskPro\BackEnd\src\utils\catchAsync.js:9:25
    at Layer.handleRequest (D:\TaskPro\BackEnd\node_modules\router\lib\layer.js:152:17)
    at next (D:\TaskPro\BackEnd\node_modules\router\lib\route.js:157:13)
    at D:\TaskPro\BackEnd\src\middlewares\authMiddleware.js:74:5
    at Layer.handleRequest (D:\TaskPro\BackEnd\node_modules\router\lib\layer.js:152:17)
[2026-10-01 23:02:32] ERROR: POST /api/assignments - totalMarks must be an integer >= 1 
Error: totalMarks must be an integer >= 1
    at fail (D:\TaskPro\BackEnd\src\modules\learning\validation.js:2:23)
    at integer (D:\TaskPro\BackEnd\src\modules\learning\validation.js:7:5)
    at validateAssignment (D:\TaskPro\BackEnd\src\modules\learning\assignment.service.js:7:38)
    at createAssignment (D:\TaskPro\BackEnd\src\modules\learning\assignment.service.js:45:3)
    at Object.createAssignment (D:\TaskPro\BackEnd\src\modules\learning\validation.js:18:22)
    at D:\TaskPro\BackEnd\src\modules\learning\assignment.controller.js:6:46
    at D:\TaskPro\BackEnd\src\utils\catchAsync.js:9:25
    at Layer.handleRequest (D:\TaskPro\BackEnd\node_modules\router\lib\layer.js:152:17)
    at next (D:\TaskPro\BackEnd\node_modules\router\lib\route.js:157:13)
    at D:\TaskPro\BackEnd\src\middlewares\authMiddleware.js:74:5
[2026-10-01 23:02:32] ERROR: POST /api/assignments - totalMarks must be an integer >= 1 
Error: totalMarks must be an integer >= 1
    at fail (D:\TaskPro\BackEnd\src\modules\learning\validation.js:2:23)
    at integer (D:\TaskPro\BackEnd\src\modules\learning\validation.js:7:5)
    at validateAssignment (D:\TaskPro\BackEnd\src\modules\learning\assignment.service.js:7:38)
    at createAssignment (D:\TaskPro\BackEnd\src\modules\learning\assignment.service.js:45:3)
    at Object.createAssignment (D:\TaskPro\BackEnd\src\modules\learning\validation.js:18:22)
    at D:\TaskPro\BackEnd\src\modules\learning\assignment.controller.js:6:46
    at D:\TaskPro\BackEnd\src\utils\catchAsync.js:9:25
    at Layer.handleRequest (D:\TaskPro\BackEnd\node_modules\router\lib\layer.js:152:17)
    at next (D:\TaskPro\BackEnd\node_modules\router\lib\route.js:157:13)
    at D:\TaskPro\BackEnd\src\middlewares\authMiddleware.js:74:5
[2026-10-01 23:02:32] ERROR: POST /api/assignments - Invalid dueDate 
Error: Invalid dueDate
    at fail (D:\TaskPro\BackEnd\src\modules\learning\validation.js:2:23)
    at validateAssignment (D:\TaskPro\BackEnd\src\modules\learning\assignment.service.js:10:113)
    at createAssignment (D:\TaskPro\BackEnd\src\modules\learning\assignment.service.js:45:3)
    at Object.createAssignment (D:\TaskPro\BackEnd\src\modules\learning\validation.js:18:22)
    at D:\TaskPro\BackEnd\src\modules\learning\assignment.controller.js:6:46
    at D:\TaskPro\BackEnd\src\utils\catchAsync.js:9:25
    at Layer.handleRequest (D:\TaskPro\BackEnd\node_modules\router\lib\layer.js:152:17)
    at next (D:\TaskPro\BackEnd\node_modules\router\lib\route.js:157:13)
    at D:\TaskPro\BackEnd\src\middlewares\authMiddleware.js:74:5
    at Layer.handleRequest (D:\TaskPro\BackEnd\node_modules\router\lib\layer.js:152:17)
[2026-10-01 23:02:33] ERROR: PUT /api/assignments/1 - You are not authorized to update this assignment 
Error: You are not authorized to update this assignment
    at updateAssignment (D:\TaskPro\BackEnd\src\modules\learning\assignment.service.js:205:11)
    at async Object.updateAssignment (D:\TaskPro\BackEnd\src\modules\learning\validation.js:18:16)
    at async D:\TaskPro\BackEnd\src\modules\learning\assignment.controller.js:36:22
[2026-10-01 23:02:33] ERROR: POST /api/submissions/assignment/1 - You are not enrolled in this course 
Error: You are not enrolled in this course
    at submitAssignment (D:\TaskPro\BackEnd\src\modules\learning\submission.service.js:30:15)
    at async Object.submitAssignment (D:\TaskPro\BackEnd\src\modules\learning\validation.js:18:16)
    at async D:\TaskPro\BackEnd\src\modules\learning\submission.controller.js:6:22
[2026-10-01 23:02:33] ERROR: POST /api/submissions/assignment/1 - Submission content is required 
Error: Submission content is required
    at fail (D:\TaskPro\BackEnd\src\modules\learning\validation.js:2:23)
    at submitAssignment (D:\TaskPro\BackEnd\src\modules\learning\submission.service.js:40:107)
    at async Object.submitAssignment (D:\TaskPro\BackEnd\src\modules\learning\validation.js:18:16)
    at async D:\TaskPro\BackEnd\src\modules\learning\submission.controller.js:6:22
[2026-10-01 23:02:33] ERROR: GET /api/submissions/1 - Not authorized to view this submission 
Error: Not authorized to view this submission
    at fail (D:\TaskPro\BackEnd\src\modules\learning\validation.js:2:23)
    at getSubmissionById (D:\TaskPro\BackEnd\src\modules\learning\submission.service.js:285:138)
    at async Object.getSubmissionById (D:\TaskPro\BackEnd\src\modules\learning\validation.js:18:16)
    at async D:\TaskPro\BackEnd\src\modules\learning\submission.controller.js:66:22
[2026-10-01 23:02:33] ERROR: GET /api/submissions/1 - Not authorized to view this submission 
Error: Not authorized to view this submission
    at fail (D:\TaskPro\BackEnd\src\modules\learning\validation.js:2:23)
    at getSubmissionById (D:\TaskPro\BackEnd\src\modules\learning\submission.service.js:285:138)
    at async Object.getSubmissionById (D:\TaskPro\BackEnd\src\modules\learning\validation.js:18:16)
    at async D:\TaskPro\BackEnd\src\modules\learning\submission.controller.js:66:22
[2026-10-01 23:02:33] ERROR: GET /api/submissions/assignment/1 - Not authorized to view submissions 
Error: Not authorized to view submissions
    at fail (D:\TaskPro\BackEnd\src\modules\learning\validation.js:2:23)
    at getSubmissionsByAssignment (D:\TaskPro\BackEnd\src\modules\learning\submission.service.js:81:87)
    at async Object.getSubmissionsByAssignment (D:\TaskPro\BackEnd\src\modules\learning\validation.js:18:16)
    at async D:\TaskPro\BackEnd\src\modules\learning\submission.controller.js:21:5
[2026-10-01 23:02:33] ERROR: PUT /api/submissions/1/grade - You are not authorized to grade this submission 
Error: You are not authorized to grade this submission
    at gradeSubmission (D:\TaskPro\BackEnd\src\modules\learning\submission.service.js:204:15)
    at async Object.gradeSubmission (D:\TaskPro\BackEnd\src\modules\learning\validation.js:18:16)
    at async D:\TaskPro\BackEnd\src\modules\learning\submission.controller.js:56:22
[2026-10-01 23:02:33] ERROR: PUT /api/submissions/1/grade - marks must be an integer >= 0 
Error: marks must be an integer >= 0
    at fail (D:\TaskPro\BackEnd\src\modules\learning\validation.js:2:23)
    at integer (D:\TaskPro\BackEnd\src\modules\learning\validation.js:7:5)
    at gradeSubmission (D:\TaskPro\BackEnd\src\modules\learning\submission.service.js:208:30)
    at async Object.gradeSubmission (D:\TaskPro\BackEnd\src\modules\learning\validation.js:18:16)
    at async D:\TaskPro\BackEnd\src\modules\learning\submission.controller.js:56:22
[2026-10-01 23:02:33] ERROR: PUT /api/submissions/1/grade - Marks cannot exceed total marks (20) 
Error: Marks cannot exceed total marks (20)
    at gradeSubmission (D:\TaskPro\BackEnd\src\modules\learning\submission.service.js:214:15)
    at async Object.gradeSubmission (D:\TaskPro\BackEnd\src\modules\learning\validation.js:18:16)
    at async D:\TaskPro\BackEnd\src\modules\learning\submission.controller.js:56:22
[2026-10-01 23:02:33] ERROR: PUT /api/submissions/1/grade - marks must be an integer >= 0 
Error: marks must be an integer >= 0
    at fail (D:\TaskPro\BackEnd\src\modules\learning\validation.js:2:23)
    at integer (D:\TaskPro\BackEnd\src\modules\learning\validation.js:7:5)
    at gradeSubmission (D:\TaskPro\BackEnd\src\modules\learning\submission.service.js:208:30)
    at async Object.gradeSubmission (D:\TaskPro\BackEnd\src\modules\learning\validation.js:18:16)
    at async D:\TaskPro\BackEnd\src\modules\learning\submission.controller.js:56:22
[2026-10-01 23:02:33] ERROR: PUT /api/submissions/1/grade - Invalid submission status 
Error: Invalid submission status
    at fail (D:\TaskPro\BackEnd\src\modules\learning\validation.js:2:23)
    at gradeSubmission (D:\TaskPro\BackEnd\src\modules\learning\submission.service.js:210:100)
    at async Object.gradeSubmission (D:\TaskPro\BackEnd\src\modules\learning\validation.js:18:16)
    at async D:\TaskPro\BackEnd\src\modules\learning\submission.controller.js:56:22
[2026-10-01 23:02:33] ERROR: POST /api/submissions/assignment/1 - The due date for this assignment has passed 
Error: The due date for this assignment has passed
    at submitAssignment (D:\TaskPro\BackEnd\src\modules\learning\submission.service.js:35:15)
    at async Object.submitAssignment (D:\TaskPro\BackEnd\src\modules\learning\validation.js:18:16)
    at async D:\TaskPro\BackEnd\src\modules\learning\submission.controller.js:6:22
[2026-10-01 23:02:33] ERROR: PUT /api/progress/lesson/135/watch-time - Not enrolled in this course 
Error: Not enrolled in this course
    at fail (D:\TaskPro\BackEnd\src\modules\learning\validation.js:2:23)
    at verifyEnrollment (D:\TaskPro\BackEnd\src\modules\learning\progress.service.js:5:55)
    at async updateWatchTime (D:\TaskPro\BackEnd\src\modules\learning\progress.service.js:176:3)
    at async Object.updateWatchTime (D:\TaskPro\BackEnd\src\modules\learning\validation.js:18:16)
    at async D:\TaskPro\BackEnd\src\modules\learning\progress.controller.js:28:18
[2026-10-01 23:02:33] ERROR: POST /api/progress/lesson/135/complete - Not enrolled in this course 
Error: Not enrolled in this course
    at markLessonComplete (D:\TaskPro\BackEnd\src\modules\learning\progress.service.js:84:11)
    at async Object.markLessonComplete (D:\TaskPro\BackEnd\src\modules\learning\validation.js:18:16)
    at async D:\TaskPro\BackEnd\src\modules\learning\progress.controller.js:6:18
[2026-10-01 23:02:33] ERROR: PUT /api/progress/lesson/135/watch-time - watchTime must be an integer >= 0 
Error: watchTime must be an integer >= 0
    at fail (D:\TaskPro\BackEnd\src\modules\learning\validation.js:2:23)
    at integer (D:\TaskPro\BackEnd\src\modules\learning\validation.js:7:5)
    at updateWatchTime (D:\TaskPro\BackEnd\src\modules\learning\progress.service.js:166:3)
    at Object.updateWatchTime (D:\TaskPro\BackEnd\src\modules\learning\validation.js:18:22)
    at D:\TaskPro\BackEnd\src\modules\learning\progress.controller.js:28:40
    at D:\TaskPro\BackEnd\src\utils\catchAsync.js:9:25
    at Layer.handleRequest (D:\TaskPro\BackEnd\node_modules\router\lib\layer.js:152:17)
    at next (D:\TaskPro\BackEnd\node_modules\router\lib\route.js:157:13)
    at D:\TaskPro\BackEnd\src\middlewares\authMiddleware.js:74:5
    at Layer.handleRequest (D:\TaskPro\BackEnd\node_modules\router\lib\layer.js:152:17)
[2026-10-01 23:02:33] ERROR: PUT /api/progress/lesson/135/watch-time - watchTime must be an integer >= 0 
Error: watchTime must be an integer >= 0
    at fail (D:\TaskPro\BackEnd\src\modules\learning\validation.js:2:23)
    at integer (D:\TaskPro\BackEnd\src\modules\learning\validation.js:7:5)
    at updateWatchTime (D:\TaskPro\BackEnd\src\modules\learning\progress.service.js:166:3)
    at Object.updateWatchTime (D:\TaskPro\BackEnd\src\modules\learning\validation.js:18:22)
    at D:\TaskPro\BackEnd\src\modules\learning\progress.controller.js:28:40
    at D:\TaskPro\BackEnd\src\utils\catchAsync.js:9:25
    at Layer.handleRequest (D:\TaskPro\BackEnd\node_modules\router\lib\layer.js:152:17)
    at next (D:\TaskPro\BackEnd\node_modules\router\lib\route.js:157:13)
    at D:\TaskPro\BackEnd\src\middlewares\authMiddleware.js:74:5
    at Layer.handleRequest (D:\TaskPro\BackEnd\node_modules\router\lib\layer.js:152:17)
[2026-10-01 23:02:33] ERROR: PUT /api/progress/lesson/135/watch-time - watchTime must be an integer >= 0 
Error: watchTime must be an integer >= 0
    at fail (D:\TaskPro\BackEnd\src\modules\learning\validation.js:2:23)
    at integer (D:\TaskPro\BackEnd\src\modules\learning\validation.js:7:5)
    at updateWatchTime (D:\TaskPro\BackEnd\src\modules\learning\progress.service.js:166:3)
    at Object.updateWatchTime (D:\TaskPro\BackEnd\src\modules\learning\validation.js:18:22)
    at D:\TaskPro\BackEnd\src\modules\learning\progress.controller.js:28:40
    at D:\TaskPro\BackEnd\src\utils\catchAsync.js:9:25
    at Layer.handleRequest (D:\TaskPro\BackEnd\node_modules\router\lib\layer.js:152:17)
    at next (D:\TaskPro\BackEnd\node_modules\router\lib\route.js:157:13)
    at D:\TaskPro\BackEnd\src\middlewares\authMiddleware.js:74:5
    at Layer.handleRequest (D:\TaskPro\BackEnd\node_modules\router\lib\layer.js:152:17)
[2026-10-01 23:02:33] ERROR: PUT /api/progress/lesson/135/watch-time - watchTime must be an integer >= 0 
Error: watchTime must be an integer >= 0
    at fail (D:\TaskPro\BackEnd\src\modules\learning\validation.js:2:23)
    at integer (D:\TaskPro\BackEnd\src\modules\learning\validation.js:7:5)
    at updateWatchTime (D:\TaskPro\BackEnd\src\modules\learning\progress.service.js:166:3)
    at Object.updateWatchTime (D:\TaskPro\BackEnd\src\modules\learning\validation.js:18:22)
    at D:\TaskPro\BackEnd\src\modules\learning\progress.controller.js:28:40
    at D:\TaskPro\BackEnd\src\utils\catchAsync.js:9:25
    at Layer.handleRequest (D:\TaskPro\BackEnd\node_modules\router\lib\layer.js:152:17)
    at next (D:\TaskPro\BackEnd\node_modules\router\lib\route.js:157:13)
    at D:\TaskPro\BackEnd\src\middlewares\authMiddleware.js:74:5
    at Layer.handleRequest (D:\TaskPro\BackEnd\node_modules\router\lib\layer.js:152:17)
[2026-10-01 23:02:33] ERROR: POST /api/reviews/course/28 - You must be enrolled in this course to leave a review 
Error: You must be enrolled in this course to leave a review
    at createReview (D:\TaskPro\BackEnd\src\modules\learning\review.service.js:31:11)
    at async Object.createReview (D:\TaskPro\BackEnd\src\modules\learning\validation.js:18:16)
    at async D:\TaskPro\BackEnd\src\modules\learning\review.controller.js:6:18
[2026-10-01 23:02:33] ERROR: POST /api/reviews/course/28 - rating must be an integer >= 1 
Error: rating must be an integer >= 1
    at fail (D:\TaskPro\BackEnd\src\modules\learning\validation.js:2:23)
    at integer (D:\TaskPro\BackEnd\src\modules\learning\validation.js:7:5)
    at createReview (D:\TaskPro\BackEnd\src\modules\learning\review.service.js:13:3)
    at Object.createReview (D:\TaskPro\BackEnd\src\modules\learning\validation.js:18:22)
    at D:\TaskPro\BackEnd\src\modules\learning\review.controller.js:6:38
    at D:\TaskPro\BackEnd\src\utils\catchAsync.js:9:25
    at Layer.handleRequest (D:\TaskPro\BackEnd\node_modules\router\lib\layer.js:152:17)
    at next (D:\TaskPro\BackEnd\node_modules\router\lib\route.js:157:13)
    at D:\TaskPro\BackEnd\src\middlewares\authMiddleware.js:74:5
    at Layer.handleRequest (D:\TaskPro\BackEnd\node_modules\router\lib\layer.js:152:17)
[2026-10-01 23:02:33] ERROR: POST /api/reviews/course/28 - Rating must be between 1 and 5 
Error: Rating must be between 1 and 5
    at createReview (D:\TaskPro\BackEnd\src\modules\learning\review.service.js:17:11)
    at Object.createReview (D:\TaskPro\BackEnd\src\modules\learning\validation.js:18:22)
    at D:\TaskPro\BackEnd\src\modules\learning\review.controller.js:6:38
    at D:\TaskPro\BackEnd\src\utils\catchAsync.js:9:25
    at Layer.handleRequest (D:\TaskPro\BackEnd\node_modules\router\lib\layer.js:152:17)
    at next (D:\TaskPro\BackEnd\node_modules\router\lib\route.js:157:13)
    at D:\TaskPro\BackEnd\src\middlewares\authMiddleware.js:74:5
    at Layer.handleRequest (D:\TaskPro\BackEnd\node_modules\router\lib\layer.js:152:17)
    at next (D:\TaskPro\BackEnd\node_modules\router\lib\route.js:157:13)
    at authenticate (D:\TaskPro\BackEnd\src\middlewares\authMiddleware.js:44:5)
[2026-10-01 23:02:33] ERROR: POST /api/reviews/course/28 - rating must be an integer >= 1 
Error: rating must be an integer >= 1
    at fail (D:\TaskPro\BackEnd\src\modules\learning\validation.js:2:23)
    at integer (D:\TaskPro\BackEnd\src\modules\learning\validation.js:7:5)
    at createReview (D:\TaskPro\BackEnd\src\modules\learning\review.service.js:13:3)
    at Object.createReview (D:\TaskPro\BackEnd\src\modules\learning\validation.js:18:22)
    at D:\TaskPro\BackEnd\src\modules\learning\review.controller.js:6:38
    at D:\TaskPro\BackEnd\src\utils\catchAsync.js:9:25
    at Layer.handleRequest (D:\TaskPro\BackEnd\node_modules\router\lib\layer.js:152:17)
    at next (D:\TaskPro\BackEnd\node_modules\router\lib\route.js:157:13)
    at D:\TaskPro\BackEnd\src\middlewares\authMiddleware.js:74:5
    at Layer.handleRequest (D:\TaskPro\BackEnd\node_modules\router\lib\layer.js:152:17)
[2026-10-01 23:02:33] ERROR: POST /api/reviews/course/28 - rating must be an integer >= 1 
Error: rating must be an integer >= 1
    at fail (D:\TaskPro\BackEnd\src\modules\learning\validation.js:2:23)
    at integer (D:\TaskPro\BackEnd\src\modules\learning\validation.js:7:5)
    at createReview (D:\TaskPro\BackEnd\src\modules\learning\review.service.js:13:3)
    at Object.createReview (D:\TaskPro\BackEnd\src\modules\learning\validation.js:18:22)
    at D:\TaskPro\BackEnd\src\modules\learning\review.controller.js:6:38
    at D:\TaskPro\BackEnd\src\utils\catchAsync.js:9:25
    at Layer.handleRequest (D:\TaskPro\BackEnd\node_modules\router\lib\layer.js:152:17)
    at next (D:\TaskPro\BackEnd\node_modules\router\lib\route.js:157:13)
    at D:\TaskPro\BackEnd\src\middlewares\authMiddleware.js:74:5
    at Layer.handleRequest (D:\TaskPro\BackEnd\node_modules\router\lib\layer.js:152:17)
[2026-10-01 23:02:33] ERROR: POST /api/reviews/course/28 - You have already reviewed this course 
Error: You have already reviewed this course
    at createReview (D:\TaskPro\BackEnd\src\modules\learning\review.service.js:45:11)
    at async Object.createReview (D:\TaskPro\BackEnd\src\modules\learning\validation.js:18:16)
    at async D:\TaskPro\BackEnd\src\modules\learning\review.controller.js:6:18
[2026-10-01 23:02:33] ERROR: PUT /api/reviews/1 - You can only update your own review 
Error: You can only update your own review
    at updateReview (D:\TaskPro\BackEnd\src\modules\learning\review.service.js:115:11)
    at async Object.updateReview (D:\TaskPro\BackEnd\src\modules\learning\validation.js:18:16)
    at async D:\TaskPro\BackEnd\src\modules\learning\review.controller.js:23:18
[2026-10-01 23:02:34] ERROR: DELETE /api/reviews/1 - You can only delete your own review 
Error: You can only delete your own review
    at deleteReview (D:\TaskPro\BackEnd\src\modules\learning\review.service.js:161:11)
    at async Object.deleteReview (D:\TaskPro\BackEnd\src\modules\learning\validation.js:18:16)
    at async D:\TaskPro\BackEnd\src\modules\learning\review.controller.js:32:18
[2026-10-01 23:02:34] ERROR: PUT /api/reviews/1 - rating must be an integer >= 1 
Error: rating must be an integer >= 1
    at fail (D:\TaskPro\BackEnd\src\modules\learning\validation.js:2:23)
    at integer (D:\TaskPro\BackEnd\src\modules\learning\validation.js:7:5)
    at updateReview (D:\TaskPro\BackEnd\src\modules\learning\review.service.js:121:5)
    at async Object.updateReview (D:\TaskPro\BackEnd\src\modules\learning\validation.js:18:16)
    at async D:\TaskPro\BackEnd\src\modules\learning\review.controller.js:23:18
[2026-10-01 23:02:34] ERROR: POST /api/progress/lesson/135/incomplete - Not enrolled in this course 
Error: Not enrolled in this course
    at fail (D:\TaskPro\BackEnd\src\modules\learning\validation.js:2:23)
    at verifyEnrollment (D:\TaskPro\BackEnd\src\modules\learning\progress.service.js:5:55)
    at async markLessonIncomplete (D:\TaskPro\BackEnd\src\modules\learning\progress.service.js:127:3)
    at async Object.markLessonIncomplete (D:\TaskPro\BackEnd\src\modules\learning\validation.js:18:16)
    at async D:\TaskPro\BackEnd\src\modules\learning\progress.controller.js:14:18
[2026-10-01 23:02:34] ERROR: GET /api/progress/course/28 - Not enrolled in this course 
Error: Not enrolled in this course
    at getCourseProgress (D:\TaskPro\BackEnd\src\modules\learning\progress.service.js:211:11)
    at async Object.getCourseProgress (D:\TaskPro\BackEnd\src\modules\learning\validation.js:18:16)
    at async D:\TaskPro\BackEnd\src\modules\learning\progress.controller.js:37:18
[2026-10-01 23:02:34] ERROR: DELETE /api/assignments/1 - You are not authorized to delete this assignment 
Error: You are not authorized to delete this assignment
    at deleteAssignment (D:\TaskPro\BackEnd\src\modules\learning\assignment.service.js:263:11)
    at async Object.deleteAssignment (D:\TaskPro\BackEnd\src\modules\learning\validation.js:18:16)
    at async D:\TaskPro\BackEnd\src\modules\learning\assignment.controller.js:46:18
[2026-10-01 23:02:34] ERROR: GET /api/assignments/1 - Assignment not found 
Error: Assignment not found
    at getAssignmentById (D:\TaskPro\BackEnd\src\modules\learning\assignment.service.js:183:11)
    at async Object.getAssignmentById (D:\TaskPro\BackEnd\src\modules\learning\validation.js:18:16)
    at async D:\TaskPro\BackEnd\src\modules\learning\assignment.controller.js:29:22
[2026-10-01 23:03:22] ERROR: POST /api/chat - Invalid ID 
Error: Invalid ID
    at id (D:\TaskPro\BackEnd\src\modules\community\validation.js:6:11)
    at Object.getOrCreateConversation (D:\TaskPro\BackEnd\src\modules\community\chat.service.js:72:18)
    at D:\TaskPro\BackEnd\src\modules\community\chat.controller.js:19:42
    at D:\TaskPro\BackEnd\src\utils\catchAsync.js:9:25
    at Layer.handleRequest (D:\TaskPro\BackEnd\node_modules\router\lib\layer.js:152:17)
    at next (D:\TaskPro\BackEnd\node_modules\router\lib\route.js:157:13)
    at Route.dispatch (D:\TaskPro\BackEnd\node_modules\router\lib\route.js:117:3)
    at handle (D:\TaskPro\BackEnd\node_modules\router\index.js:435:11)
    at Layer.handleRequest (D:\TaskPro\BackEnd\node_modules\router\lib\layer.js:152:17)
    at D:\TaskPro\BackEnd\node_modules\router\index.js:295:15
[2026-10-01 23:03:22] ERROR: POST /api/chat - Invalid ID 
Error: Invalid ID
    at id (D:\TaskPro\BackEnd\src\modules\community\validation.js:6:11)
    at validateIds (D:\TaskPro\BackEnd\src\modules\community\validation.js:17:68)
    at Layer.handleRequest (D:\TaskPro\BackEnd\node_modules\router\lib\layer.js:152:17)
    at trimPrefix (D:\TaskPro\BackEnd\node_modules\router\index.js:342:13)
    at D:\TaskPro\BackEnd\node_modules\router\index.js:297:9
    at processParams (D:\TaskPro\BackEnd\node_modules\router\index.js:582:12)
    at next (D:\TaskPro\BackEnd\node_modules\router\index.js:291:5)
    at authenticate (D:\TaskPro\BackEnd\src\middlewares\authMiddleware.js:44:5)
[2026-10-01 23:03:22] ERROR: POST /api/chat - Invalid ID 
Error: Invalid ID
    at id (D:\TaskPro\BackEnd\src\modules\community\validation.js:6:11)
    at validateIds (D:\TaskPro\BackEnd\src\modules\community\validation.js:17:68)
    at Layer.handleRequest (D:\TaskPro\BackEnd\node_modules\router\lib\layer.js:152:17)
    at trimPrefix (D:\TaskPro\BackEnd\node_modules\router\index.js:342:13)
    at D:\TaskPro\BackEnd\node_modules\router\index.js:297:9
    at processParams (D:\TaskPro\BackEnd\node_modules\router\index.js:582:12)
    at next (D:\TaskPro\BackEnd\node_modules\router\index.js:291:5)
    at authenticate (D:\TaskPro\BackEnd\src\middlewares\authMiddleware.js:44:5)
[2026-10-01 23:03:22] ERROR: POST /api/chat - Invalid ID 
Error: Invalid ID
    at id (D:\TaskPro\BackEnd\src\modules\community\validation.js:6:11)
    at validateIds (D:\TaskPro\BackEnd\src\modules\community\validation.js:17:68)
    at Layer.handleRequest (D:\TaskPro\BackEnd\node_modules\router\lib\layer.js:152:17)
    at trimPrefix (D:\TaskPro\BackEnd\node_modules\router\index.js:342:13)
    at D:\TaskPro\BackEnd\node_modules\router\index.js:297:9
    at processParams (D:\TaskPro\BackEnd\node_modules\router\index.js:582:12)
    at next (D:\TaskPro\BackEnd\node_modules\router\index.js:291:5)
    at authenticate (D:\TaskPro\BackEnd\src\middlewares\authMiddleware.js:44:5)
[2026-10-01 23:03:22] ERROR: POST /api/chat - Invalid ID 
Error: Invalid ID
    at id (D:\TaskPro\BackEnd\src\modules\community\validation.js:6:11)
    at validateIds (D:\TaskPro\BackEnd\src\modules\community\validation.js:17:68)
    at Layer.handleRequest (D:\TaskPro\BackEnd\node_modules\router\lib\layer.js:152:17)
    at trimPrefix (D:\TaskPro\BackEnd\node_modules\router\index.js:342:13)
    at D:\TaskPro\BackEnd\node_modules\router\index.js:297:9
    at processParams (D:\TaskPro\BackEnd\node_modules\router\index.js:582:12)
    at next (D:\TaskPro\BackEnd\node_modules\router\index.js:291:5)
    at authenticate (D:\TaskPro\BackEnd\src\middlewares\authMiddleware.js:44:5)
[2026-10-01 23:03:22] ERROR: POST /api/chat - Invalid ID 
Error: Invalid ID
    at id (D:\TaskPro\BackEnd\src\modules\community\validation.js:6:11)
    at validateIds (D:\TaskPro\BackEnd\src\modules\community\validation.js:17:68)
    at Layer.handleRequest (D:\TaskPro\BackEnd\node_modules\router\lib\layer.js:152:17)
    at trimPrefix (D:\TaskPro\BackEnd\node_modules\router\index.js:342:13)
    at D:\TaskPro\BackEnd\node_modules\router\index.js:297:9
    at processParams (D:\TaskPro\BackEnd\node_modules\router\index.js:582:12)
    at next (D:\TaskPro\BackEnd\node_modules\router\index.js:291:5)
    at authenticate (D:\TaskPro\BackEnd\src\middlewares\authMiddleware.js:44:5)
[2026-10-01 23:03:22] ERROR: POST /api/chat - Invalid ID 
Error: Invalid ID
    at id (D:\TaskPro\BackEnd\src\modules\community\validation.js:6:11)
    at validateIds (D:\TaskPro\BackEnd\src\modules\community\validation.js:17:68)
    at Layer.handleRequest (D:\TaskPro\BackEnd\node_modules\router\lib\layer.js:152:17)
    at trimPrefix (D:\TaskPro\BackEnd\node_modules\router\index.js:342:13)
    at D:\TaskPro\BackEnd\node_modules\router\index.js:297:9
    at processParams (D:\TaskPro\BackEnd\node_modules\router\index.js:582:12)
    at next (D:\TaskPro\BackEnd\node_modules\router\index.js:291:5)
    at authenticate (D:\TaskPro\BackEnd\src\middlewares\authMiddleware.js:44:5)
[2026-10-01 23:03:22] ERROR: POST /api/chat - Cannot chat with yourself 
Error: Cannot chat with yourself
    at Object.getOrCreateConversation (D:\TaskPro\BackEnd\src\modules\community\chat.service.js:73:38)
    at D:\TaskPro\BackEnd\src\modules\community\chat.controller.js:19:42
    at D:\TaskPro\BackEnd\src\utils\catchAsync.js:9:25
    at Layer.handleRequest (D:\TaskPro\BackEnd\node_modules\router\lib\layer.js:152:17)
    at next (D:\TaskPro\BackEnd\node_modules\router\lib\route.js:157:13)
    at Route.dispatch (D:\TaskPro\BackEnd\node_modules\router\lib\route.js:117:3)
    at handle (D:\TaskPro\BackEnd\node_modules\router\index.js:435:11)
    at Layer.handleRequest (D:\TaskPro\BackEnd\node_modules\router\lib\layer.js:152:17)
    at D:\TaskPro\BackEnd\node_modules\router\index.js:295:15
    at processParams (D:\TaskPro\BackEnd\node_modules\router\index.js:582:12)
[2026-10-01 23:03:23] ERROR: POST /api/chat - User not found 
Error: User not found
    at Object.getOrCreateConversation (D:\TaskPro\BackEnd\src\modules\community\chat.service.js:75:42)
    at async D:\TaskPro\BackEnd\src\modules\community\chat.controller.js:19:24
[2026-10-01 23:03:23] ERROR: GET /api/chat/11/messages - Not authorized to view this conversation 
Error: Not authorized to view this conversation
    at Object.getMessages (D:\TaskPro\BackEnd\src\modules\community\chat.service.js:134:11)
    at async D:\TaskPro\BackEnd\src\modules\community\chat.controller.js:30:20
[2026-10-01 23:03:23] ERROR: POST /api/chat/11/messages - Not part of this conversation 
Error: Not part of this conversation
    at Object.sendMessage (D:\TaskPro\BackEnd\src\modules\community\chat.service.js:166:11)
    at async D:\TaskPro\BackEnd\src\modules\community\chat.controller.js:39:19
[2026-10-01 23:03:23] ERROR: DELETE /api/chat/11/messages - Access denied 
Error: Access denied
    at requireParticipant (D:\TaskPro\BackEnd\src\modules\community\chat.service.js:8:27)
    at async Object.clearConversation (D:\TaskPro\BackEnd\src\modules\community\chat.service.js:369:3)
    at async D:\TaskPro\BackEnd\src\modules\community\chat.controller.js:124:3
[2026-10-01 23:03:23] ERROR: DELETE /api/chat/11 - Access denied 
Error: Access denied
    at requireParticipant (D:\TaskPro\BackEnd\src\modules\community\chat.service.js:8:27)
    at async Object.deleteConversation (D:\TaskPro\BackEnd\src\modules\community\chat.service.js:357:3)
    at async D:\TaskPro\BackEnd\src\modules\community\chat.controller.js:117:3
[2026-10-01 23:03:23] ERROR: POST /api/chat/11/messages - Text must not be empty 
Error: Text must not be empty
    at text (D:\TaskPro\BackEnd\src\modules\community\validation.js:11:57)
    at validateIds (D:\TaskPro\BackEnd\src\modules\community\validation.js:21:42)
    at Layer.handleRequest (D:\TaskPro\BackEnd\node_modules\router\lib\layer.js:152:17)
    at trimPrefix (D:\TaskPro\BackEnd\node_modules\router\index.js:342:13)
    at D:\TaskPro\BackEnd\node_modules\router\index.js:297:9
    at processParams (D:\TaskPro\BackEnd\node_modules\router\index.js:582:12)
    at next (D:\TaskPro\BackEnd\node_modules\router\index.js:291:5)
    at authenticate (D:\TaskPro\BackEnd\src\middlewares\authMiddleware.js:44:5)
[2026-10-01 23:03:24] ERROR: GET /api/chat/abc/messages - Invalid ID 
Error: Invalid ID
    at Object.id (D:\TaskPro\BackEnd\src\modules\community\validation.js:6:11)
    at D:\TaskPro\BackEnd\src\modules\community\chat.routes.js:29:79
    at paramCallback (D:\TaskPro\BackEnd\node_modules\router\index.js:649:19)
    at param (D:\TaskPro\BackEnd\node_modules\router\index.js:629:5)
    at processParams (D:\TaskPro\BackEnd\node_modules\router\index.js:664:3)
    at next (D:\TaskPro\BackEnd\node_modules\router\index.js:291:5)
    at validateIds (D:\TaskPro\BackEnd\src\modules\community\validation.js:23:5)
    at Layer.handleRequest (D:\TaskPro\BackEnd\node_modules\router\lib\layer.js:152:17)
    at trimPrefix (D:\TaskPro\BackEnd\node_modules\router\index.js:342:13)
    at D:\TaskPro\BackEnd\node_modules\router\index.js:297:9
[2026-10-01 23:03:24] ERROR: GET /api/chat/2147483647/messages - Conversation not found 
Error: Conversation not found
    at Object.getMessages (D:\TaskPro\BackEnd\src\modules\community\chat.service.js:125:83)
    at async D:\TaskPro\BackEnd\src\modules\community\chat.controller.js:30:20
[2026-10-01 23:03:24] ERROR: POST /api/chat/workspaces - Text must not be empty 
Error: Text must not be empty
    at text (D:\TaskPro\BackEnd\src\modules\community\validation.js:11:57)
    at validateIds (D:\TaskPro\BackEnd\src\modules\community\validation.js:21:42)
    at Layer.handleRequest (D:\TaskPro\BackEnd\node_modules\router\lib\layer.js:152:17)
    at trimPrefix (D:\TaskPro\BackEnd\node_modules\router\index.js:342:13)
    at D:\TaskPro\BackEnd\node_modules\router\index.js:297:9
    at processParams (D:\TaskPro\BackEnd\node_modules\router\index.js:582:12)
    at next (D:\TaskPro\BackEnd\node_modules\router\index.js:291:5)
    at authenticate (D:\TaskPro\BackEnd\src\middlewares\authMiddleware.js:44:5)
[2026-10-01 23:03:24] ERROR: GET /api/chat/channels/3/messages - Access denied 
Error: Access denied
    at authorizeChannel (D:\TaskPro\BackEnd\src\modules\community\chat.service.js:22:82)
    at async Object.getChannelMessages (D:\TaskPro\BackEnd\src\modules\community\chat.service.js:233:3)
    at async D:\TaskPro\BackEnd\src\modules\community\chat.controller.js:57:20
[2026-10-01 23:03:24] ERROR: POST /api/chat/channels/3/messages - Access denied 
Error: Access denied
    at authorizeChannel (D:\TaskPro\BackEnd\src\modules\community\chat.service.js:22:82)
    at async Object.sendChannelMessage (D:\TaskPro\BackEnd\src\modules\community\chat.service.js:266:3)
    at async D:\TaskPro\BackEnd\src\modules\community\chat.controller.js:66:19
[2026-10-01 23:03:24] ERROR: PUT /api/chat/workspaces/2 - You are not authorized to edit this group 
Error: You are not authorized to edit this group
    at Object.updateWorkspace (D:\TaskPro\BackEnd\src\modules\community\chat.service.js:323:11)
    at async D:\TaskPro\BackEnd\src\modules\community\chat.controller.js:95:23
[2026-10-01 23:03:24] ERROR: POST /api/chat/workspaces/2/members - Access denied 
Error: Access denied
    at Object.authorizeWorkspaceManager (D:\TaskPro\BackEnd\src\modules\community\chat.service.js:14:63)
    at async D:\TaskPro\BackEnd\src\modules\community\chat.controller.js:102:3
[2026-10-01 23:03:24] ERROR: POST /api/chat/workspaces/2/members - User not found 
Error: User not found
    at Object.addWorkspaceMember (D:\TaskPro\BackEnd\src\modules\community\chat.service.js:342:50)
    at async D:\TaskPro\BackEnd\src\modules\community\chat.controller.js:103:18
[2026-10-01 23:03:24] ERROR: POST /api/chat/workspaces/join - Workspace not found 
Error: Workspace not found
    at Object.addWorkspaceMember (D:\TaskPro\BackEnd\src\modules\community\chat.service.js:337:25)
    at async D:\TaskPro\BackEnd\src\modules\community\chat.controller.js:110:18
[2026-10-01 23:03:24] ERROR: POST /api/chat/channels/3/messages - Text must not be empty 
Error: Text must not be empty
    at text (D:\TaskPro\BackEnd\src\modules\community\validation.js:11:57)
    at validateIds (D:\TaskPro\BackEnd\src\modules\community\validation.js:21:42)
    at Layer.handleRequest (D:\TaskPro\BackEnd\node_modules\router\lib\layer.js:152:17)
    at trimPrefix (D:\TaskPro\BackEnd\node_modules\router\index.js:342:13)
    at D:\TaskPro\BackEnd\node_modules\router\index.js:297:9
    at processParams (D:\TaskPro\BackEnd\node_modules\router\index.js:582:12)
    at next (D:\TaskPro\BackEnd\node_modules\router\index.js:291:5)
    at authenticate (D:\TaskPro\BackEnd\src\middlewares\authMiddleware.js:44:5)
[2026-10-01 23:03:24] ERROR: GET /api/chat/channels/3/messages?cursor=abc - Invalid ID 
Error: Invalid ID
    at id (D:\TaskPro\BackEnd\src\modules\community\validation.js:6:11)
    at validateIds (D:\TaskPro\BackEnd\src\modules\community\validation.js:19:41)
    at Layer.handleRequest (D:\TaskPro\BackEnd\node_modules\router\lib\layer.js:152:17)
    at trimPrefix (D:\TaskPro\BackEnd\node_modules\router\index.js:342:13)
    at D:\TaskPro\BackEnd\node_modules\router\index.js:297:9
    at processParams (D:\TaskPro\BackEnd\node_modules\router\index.js:582:12)
    at next (D:\TaskPro\BackEnd\node_modules\router\index.js:291:5)
    at authenticate (D:\TaskPro\BackEnd\src\middlewares\authMiddleware.js:44:5)
[2026-10-01 23:03:25] ERROR: POST /api/chat/channels/3/messages - Invalid message type 
Error: Invalid message type
    at Object.sendChannelMessage (D:\TaskPro\BackEnd\src\modules\community\chat.service.js:267:61)
    at async D:\TaskPro\BackEnd\src\modules\community\chat.controller.js:66:19
[2026-10-01 23:03:25] ERROR: GET /api/chat/channels/2147483647/messages - Channel not found 
Error: Channel not found
    at authorizeChannel (D:\TaskPro\BackEnd\src\modules\community\chat.service.js:20:23)
    at async Object.getChannelMessages (D:\TaskPro\BackEnd\src\modules\community\chat.service.js:233:3)
    at async D:\TaskPro\BackEnd\src\modules\community\chat.controller.js:57:20
[2026-10-01 23:03:26] ERROR: PUT /api/discussions/3 - You can only edit your own discussions 
Error: You can only edit your own discussions
    at Object.updateDiscussion (D:\TaskPro\BackEnd\src\modules\community\discussion.service.js:167:11)
    at async D:\TaskPro\BackEnd\src\modules\community\discussion.controller.js:45:22
[2026-10-01 23:03:26] ERROR: DELETE /api/discussions/3 - You can only delete your own discussions 
Error: You can only delete your own discussions
    at Object.deleteDiscussion (D:\TaskPro\BackEnd\src\modules\community\discussion.service.js:199:11)
    at async D:\TaskPro\BackEnd\src\modules\community\discussion.controller.js:54:18
[2026-10-01 23:03:26] ERROR: PUT /api/discussions/3/resolve - Only the author can mark discussions as resolved 
Error: Only the author can mark discussions as resolved
    at Object.toggleResolved (D:\TaskPro\BackEnd\src\modules\community\discussion.service.js:219:11)
    at async D:\TaskPro\BackEnd\src\modules\community\discussion.controller.js:63:22
[2026-10-01 23:03:26] ERROR: POST /api/discussions/3/replies - Text must not be empty 
Error: Text must not be empty
    at text (D:\TaskPro\BackEnd\src\modules\community\validation.js:11:57)
    at validateIds (D:\TaskPro\BackEnd\src\modules\community\validation.js:21:42)
    at Layer.handleRequest (D:\TaskPro\BackEnd\node_modules\router\lib\layer.js:152:17)
    at trimPrefix (D:\TaskPro\BackEnd\node_modules\router\index.js:342:13)
    at D:\TaskPro\BackEnd\node_modules\router\index.js:297:9
    at processParams (D:\TaskPro\BackEnd\node_modules\router\index.js:582:12)
    at next (D:\TaskPro\BackEnd\node_modules\router\index.js:291:5)
    at authenticate (D:\TaskPro\BackEnd\src\middlewares\authMiddleware.js:44:5)
[2026-10-01 23:03:26] ERROR: POST /api/discussions/4/replies - Parent reply not found in this discussion 
Error: Parent reply not found in this discussion
    at Object.createReply (D:\TaskPro\BackEnd\src\modules\community\discussion.service.js:261:13)
    at async D:\TaskPro\BackEnd\src\modules\community\discussion.controller.js:79:17
[2026-10-01 23:03:26] ERROR: PUT /api/discussions/replies/3 - You can only edit your own replies 
Error: You can only edit your own replies
    at Object.updateReply (D:\TaskPro\BackEnd\src\modules\community\discussion.service.js:296:11)
    at async D:\TaskPro\BackEnd\src\modules\community\discussion.controller.js:88:17
[2026-10-01 23:03:26] ERROR: DELETE /api/discussions/replies/3 - You can only delete your own replies 
Error: You can only delete your own replies
    at Object.deleteReply (D:\TaskPro\BackEnd\src\modules\community\discussion.service.js:325:11)
    at async D:\TaskPro\BackEnd\src\modules\community\discussion.controller.js:97:18
[2026-10-01 23:03:30] ERROR: POST /api/enrollments/29/enroll - Course is not available for enrollment 
Error: Course is not available for enrollment
    at enrollStudent (D:\TaskPro\BackEnd\src\modules\learning\enrollment.service.js:31:11)
    at async Object.enrollStudent (D:\TaskPro\BackEnd\src\modules\learning\validation.js:18:16)
    at async D:\TaskPro\BackEnd\src\modules\learning\enrollment.controller.js:6:22
[2026-10-01 23:03:31] ERROR: POST /api/enrollments/29/enroll - Already enrolled in this course 
Error: Already enrolled in this course
    at enrollStudent (D:\TaskPro\BackEnd\src\modules\learning\enrollment.service.js:44:11)
    at async Object.enrollStudent (D:\TaskPro\BackEnd\src\modules\learning\validation.js:18:16)
    at async D:\TaskPro\BackEnd\src\modules\learning\enrollment.controller.js:6:22
[2026-10-01 23:03:31] ERROR: GET /api/enrollments/course/29/students - You can only view students in your own courses 
Error: You can only view students in your own courses
    at getCourseEnrollments (D:\TaskPro\BackEnd\src\modules\learning\enrollment.service.js:172:25)
    at async Object.getCourseEnrollments (D:\TaskPro\BackEnd\src\modules\learning\validation.js:18:16)
    at async D:\TaskPro\BackEnd\src\modules\learning\enrollment.controller.js:32:5
[2026-10-01 23:03:31] ERROR: GET /api/enrollments/stats/29 - Not authorized to view enrollment stats 
Error: Not authorized to view enrollment stats
    at fail (D:\TaskPro\BackEnd\src\modules\learning\validation.js:2:23)
    at getEnrollmentStats (D:\TaskPro\BackEnd\src\modules\learning\enrollment.service.js:239:74)
    at async Object.getEnrollmentStats (D:\TaskPro\BackEnd\src\modules\learning\validation.js:18:16)
    at async D:\TaskPro\BackEnd\src\modules\learning\enrollment.controller.js:54:17
[2026-10-01 23:03:31] ERROR: POST /api/assignments - You are not authorized to manage assignments for this course 
Error: You are not authorized to manage assignments for this course
    at verifyMentorOwnership (D:\TaskPro\BackEnd\src\modules\learning\assignment.service.js:32:11)
    at async createAssignment (D:\TaskPro\BackEnd\src\modules\learning\assignment.service.js:49:3)
    at async Object.createAssignment (D:\TaskPro\BackEnd\src\modules\learning\validation.js:18:16)
    at async D:\TaskPro\BackEnd\src\modules\learning\assignment.controller.js:6:22
[2026-10-01 23:03:31] ERROR: POST /api/assignments - title must be a non-empty string 
Error: title must be a non-empty string
    at fail (D:\TaskPro\BackEnd\src\modules\learning\validation.js:2:23)
    at text (D:\TaskPro\BackEnd\src\modules\learning\validation.js:13:63)
    at validateAssignment (D:\TaskPro\BackEnd\src\modules\learning\assignment.service.js:4:3)
    at createAssignment (D:\TaskPro\BackEnd\src\modules\learning\assignment.service.js:45:3)
    at Object.createAssignment (D:\TaskPro\BackEnd\src\modules\learning\validation.js:18:22)
    at D:\TaskPro\BackEnd\src\modules\learning\assignment.controller.js:6:46
    at D:\TaskPro\BackEnd\src\utils\catchAsync.js:9:25
    at Layer.handleRequest (D:\TaskPro\BackEnd\node_modules\router\lib\layer.js:152:17)
    at next (D:\TaskPro\BackEnd\node_modules\router\lib\route.js:157:13)
    at D:\TaskPro\BackEnd\src\middlewares\authMiddleware.js:74:5
[2026-10-01 23:03:31] ERROR: POST /api/assignments - Invalid assignment type 
Error: Invalid assignment type
    at fail (D:\TaskPro\BackEnd\src\modules\learning\validation.js:2:23)
    at validateAssignment (D:\TaskPro\BackEnd\src\modules\learning\assignment.service.js:9:108)
    at createAssignment (D:\TaskPro\BackEnd\src\modules\learning\assignment.service.js:45:3)
    at Object.createAssignment (D:\TaskPro\BackEnd\src\modules\learning\validation.js:18:22)
    at D:\TaskPro\BackEnd\src\modules\learning\assignment.controller.js:6:46
    at D:\TaskPro\BackEnd\src\utils\catchAsync.js:9:25
    at Layer.handleRequest (D:\TaskPro\BackEnd\node_modules\router\lib\layer.js:152:17)
    at next (D:\TaskPro\BackEnd\node_modules\router\lib\route.js:157:13)
    at D:\TaskPro\BackEnd\src\middlewares\authMiddleware.js:74:5
    at Layer.handleRequest (D:\TaskPro\BackEnd\node_modules\router\lib\layer.js:152:17)
[2026-10-01 23:03:31] ERROR: POST /api/assignments - totalMarks must be an integer >= 1 
Error: totalMarks must be an integer >= 1
    at fail (D:\TaskPro\BackEnd\src\modules\learning\validation.js:2:23)
    at integer (D:\TaskPro\BackEnd\src\modules\learning\validation.js:7:5)
    at validateAssignment (D:\TaskPro\BackEnd\src\modules\learning\assignment.service.js:7:38)
    at createAssignment (D:\TaskPro\BackEnd\src\modules\learning\assignment.service.js:45:3)
    at Object.createAssignment (D:\TaskPro\BackEnd\src\modules\learning\validation.js:18:22)
    at D:\TaskPro\BackEnd\src\modules\learning\assignment.controller.js:6:46
    at D:\TaskPro\BackEnd\src\utils\catchAsync.js:9:25
    at Layer.handleRequest (D:\TaskPro\BackEnd\node_modules\router\lib\layer.js:152:17)
    at next (D:\TaskPro\BackEnd\node_modules\router\lib\route.js:157:13)
    at D:\TaskPro\BackEnd\src\middlewares\authMiddleware.js:74:5
[2026-10-01 23:03:31] ERROR: POST /api/assignments - totalMarks must be an integer >= 1 
Error: totalMarks must be an integer >= 1
    at fail (D:\TaskPro\BackEnd\src\modules\learning\validation.js:2:23)
    at integer (D:\TaskPro\BackEnd\src\modules\learning\validation.js:7:5)
    at validateAssignment (D:\TaskPro\BackEnd\src\modules\learning\assignment.service.js:7:38)
    at createAssignment (D:\TaskPro\BackEnd\src\modules\learning\assignment.service.js:45:3)
    at Object.createAssignment (D:\TaskPro\BackEnd\src\modules\learning\validation.js:18:22)
    at D:\TaskPro\BackEnd\src\modules\learning\assignment.controller.js:6:46
    at D:\TaskPro\BackEnd\src\utils\catchAsync.js:9:25
    at Layer.handleRequest (D:\TaskPro\BackEnd\node_modules\router\lib\layer.js:152:17)
    at next (D:\TaskPro\BackEnd\node_modules\router\lib\route.js:157:13)
    at D:\TaskPro\BackEnd\src\middlewares\authMiddleware.js:74:5
[2026-10-01 23:03:31] ERROR: POST /api/assignments - Invalid dueDate 
Error: Invalid dueDate
    at fail (D:\TaskPro\BackEnd\src\modules\learning\validation.js:2:23)
    at validateAssignment (D:\TaskPro\BackEnd\src\modules\learning\assignment.service.js:10:113)
    at createAssignment (D:\TaskPro\BackEnd\src\modules\learning\assignment.service.js:45:3)
    at Object.createAssignment (D:\TaskPro\BackEnd\src\modules\learning\validation.js:18:22)
    at D:\TaskPro\BackEnd\src\modules\learning\assignment.controller.js:6:46
    at D:\TaskPro\BackEnd\src\utils\catchAsync.js:9:25
    at Layer.handleRequest (D:\TaskPro\BackEnd\node_modules\router\lib\layer.js:152:17)
    at next (D:\TaskPro\BackEnd\node_modules\router\lib\route.js:157:13)
    at D:\TaskPro\BackEnd\src\middlewares\authMiddleware.js:74:5
    at Layer.handleRequest (D:\TaskPro\BackEnd\node_modules\router\lib\layer.js:152:17)
[2026-10-01 23:03:31] ERROR: PUT /api/assignments/2 - You are not authorized to update this assignment 
Error: You are not authorized to update this assignment
    at updateAssignment (D:\TaskPro\BackEnd\src\modules\learning\assignment.service.js:205:11)
    at async Object.updateAssignment (D:\TaskPro\BackEnd\src\modules\learning\validation.js:18:16)
    at async D:\TaskPro\BackEnd\src\modules\learning\assignment.controller.js:36:22
[2026-10-01 23:03:31] ERROR: POST /api/submissions/assignment/2 - You are not enrolled in this course 
Error: You are not enrolled in this course
    at submitAssignment (D:\TaskPro\BackEnd\src\modules\learning\submission.service.js:30:15)
    at async Object.submitAssignment (D:\TaskPro\BackEnd\src\modules\learning\validation.js:18:16)
    at async D:\TaskPro\BackEnd\src\modules\learning\submission.controller.js:6:22
[2026-10-01 23:03:31] ERROR: POST /api/submissions/assignment/2 - Submission content is required 
Error: Submission content is required
    at fail (D:\TaskPro\BackEnd\src\modules\learning\validation.js:2:23)
    at submitAssignment (D:\TaskPro\BackEnd\src\modules\learning\submission.service.js:40:107)
    at async Object.submitAssignment (D:\TaskPro\BackEnd\src\modules\learning\validation.js:18:16)
    at async D:\TaskPro\BackEnd\src\modules\learning\submission.controller.js:6:22
[2026-10-01 23:03:31] ERROR: GET /api/submissions/2 - Not authorized to view this submission 
Error: Not authorized to view this submission
    at fail (D:\TaskPro\BackEnd\src\modules\learning\validation.js:2:23)
    at getSubmissionById (D:\TaskPro\BackEnd\src\modules\learning\submission.service.js:285:138)
    at async Object.getSubmissionById (D:\TaskPro\BackEnd\src\modules\learning\validation.js:18:16)
    at async D:\TaskPro\BackEnd\src\modules\learning\submission.controller.js:66:22
[2026-10-01 23:03:31] ERROR: GET /api/submissions/2 - Not authorized to view this submission 
Error: Not authorized to view this submission
    at fail (D:\TaskPro\BackEnd\src\modules\learning\validation.js:2:23)
    at getSubmissionById (D:\TaskPro\BackEnd\src\modules\learning\submission.service.js:285:138)
    at async Object.getSubmissionById (D:\TaskPro\BackEnd\src\modules\learning\validation.js:18:16)
    at async D:\TaskPro\BackEnd\src\modules\learning\submission.controller.js:66:22
[2026-10-01 23:03:31] ERROR: GET /api/submissions/assignment/2 - Not authorized to view submissions 
Error: Not authorized to view submissions
    at fail (D:\TaskPro\BackEnd\src\modules\learning\validation.js:2:23)
    at getSubmissionsByAssignment (D:\TaskPro\BackEnd\src\modules\learning\submission.service.js:81:87)
    at async Object.getSubmissionsByAssignment (D:\TaskPro\BackEnd\src\modules\learning\validation.js:18:16)
    at async D:\TaskPro\BackEnd\src\modules\learning\submission.controller.js:21:5
[2026-10-01 23:03:31] ERROR: PUT /api/submissions/2/grade - You are not authorized to grade this submission 
Error: You are not authorized to grade this submission
    at gradeSubmission (D:\TaskPro\BackEnd\src\modules\learning\submission.service.js:204:15)
    at async Object.gradeSubmission (D:\TaskPro\BackEnd\src\modules\learning\validation.js:18:16)
    at async D:\TaskPro\BackEnd\src\modules\learning\submission.controller.js:56:22
[2026-10-01 23:03:31] ERROR: PUT /api/submissions/2/grade - marks must be an integer >= 0 
Error: marks must be an integer >= 0
    at fail (D:\TaskPro\BackEnd\src\modules\learning\validation.js:2:23)
    at integer (D:\TaskPro\BackEnd\src\modules\learning\validation.js:7:5)
    at gradeSubmission (D:\TaskPro\BackEnd\src\modules\learning\submission.service.js:208:30)
    at async Object.gradeSubmission (D:\TaskPro\BackEnd\src\modules\learning\validation.js:18:16)
    at async D:\TaskPro\BackEnd\src\modules\learning\submission.controller.js:56:22
[2026-10-01 23:03:31] ERROR: PUT /api/submissions/2/grade - Marks cannot exceed total marks (20) 
Error: Marks cannot exceed total marks (20)
    at gradeSubmission (D:\TaskPro\BackEnd\src\modules\learning\submission.service.js:214:15)
    at async Object.gradeSubmission (D:\TaskPro\BackEnd\src\modules\learning\validation.js:18:16)
    at async D:\TaskPro\BackEnd\src\modules\learning\submission.controller.js:56:22
[2026-10-01 23:03:31] ERROR: PUT /api/submissions/2/grade - marks must be an integer >= 0 
Error: marks must be an integer >= 0
    at fail (D:\TaskPro\BackEnd\src\modules\learning\validation.js:2:23)
    at integer (D:\TaskPro\BackEnd\src\modules\learning\validation.js:7:5)
    at gradeSubmission (D:\TaskPro\BackEnd\src\modules\learning\submission.service.js:208:30)
    at async Object.gradeSubmission (D:\TaskPro\BackEnd\src\modules\learning\validation.js:18:16)
    at async D:\TaskPro\BackEnd\src\modules\learning\submission.controller.js:56:22
[2026-10-01 23:03:31] ERROR: PUT /api/submissions/2/grade - Invalid submission status 
Error: Invalid submission status
    at fail (D:\TaskPro\BackEnd\src\modules\learning\validation.js:2:23)
    at gradeSubmission (D:\TaskPro\BackEnd\src\modules\learning\submission.service.js:210:100)
    at async Object.gradeSubmission (D:\TaskPro\BackEnd\src\modules\learning\validation.js:18:16)
    at async D:\TaskPro\BackEnd\src\modules\learning\submission.controller.js:56:22
[2026-10-01 23:03:31] ERROR: POST /api/submissions/assignment/2 - The due date for this assignment has passed 
Error: The due date for this assignment has passed
    at submitAssignment (D:\TaskPro\BackEnd\src\modules\learning\submission.service.js:35:15)
    at async Object.submitAssignment (D:\TaskPro\BackEnd\src\modules\learning\validation.js:18:16)
    at async D:\TaskPro\BackEnd\src\modules\learning\submission.controller.js:6:22
[2026-10-01 23:03:31] ERROR: PUT /api/progress/lesson/137/watch-time - Not enrolled in this course 
Error: Not enrolled in this course
    at fail (D:\TaskPro\BackEnd\src\modules\learning\validation.js:2:23)
    at verifyEnrollment (D:\TaskPro\BackEnd\src\modules\learning\progress.service.js:5:55)
    at async updateWatchTime (D:\TaskPro\BackEnd\src\modules\learning\progress.service.js:176:3)
    at async Object.updateWatchTime (D:\TaskPro\BackEnd\src\modules\learning\validation.js:18:16)
    at async D:\TaskPro\BackEnd\src\modules\learning\progress.controller.js:28:18
[2026-10-01 23:03:31] ERROR: POST /api/progress/lesson/137/complete - Not enrolled in this course 
Error: Not enrolled in this course
    at markLessonComplete (D:\TaskPro\BackEnd\src\modules\learning\progress.service.js:84:11)
    at async Object.markLessonComplete (D:\TaskPro\BackEnd\src\modules\learning\validation.js:18:16)
    at async D:\TaskPro\BackEnd\src\modules\learning\progress.controller.js:6:18
[2026-10-01 23:03:31] ERROR: PUT /api/progress/lesson/137/watch-time - watchTime must be an integer >= 0 
Error: watchTime must be an integer >= 0
    at fail (D:\TaskPro\BackEnd\src\modules\learning\validation.js:2:23)
    at integer (D:\TaskPro\BackEnd\src\modules\learning\validation.js:7:5)
    at updateWatchTime (D:\TaskPro\BackEnd\src\modules\learning\progress.service.js:166:3)
    at Object.updateWatchTime (D:\TaskPro\BackEnd\src\modules\learning\validation.js:18:22)
    at D:\TaskPro\BackEnd\src\modules\learning\progress.controller.js:28:40
    at D:\TaskPro\BackEnd\src\utils\catchAsync.js:9:25
    at Layer.handleRequest (D:\TaskPro\BackEnd\node_modules\router\lib\layer.js:152:17)
    at next (D:\TaskPro\BackEnd\node_modules\router\lib\route.js:157:13)
    at D:\TaskPro\BackEnd\src\middlewares\authMiddleware.js:74:5
    at Layer.handleRequest (D:\TaskPro\BackEnd\node_modules\router\lib\layer.js:152:17)
[2026-10-01 23:03:31] ERROR: PUT /api/progress/lesson/137/watch-time - watchTime must be an integer >= 0 
Error: watchTime must be an integer >= 0
    at fail (D:\TaskPro\BackEnd\src\modules\learning\validation.js:2:23)
    at integer (D:\TaskPro\BackEnd\src\modules\learning\validation.js:7:5)
    at updateWatchTime (D:\TaskPro\BackEnd\src\modules\learning\progress.service.js:166:3)
    at Object.updateWatchTime (D:\TaskPro\BackEnd\src\modules\learning\validation.js:18:22)
    at D:\TaskPro\BackEnd\src\modules\learning\progress.controller.js:28:40
    at D:\TaskPro\BackEnd\src\utils\catchAsync.js:9:25
    at Layer.handleRequest (D:\TaskPro\BackEnd\node_modules\router\lib\layer.js:152:17)
    at next (D:\TaskPro\BackEnd\node_modules\router\lib\route.js:157:13)
    at D:\TaskPro\BackEnd\src\middlewares\authMiddleware.js:74:5
    at Layer.handleRequest (D:\TaskPro\BackEnd\node_modules\router\lib\layer.js:152:17)
[2026-10-01 23:03:31] ERROR: PUT /api/progress/lesson/137/watch-time - watchTime must be an integer >= 0 
Error: watchTime must be an integer >= 0
    at fail (D:\TaskPro\BackEnd\src\modules\learning\validation.js:2:23)
    at integer (D:\TaskPro\BackEnd\src\modules\learning\validation.js:7:5)
    at updateWatchTime (D:\TaskPro\BackEnd\src\modules\learning\progress.service.js:166:3)
    at Object.updateWatchTime (D:\TaskPro\BackEnd\src\modules\learning\validation.js:18:22)
    at D:\TaskPro\BackEnd\src\modules\learning\progress.controller.js:28:40
    at D:\TaskPro\BackEnd\src\utils\catchAsync.js:9:25
    at Layer.handleRequest (D:\TaskPro\BackEnd\node_modules\router\lib\layer.js:152:17)
    at next (D:\TaskPro\BackEnd\node_modules\router\lib\route.js:157:13)
    at D:\TaskPro\BackEnd\src\middlewares\authMiddleware.js:74:5
    at Layer.handleRequest (D:\TaskPro\BackEnd\node_modules\router\lib\layer.js:152:17)
[2026-10-01 23:03:31] ERROR: PUT /api/progress/lesson/137/watch-time - watchTime must be an integer >= 0 
Error: watchTime must be an integer >= 0
    at fail (D:\TaskPro\BackEnd\src\modules\learning\validation.js:2:23)
    at integer (D:\TaskPro\BackEnd\src\modules\learning\validation.js:7:5)
    at updateWatchTime (D:\TaskPro\BackEnd\src\modules\learning\progress.service.js:166:3)
    at Object.updateWatchTime (D:\TaskPro\BackEnd\src\modules\learning\validation.js:18:22)
    at D:\TaskPro\BackEnd\src\modules\learning\progress.controller.js:28:40
    at D:\TaskPro\BackEnd\src\utils\catchAsync.js:9:25
    at Layer.handleRequest (D:\TaskPro\BackEnd\node_modules\router\lib\layer.js:152:17)
    at next (D:\TaskPro\BackEnd\node_modules\router\lib\route.js:157:13)
    at D:\TaskPro\BackEnd\src\middlewares\authMiddleware.js:74:5
    at Layer.handleRequest (D:\TaskPro\BackEnd\node_modules\router\lib\layer.js:152:17)
[2026-10-01 23:03:32] ERROR: POST /api/progress/lesson/137/complete - Not enrolled in this course 
Error: Not enrolled in this course
    at markLessonComplete (D:\TaskPro\BackEnd\src\modules\learning\progress.service.js:84:11)
    at async Object.markLessonComplete (D:\TaskPro\BackEnd\src\modules\learning\validation.js:18:16)
    at async D:\TaskPro\BackEnd\src\modules\learning\progress.controller.js:6:18
[2026-10-01 23:03:32] ERROR: POST /api/progress/lesson/137/incomplete - Not enrolled in this course 
Error: Not enrolled in this course
    at fail (D:\TaskPro\BackEnd\src\modules\learning\validation.js:2:23)
    at verifyEnrollment (D:\TaskPro\BackEnd\src\modules\learning\progress.service.js:5:55)
    at async markLessonIncomplete (D:\TaskPro\BackEnd\src\modules\learning\progress.service.js:127:3)
    at async Object.markLessonIncomplete (D:\TaskPro\BackEnd\src\modules\learning\validation.js:18:16)
    at async D:\TaskPro\BackEnd\src\modules\learning\progress.controller.js:14:18
[2026-10-01 23:03:32] ERROR: PUT /api/progress/lesson/137/watch-time - Not enrolled in this course 
Error: Not enrolled in this course
    at fail (D:\TaskPro\BackEnd\src\modules\learning\validation.js:2:23)
    at verifyEnrollment (D:\TaskPro\BackEnd\src\modules\learning\progress.service.js:5:55)
    at async updateWatchTime (D:\TaskPro\BackEnd\src\modules\learning\progress.service.js:176:3)
    at async Object.updateWatchTime (D:\TaskPro\BackEnd\src\modules\learning\validation.js:18:16)
    at async D:\TaskPro\BackEnd\src\modules\learning\progress.controller.js:28:18
[2026-10-01 23:03:32] ERROR: GET /api/progress/course/29 - Not enrolled in this course 
Error: Not enrolled in this course
    at getCourseProgress (D:\TaskPro\BackEnd\src\modules\learning\progress.service.js:211:11)
    at async Object.getCourseProgress (D:\TaskPro\BackEnd\src\modules\learning\validation.js:18:16)
    at async D:\TaskPro\BackEnd\src\modules\learning\progress.controller.js:37:18
[2026-10-01 23:03:32] ERROR: POST /api/reviews/course/29 - You must be enrolled in this course to leave a review 
Error: You must be enrolled in this course to leave a review
    at createReview (D:\TaskPro\BackEnd\src\modules\learning\review.service.js:31:11)
    at async Object.createReview (D:\TaskPro\BackEnd\src\modules\learning\validation.js:18:16)
    at async D:\TaskPro\BackEnd\src\modules\learning\review.controller.js:6:18
[2026-10-01 23:03:32] ERROR: POST /api/reviews/course/29 - You must be enrolled in this course to leave a review 
Error: You must be enrolled in this course to leave a review
    at createReview (D:\TaskPro\BackEnd\src\modules\learning\review.service.js:31:11)
    at async Object.createReview (D:\TaskPro\BackEnd\src\modules\learning\validation.js:18:16)
    at async D:\TaskPro\BackEnd\src\modules\learning\review.controller.js:6:18
[2026-10-01 23:03:32] ERROR: POST /api/reviews/course/29 - rating must be an integer >= 1 
Error: rating must be an integer >= 1
    at fail (D:\TaskPro\BackEnd\src\modules\learning\validation.js:2:23)
    at integer (D:\TaskPro\BackEnd\src\modules\learning\validation.js:7:5)
    at createReview (D:\TaskPro\BackEnd\src\modules\learning\review.service.js:13:3)
    at Object.createReview (D:\TaskPro\BackEnd\src\modules\learning\validation.js:18:22)
    at D:\TaskPro\BackEnd\src\modules\learning\review.controller.js:6:38
    at D:\TaskPro\BackEnd\src\utils\catchAsync.js:9:25
    at Layer.handleRequest (D:\TaskPro\BackEnd\node_modules\router\lib\layer.js:152:17)
    at next (D:\TaskPro\BackEnd\node_modules\router\lib\route.js:157:13)
    at D:\TaskPro\BackEnd\src\middlewares\authMiddleware.js:74:5
    at Layer.handleRequest (D:\TaskPro\BackEnd\node_modules\router\lib\layer.js:152:17)
[2026-10-01 23:03:32] ERROR: POST /api/reviews/course/29 - Rating must be between 1 and 5 
Error: Rating must be between 1 and 5
    at createReview (D:\TaskPro\BackEnd\src\modules\learning\review.service.js:17:11)
    at Object.createReview (D:\TaskPro\BackEnd\src\modules\learning\validation.js:18:22)
    at D:\TaskPro\BackEnd\src\modules\learning\review.controller.js:6:38
    at D:\TaskPro\BackEnd\src\utils\catchAsync.js:9:25
    at Layer.handleRequest (D:\TaskPro\BackEnd\node_modules\router\lib\layer.js:152:17)
    at next (D:\TaskPro\BackEnd\node_modules\router\lib\route.js:157:13)
    at D:\TaskPro\BackEnd\src\middlewares\authMiddleware.js:74:5
    at Layer.handleRequest (D:\TaskPro\BackEnd\node_modules\router\lib\layer.js:152:17)
    at next (D:\TaskPro\BackEnd\node_modules\router\lib\route.js:157:13)
    at authenticate (D:\TaskPro\BackEnd\src\middlewares\authMiddleware.js:44:5)
[2026-10-01 23:03:32] ERROR: POST /api/reviews/course/29 - rating must be an integer >= 1 
Error: rating must be an integer >= 1
    at fail (D:\TaskPro\BackEnd\src\modules\learning\validation.js:2:23)
    at integer (D:\TaskPro\BackEnd\src\modules\learning\validation.js:7:5)
    at createReview (D:\TaskPro\BackEnd\src\modules\learning\review.service.js:13:3)
    at Object.createReview (D:\TaskPro\BackEnd\src\modules\learning\validation.js:18:22)
    at D:\TaskPro\BackEnd\src\modules\learning\review.controller.js:6:38
    at D:\TaskPro\BackEnd\src\utils\catchAsync.js:9:25
    at Layer.handleRequest (D:\TaskPro\BackEnd\node_modules\router\lib\layer.js:152:17)
    at next (D:\TaskPro\BackEnd\node_modules\router\lib\route.js:157:13)
    at D:\TaskPro\BackEnd\src\middlewares\authMiddleware.js:74:5
    at Layer.handleRequest (D:\TaskPro\BackEnd\node_modules\router\lib\layer.js:152:17)
[2026-10-01 23:03:32] ERROR: POST /api/reviews/course/29 - rating must be an integer >= 1 
Error: rating must be an integer >= 1
    at fail (D:\TaskPro\BackEnd\src\modules\learning\validation.js:2:23)
    at integer (D:\TaskPro\BackEnd\src\modules\learning\validation.js:7:5)
    at createReview (D:\TaskPro\BackEnd\src\modules\learning\review.service.js:13:3)
    at Object.createReview (D:\TaskPro\BackEnd\src\modules\learning\validation.js:18:22)
    at D:\TaskPro\BackEnd\src\modules\learning\review.controller.js:6:38
    at D:\TaskPro\BackEnd\src\utils\catchAsync.js:9:25
    at Layer.handleRequest (D:\TaskPro\BackEnd\node_modules\router\lib\layer.js:152:17)
    at next (D:\TaskPro\BackEnd\node_modules\router\lib\route.js:157:13)
    at D:\TaskPro\BackEnd\src\middlewares\authMiddleware.js:74:5
    at Layer.handleRequest (D:\TaskPro\BackEnd\node_modules\router\lib\layer.js:152:17)
[2026-10-01 23:03:32] ERROR: POST /api/reviews/course/29 - You have already reviewed this course 
Error: You have already reviewed this course
    at createReview (D:\TaskPro\BackEnd\src\modules\learning\review.service.js:45:11)
    at async Object.createReview (D:\TaskPro\BackEnd\src\modules\learning\validation.js:18:16)
    at async D:\TaskPro\BackEnd\src\modules\learning\review.controller.js:6:18
[2026-10-01 23:03:32] ERROR: PUT /api/reviews/2 - You can only update your own review 
Error: You can only update your own review
    at updateReview (D:\TaskPro\BackEnd\src\modules\learning\review.service.js:115:11)
    at async Object.updateReview (D:\TaskPro\BackEnd\src\modules\learning\validation.js:18:16)
    at async D:\TaskPro\BackEnd\src\modules\learning\review.controller.js:23:18
[2026-10-01 23:03:32] ERROR: DELETE /api/reviews/2 - You can only delete your own review 
Error: You can only delete your own review
    at deleteReview (D:\TaskPro\BackEnd\src\modules\learning\review.service.js:161:11)
    at async Object.deleteReview (D:\TaskPro\BackEnd\src\modules\learning\validation.js:18:16)
    at async D:\TaskPro\BackEnd\src\modules\learning\review.controller.js:32:18
[2026-10-01 23:03:32] ERROR: PUT /api/reviews/2 - rating must be an integer >= 1 
Error: rating must be an integer >= 1
    at fail (D:\TaskPro\BackEnd\src\modules\learning\validation.js:2:23)
    at integer (D:\TaskPro\BackEnd\src\modules\learning\validation.js:7:5)
    at updateReview (D:\TaskPro\BackEnd\src\modules\learning\review.service.js:121:5)
    at async Object.updateReview (D:\TaskPro\BackEnd\src\modules\learning\validation.js:18:16)
    at async D:\TaskPro\BackEnd\src\modules\learning\review.controller.js:23:18
[2026-10-01 23:03:32] ERROR: POST /api/progress/lesson/137/incomplete - Not enrolled in this course 
Error: Not enrolled in this course
    at fail (D:\TaskPro\BackEnd\src\modules\learning\validation.js:2:23)
    at verifyEnrollment (D:\TaskPro\BackEnd\src\modules\learning\progress.service.js:5:55)
    at async markLessonIncomplete (D:\TaskPro\BackEnd\src\modules\learning\progress.service.js:127:3)
    at async Object.markLessonIncomplete (D:\TaskPro\BackEnd\src\modules\learning\validation.js:18:16)
    at async D:\TaskPro\BackEnd\src\modules\learning\progress.controller.js:14:18
[2026-10-01 23:03:32] ERROR: GET /api/progress/course/29 - Not enrolled in this course 
Error: Not enrolled in this course
    at getCourseProgress (D:\TaskPro\BackEnd\src\modules\learning\progress.service.js:211:11)
    at async Object.getCourseProgress (D:\TaskPro\BackEnd\src\modules\learning\validation.js:18:16)
    at async D:\TaskPro\BackEnd\src\modules\learning\progress.controller.js:37:18
[2026-10-01 23:03:32] ERROR: DELETE /api/assignments/2 - You are not authorized to delete this assignment 
Error: You are not authorized to delete this assignment
    at deleteAssignment (D:\TaskPro\BackEnd\src\modules\learning\assignment.service.js:263:11)
    at async Object.deleteAssignment (D:\TaskPro\BackEnd\src\modules\learning\validation.js:18:16)
    at async D:\TaskPro\BackEnd\src\modules\learning\assignment.controller.js:46:18
[2026-10-01 23:03:32] ERROR: GET /api/assignments/2 - Assignment not found 
Error: Assignment not found
    at getAssignmentById (D:\TaskPro\BackEnd\src\modules\learning\assignment.service.js:183:11)
    at async Object.getAssignmentById (D:\TaskPro\BackEnd\src\modules\learning\validation.js:18:16)
    at async D:\TaskPro\BackEnd\src\modules\learning\assignment.controller.js:29:22
[2026-10-01 23:04:09] ERROR: POST /api/chat - Invalid ID 
Error: Invalid ID
    at id (D:\TaskPro\BackEnd\src\modules\community\validation.js:6:11)
    at Object.getOrCreateConversation (D:\TaskPro\BackEnd\src\modules\community\chat.service.js:72:18)
    at D:\TaskPro\BackEnd\src\modules\community\chat.controller.js:19:42
    at D:\TaskPro\BackEnd\src\utils\catchAsync.js:9:25
    at Layer.handleRequest (D:\TaskPro\BackEnd\node_modules\router\lib\layer.js:152:17)
    at next (D:\TaskPro\BackEnd\node_modules\router\lib\route.js:157:13)
    at Route.dispatch (D:\TaskPro\BackEnd\node_modules\router\lib\route.js:117:3)
    at handle (D:\TaskPro\BackEnd\node_modules\router\index.js:435:11)
    at Layer.handleRequest (D:\TaskPro\BackEnd\node_modules\router\lib\layer.js:152:17)
    at D:\TaskPro\BackEnd\node_modules\router\index.js:295:15
[2026-10-01 23:04:09] ERROR: POST /api/chat - Invalid ID 
Error: Invalid ID
    at id (D:\TaskPro\BackEnd\src\modules\community\validation.js:6:11)
    at validateIds (D:\TaskPro\BackEnd\src\modules\community\validation.js:17:68)
    at Layer.handleRequest (D:\TaskPro\BackEnd\node_modules\router\lib\layer.js:152:17)
    at trimPrefix (D:\TaskPro\BackEnd\node_modules\router\index.js:342:13)
    at D:\TaskPro\BackEnd\node_modules\router\index.js:297:9
    at processParams (D:\TaskPro\BackEnd\node_modules\router\index.js:582:12)
    at next (D:\TaskPro\BackEnd\node_modules\router\index.js:291:5)
    at authenticate (D:\TaskPro\BackEnd\src\middlewares\authMiddleware.js:44:5)
[2026-10-01 23:04:09] ERROR: POST /api/chat - Invalid ID 
Error: Invalid ID
    at id (D:\TaskPro\BackEnd\src\modules\community\validation.js:6:11)
    at validateIds (D:\TaskPro\BackEnd\src\modules\community\validation.js:17:68)
    at Layer.handleRequest (D:\TaskPro\BackEnd\node_modules\router\lib\layer.js:152:17)
    at trimPrefix (D:\TaskPro\BackEnd\node_modules\router\index.js:342:13)
    at D:\TaskPro\BackEnd\node_modules\router\index.js:297:9
    at processParams (D:\TaskPro\BackEnd\node_modules\router\index.js:582:12)
    at next (D:\TaskPro\BackEnd\node_modules\router\index.js:291:5)
    at authenticate (D:\TaskPro\BackEnd\src\middlewares\authMiddleware.js:44:5)
[2026-10-01 23:04:09] ERROR: POST /api/chat - Invalid ID 
Error: Invalid ID
    at id (D:\TaskPro\BackEnd\src\modules\community\validation.js:6:11)
    at validateIds (D:\TaskPro\BackEnd\src\modules\community\validation.js:17:68)
    at Layer.handleRequest (D:\TaskPro\BackEnd\node_modules\router\lib\layer.js:152:17)
    at trimPrefix (D:\TaskPro\BackEnd\node_modules\router\index.js:342:13)
    at D:\TaskPro\BackEnd\node_modules\router\index.js:297:9
    at processParams (D:\TaskPro\BackEnd\node_modules\router\index.js:582:12)
    at next (D:\TaskPro\BackEnd\node_modules\router\index.js:291:5)
    at authenticate (D:\TaskPro\BackEnd\src\middlewares\authMiddleware.js:44:5)
[2026-10-01 23:04:09] ERROR: POST /api/chat - Invalid ID 
Error: Invalid ID
    at id (D:\TaskPro\BackEnd\src\modules\community\validation.js:6:11)
    at validateIds (D:\TaskPro\BackEnd\src\modules\community\validation.js:17:68)
    at Layer.handleRequest (D:\TaskPro\BackEnd\node_modules\router\lib\layer.js:152:17)
    at trimPrefix (D:\TaskPro\BackEnd\node_modules\router\index.js:342:13)
    at D:\TaskPro\BackEnd\node_modules\router\index.js:297:9
    at processParams (D:\TaskPro\BackEnd\node_modules\router\index.js:582:12)
    at next (D:\TaskPro\BackEnd\node_modules\router\index.js:291:5)
    at authenticate (D:\TaskPro\BackEnd\src\middlewares\authMiddleware.js:44:5)
[2026-10-01 23:04:09] ERROR: POST /api/chat - Invalid ID 
Error: Invalid ID
    at id (D:\TaskPro\BackEnd\src\modules\community\validation.js:6:11)
    at validateIds (D:\TaskPro\BackEnd\src\modules\community\validation.js:17:68)
    at Layer.handleRequest (D:\TaskPro\BackEnd\node_modules\router\lib\layer.js:152:17)
    at trimPrefix (D:\TaskPro\BackEnd\node_modules\router\index.js:342:13)
    at D:\TaskPro\BackEnd\node_modules\router\index.js:297:9
    at processParams (D:\TaskPro\BackEnd\node_modules\router\index.js:582:12)
    at next (D:\TaskPro\BackEnd\node_modules\router\index.js:291:5)
    at authenticate (D:\TaskPro\BackEnd\src\middlewares\authMiddleware.js:44:5)
[2026-10-01 23:04:09] ERROR: POST /api/chat - Invalid ID 
Error: Invalid ID
    at id (D:\TaskPro\BackEnd\src\modules\community\validation.js:6:11)
    at validateIds (D:\TaskPro\BackEnd\src\modules\community\validation.js:17:68)
    at Layer.handleRequest (D:\TaskPro\BackEnd\node_modules\router\lib\layer.js:152:17)
    at trimPrefix (D:\TaskPro\BackEnd\node_modules\router\index.js:342:13)
    at D:\TaskPro\BackEnd\node_modules\router\index.js:297:9
    at processParams (D:\TaskPro\BackEnd\node_modules\router\index.js:582:12)
    at next (D:\TaskPro\BackEnd\node_modules\router\index.js:291:5)
    at authenticate (D:\TaskPro\BackEnd\src\middlewares\authMiddleware.js:44:5)
[2026-10-01 23:04:09] ERROR: POST /api/chat - Cannot chat with yourself 
Error: Cannot chat with yourself
    at Object.getOrCreateConversation (D:\TaskPro\BackEnd\src\modules\community\chat.service.js:73:38)
    at D:\TaskPro\BackEnd\src\modules\community\chat.controller.js:19:42
    at D:\TaskPro\BackEnd\src\utils\catchAsync.js:9:25
    at Layer.handleRequest (D:\TaskPro\BackEnd\node_modules\router\lib\layer.js:152:17)
    at next (D:\TaskPro\BackEnd\node_modules\router\lib\route.js:157:13)
    at Route.dispatch (D:\TaskPro\BackEnd\node_modules\router\lib\route.js:117:3)
    at handle (D:\TaskPro\BackEnd\node_modules\router\index.js:435:11)
    at Layer.handleRequest (D:\TaskPro\BackEnd\node_modules\router\lib\layer.js:152:17)
    at D:\TaskPro\BackEnd\node_modules\router\index.js:295:15
    at processParams (D:\TaskPro\BackEnd\node_modules\router\index.js:582:12)
[2026-10-01 23:04:09] ERROR: POST /api/chat - User not found 
Error: User not found
    at Object.getOrCreateConversation (D:\TaskPro\BackEnd\src\modules\community\chat.service.js:75:42)
    at async D:\TaskPro\BackEnd\src\modules\community\chat.controller.js:19:24
[2026-10-01 23:04:09] ERROR: GET /api/chat/12/messages - Not authorized to view this conversation 
Error: Not authorized to view this conversation
    at Object.getMessages (D:\TaskPro\BackEnd\src\modules\community\chat.service.js:134:11)
    at async D:\TaskPro\BackEnd\src\modules\community\chat.controller.js:30:20
[2026-10-01 23:04:09] ERROR: POST /api/chat/12/messages - Not part of this conversation 
Error: Not part of this conversation
    at Object.sendMessage (D:\TaskPro\BackEnd\src\modules\community\chat.service.js:166:11)
    at async D:\TaskPro\BackEnd\src\modules\community\chat.controller.js:39:19
[2026-10-01 23:04:09] ERROR: DELETE /api/chat/12/messages - Access denied 
Error: Access denied
    at requireParticipant (D:\TaskPro\BackEnd\src\modules\community\chat.service.js:8:27)
    at async Object.clearConversation (D:\TaskPro\BackEnd\src\modules\community\chat.service.js:369:3)
    at async D:\TaskPro\BackEnd\src\modules\community\chat.controller.js:124:3
[2026-10-01 23:04:09] ERROR: DELETE /api/chat/12 - Access denied 
Error: Access denied
    at requireParticipant (D:\TaskPro\BackEnd\src\modules\community\chat.service.js:8:27)
    at async Object.deleteConversation (D:\TaskPro\BackEnd\src\modules\community\chat.service.js:357:3)
    at async D:\TaskPro\BackEnd\src\modules\community\chat.controller.js:117:3
[2026-10-01 23:04:09] ERROR: POST /api/chat/12/messages - Text must not be empty 
Error: Text must not be empty
    at text (D:\TaskPro\BackEnd\src\modules\community\validation.js:11:57)
    at validateIds (D:\TaskPro\BackEnd\src\modules\community\validation.js:21:42)
    at Layer.handleRequest (D:\TaskPro\BackEnd\node_modules\router\lib\layer.js:152:17)
    at trimPrefix (D:\TaskPro\BackEnd\node_modules\router\index.js:342:13)
    at D:\TaskPro\BackEnd\node_modules\router\index.js:297:9
    at processParams (D:\TaskPro\BackEnd\node_modules\router\index.js:582:12)
    at next (D:\TaskPro\BackEnd\node_modules\router\index.js:291:5)
    at authenticate (D:\TaskPro\BackEnd\src\middlewares\authMiddleware.js:44:5)
[2026-10-01 23:04:09] ERROR: GET /api/chat/abc/messages - Invalid ID 
Error: Invalid ID
    at Object.id (D:\TaskPro\BackEnd\src\modules\community\validation.js:6:11)
    at D:\TaskPro\BackEnd\src\modules\community\chat.routes.js:29:79
    at paramCallback (D:\TaskPro\BackEnd\node_modules\router\index.js:649:19)
    at param (D:\TaskPro\BackEnd\node_modules\router\index.js:629:5)
    at processParams (D:\TaskPro\BackEnd\node_modules\router\index.js:664:3)
    at next (D:\TaskPro\BackEnd\node_modules\router\index.js:291:5)
    at validateIds (D:\TaskPro\BackEnd\src\modules\community\validation.js:23:5)
    at Layer.handleRequest (D:\TaskPro\BackEnd\node_modules\router\lib\layer.js:152:17)
    at trimPrefix (D:\TaskPro\BackEnd\node_modules\router\index.js:342:13)
    at D:\TaskPro\BackEnd\node_modules\router\index.js:297:9
[2026-10-01 23:04:09] ERROR: GET /api/chat/2147483647/messages - Conversation not found 
Error: Conversation not found
    at Object.getMessages (D:\TaskPro\BackEnd\src\modules\community\chat.service.js:125:83)
    at async D:\TaskPro\BackEnd\src\modules\community\chat.controller.js:30:20
[2026-10-01 23:04:09] ERROR: POST /api/chat/workspaces - Text must not be empty 
Error: Text must not be empty
    at text (D:\TaskPro\BackEnd\src\modules\community\validation.js:11:57)
    at validateIds (D:\TaskPro\BackEnd\src\modules\community\validation.js:21:42)
    at Layer.handleRequest (D:\TaskPro\BackEnd\node_modules\router\lib\layer.js:152:17)
    at trimPrefix (D:\TaskPro\BackEnd\node_modules\router\index.js:342:13)
    at D:\TaskPro\BackEnd\node_modules\router\index.js:297:9
    at processParams (D:\TaskPro\BackEnd\node_modules\router\index.js:582:12)
    at next (D:\TaskPro\BackEnd\node_modules\router\index.js:291:5)
    at authenticate (D:\TaskPro\BackEnd\src\middlewares\authMiddleware.js:44:5)
[2026-10-01 23:04:10] ERROR: GET /api/chat/channels/5/messages - Access denied 
Error: Access denied
    at authorizeChannel (D:\TaskPro\BackEnd\src\modules\community\chat.service.js:22:82)
    at async Object.getChannelMessages (D:\TaskPro\BackEnd\src\modules\community\chat.service.js:233:3)
    at async D:\TaskPro\BackEnd\src\modules\community\chat.controller.js:57:20
[2026-10-01 23:04:10] ERROR: POST /api/chat/channels/5/messages - Access denied 
Error: Access denied
    at authorizeChannel (D:\TaskPro\BackEnd\src\modules\community\chat.service.js:22:82)
    at async Object.sendChannelMessage (D:\TaskPro\BackEnd\src\modules\community\chat.service.js:266:3)
    at async D:\TaskPro\BackEnd\src\modules\community\chat.controller.js:66:19
[2026-10-01 23:04:10] ERROR: PUT /api/chat/workspaces/3 - You are not authorized to edit this group 
Error: You are not authorized to edit this group
    at Object.updateWorkspace (D:\TaskPro\BackEnd\src\modules\community\chat.service.js:323:11)
    at async D:\TaskPro\BackEnd\src\modules\community\chat.controller.js:95:23
[2026-10-01 23:04:10] ERROR: POST /api/chat/workspaces/3/members - Access denied 
Error: Access denied
    at Object.authorizeWorkspaceManager (D:\TaskPro\BackEnd\src\modules\community\chat.service.js:14:63)
    at async D:\TaskPro\BackEnd\src\modules\community\chat.controller.js:102:3
[2026-10-01 23:04:10] ERROR: POST /api/chat/workspaces/3/members - User not found 
Error: User not found
    at Object.addWorkspaceMember (D:\TaskPro\BackEnd\src\modules\community\chat.service.js:342:50)
    at async D:\TaskPro\BackEnd\src\modules\community\chat.controller.js:103:18
[2026-10-01 23:04:10] ERROR: POST /api/chat/workspaces/join - Workspace not found 
Error: Workspace not found
    at Object.addWorkspaceMember (D:\TaskPro\BackEnd\src\modules\community\chat.service.js:337:25)
    at async D:\TaskPro\BackEnd\src\modules\community\chat.controller.js:110:18
[2026-10-01 23:04:10] ERROR: POST /api/chat/channels/5/messages - Text must not be empty 
Error: Text must not be empty
    at text (D:\TaskPro\BackEnd\src\modules\community\validation.js:11:57)
    at validateIds (D:\TaskPro\BackEnd\src\modules\community\validation.js:21:42)
    at Layer.handleRequest (D:\TaskPro\BackEnd\node_modules\router\lib\layer.js:152:17)
    at trimPrefix (D:\TaskPro\BackEnd\node_modules\router\index.js:342:13)
    at D:\TaskPro\BackEnd\node_modules\router\index.js:297:9
    at processParams (D:\TaskPro\BackEnd\node_modules\router\index.js:582:12)
    at next (D:\TaskPro\BackEnd\node_modules\router\index.js:291:5)
    at authenticate (D:\TaskPro\BackEnd\src\middlewares\authMiddleware.js:44:5)
[2026-10-01 23:04:10] ERROR: GET /api/chat/channels/5/messages?cursor=abc - Invalid ID 
Error: Invalid ID
    at id (D:\TaskPro\BackEnd\src\modules\community\validation.js:6:11)
    at validateIds (D:\TaskPro\BackEnd\src\modules\community\validation.js:19:41)
    at Layer.handleRequest (D:\TaskPro\BackEnd\node_modules\router\lib\layer.js:152:17)
    at trimPrefix (D:\TaskPro\BackEnd\node_modules\router\index.js:342:13)
    at D:\TaskPro\BackEnd\node_modules\router\index.js:297:9
    at processParams (D:\TaskPro\BackEnd\node_modules\router\index.js:582:12)
    at next (D:\TaskPro\BackEnd\node_modules\router\index.js:291:5)
    at authenticate (D:\TaskPro\BackEnd\src\middlewares\authMiddleware.js:44:5)
[2026-10-01 23:04:10] ERROR: POST /api/chat/channels/5/messages - Invalid message type 
Error: Invalid message type
    at Object.sendChannelMessage (D:\TaskPro\BackEnd\src\modules\community\chat.service.js:267:61)
    at async D:\TaskPro\BackEnd\src\modules\community\chat.controller.js:66:19
[2026-10-01 23:04:10] ERROR: GET /api/chat/channels/2147483647/messages - Channel not found 
Error: Channel not found
    at authorizeChannel (D:\TaskPro\BackEnd\src\modules\community\chat.service.js:20:23)
    at async Object.getChannelMessages (D:\TaskPro\BackEnd\src\modules\community\chat.service.js:233:3)
    at async D:\TaskPro\BackEnd\src\modules\community\chat.controller.js:57:20
[2026-10-01 23:04:10] ERROR: PUT /api/discussions/5 - You can only edit your own discussions 
Error: You can only edit your own discussions
    at Object.updateDiscussion (D:\TaskPro\BackEnd\src\modules\community\discussion.service.js:167:11)
    at async D:\TaskPro\BackEnd\src\modules\community\discussion.controller.js:45:22
[2026-10-01 23:04:10] ERROR: DELETE /api/discussions/5 - You can only delete your own discussions 
Error: You can only delete your own discussions
    at Object.deleteDiscussion (D:\TaskPro\BackEnd\src\modules\community\discussion.service.js:199:11)
    at async D:\TaskPro\BackEnd\src\modules\community\discussion.controller.js:54:18
[2026-10-01 23:04:10] ERROR: PUT /api/discussions/5/resolve - Only the author can mark discussions as resolved 
Error: Only the author can mark discussions as resolved
    at Object.toggleResolved (D:\TaskPro\BackEnd\src\modules\community\discussion.service.js:219:11)
    at async D:\TaskPro\BackEnd\src\modules\community\discussion.controller.js:63:22
[2026-10-01 23:04:10] ERROR: POST /api/discussions/5/replies - Text must not be empty 
Error: Text must not be empty
    at text (D:\TaskPro\BackEnd\src\modules\community\validation.js:11:57)
    at validateIds (D:\TaskPro\BackEnd\src\modules\community\validation.js:21:42)
    at Layer.handleRequest (D:\TaskPro\BackEnd\node_modules\router\lib\layer.js:152:17)
    at trimPrefix (D:\TaskPro\BackEnd\node_modules\router\index.js:342:13)
    at D:\TaskPro\BackEnd\node_modules\router\index.js:297:9
    at processParams (D:\TaskPro\BackEnd\node_modules\router\index.js:582:12)
    at next (D:\TaskPro\BackEnd\node_modules\router\index.js:291:5)
    at authenticate (D:\TaskPro\BackEnd\src\middlewares\authMiddleware.js:44:5)
[2026-10-01 23:04:10] ERROR: POST /api/discussions/6/replies - Parent reply not found in this discussion 
Error: Parent reply not found in this discussion
    at Object.createReply (D:\TaskPro\BackEnd\src\modules\community\discussion.service.js:261:13)
    at async D:\TaskPro\BackEnd\src\modules\community\discussion.controller.js:79:17
[2026-10-01 23:04:10] ERROR: PUT /api/discussions/replies/5 - You can only edit your own replies 
Error: You can only edit your own replies
    at Object.updateReply (D:\TaskPro\BackEnd\src\modules\community\discussion.service.js:296:11)
    at async D:\TaskPro\BackEnd\src\modules\community\discussion.controller.js:88:17
[2026-10-01 23:04:11] ERROR: DELETE /api/discussions/replies/5 - You can only delete your own replies 
Error: You can only delete your own replies
    at Object.deleteReply (D:\TaskPro\BackEnd\src\modules\community\discussion.service.js:325:11)
    at async D:\TaskPro\BackEnd\src\modules\community\discussion.controller.js:97:18
[2026-10-01 23:04:11] ERROR: GET /api/discussions/abc - Invalid ID 
Error: Invalid ID
    at Object.id (D:\TaskPro\BackEnd\src\modules\community\validation.js:6:11)
    at D:\TaskPro\BackEnd\src\modules\community\discussion.routes.js:29:86
    at paramCallback (D:\TaskPro\BackEnd\node_modules\router\index.js:649:19)
    at param (D:\TaskPro\BackEnd\node_modules\router\index.js:629:5)
    at processParams (D:\TaskPro\BackEnd\node_modules\router\index.js:664:3)
    at next (D:\TaskPro\BackEnd\node_modules\router\index.js:291:5)
    at validateIds (D:\TaskPro\BackEnd\src\modules\community\validation.js:23:5)
    at Layer.handleRequest (D:\TaskPro\BackEnd\node_modules\router\lib\layer.js:152:17)
    at trimPrefix (D:\TaskPro\BackEnd\node_modules\router\index.js:342:13)
    at D:\TaskPro\BackEnd\node_modules\router\index.js:297:9
[2026-10-01 23:04:11] ERROR: GET /api/discussions/2147483647 - Discussion not found 
Error: Discussion not found
    at Object.getDiscussionById (D:\TaskPro\BackEnd\src\modules\community\discussion.service.js:151:11)
    at async D:\TaskPro\BackEnd\src\modules\community\discussion.controller.js:38:22
[2026-10-01 23:04:11] ERROR: GET /api/discussions/5 - Discussion not found 
Error: Discussion not found
    at Object.getDiscussionById (D:\TaskPro\BackEnd\src\modules\community\discussion.service.js:151:11)
    at async D:\TaskPro\BackEnd\src\modules\community\discussion.controller.js:38:22
[2026-10-01 23:04:11] ERROR: PUT /api/notifications/60/read - Access denied 
Error: Access denied
    at Object.markAsRead (D:\TaskPro\BackEnd\src\modules\community\notification.service.js:61:11)
    at async D:\TaskPro\BackEnd\src\modules\community\notification.controller.js:31:24
[2026-10-01 23:04:11] ERROR: DELETE /api/notifications/60 - Access denied 
Error: Access denied
    at Object.deleteNotification (D:\TaskPro\BackEnd\src\modules\community\notification.service.js:89:11)
    at async D:\TaskPro\BackEnd\src\modules\community\notification.controller.js:44:18
[2026-10-01 23:04:11] ERROR: POST /api/enrollments/30/enroll - Course is not available for enrollment 
Error: Course is not available for enrollment
    at enrollStudent (D:\TaskPro\BackEnd\src\modules\learning\enrollment.service.js:31:11)
    at async Object.enrollStudent (D:\TaskPro\BackEnd\src\modules\learning\validation.js:18:16)
    at async D:\TaskPro\BackEnd\src\modules\learning\enrollment.controller.js:6:22
[2026-10-01 23:04:11] ERROR: DELETE /api/notifications/60 - Notification not found 
Error: Notification not found
    at Object.deleteNotification (D:\TaskPro\BackEnd\src\modules\community\notification.service.js:85:11)
    at async D:\TaskPro\BackEnd\src\modules\community\notification.controller.js:44:18
[2026-10-01 23:04:11] ERROR: POST /api/enrollments/30/enroll - Already enrolled in this course 
Error: Already enrolled in this course
    at enrollStudent (D:\TaskPro\BackEnd\src\modules\learning\enrollment.service.js:44:11)
    at async Object.enrollStudent (D:\TaskPro\BackEnd\src\modules\learning\validation.js:18:16)
    at async D:\TaskPro\BackEnd\src\modules\learning\enrollment.controller.js:6:22
[2026-10-01 23:04:11] ERROR: PUT /api/notifications/abc/read - Invalid ID 
Error: Invalid ID
    at Object.id (D:\TaskPro\BackEnd\src\modules\community\validation.js:6:11)
    at D:\TaskPro\BackEnd\src\modules\community\notification.routes.js:24:79
    at paramCallback (D:\TaskPro\BackEnd\node_modules\router\index.js:649:19)
    at param (D:\TaskPro\BackEnd\node_modules\router\index.js:629:5)
    at processParams (D:\TaskPro\BackEnd\node_modules\router\index.js:664:3)
    at next (D:\TaskPro\BackEnd\node_modules\router\index.js:291:5)
    at authenticate (D:\TaskPro\BackEnd\src\middlewares\authMiddleware.js:44:5)
[2026-10-01 23:04:11] ERROR: PUT /api/notifications/2147483647/read - Notification not found 
Error: Notification not found
    at Object.markAsRead (D:\TaskPro\BackEnd\src\modules\community\notification.service.js:57:11)
    at async D:\TaskPro\BackEnd\src\modules\community\notification.controller.js:31:24
[2026-10-01 23:04:12] ERROR: POST /api/chat - User not found 
Error: User not found
    at Object.getOrCreateConversation (D:\TaskPro\BackEnd\src\modules\community\chat.service.js:75:42)
    at async D:\TaskPro\BackEnd\src\modules\community\chat.controller.js:19:24
[2026-10-01 23:04:12] ERROR: GET /api/enrollments/course/30/students - You can only view students in your own courses 
Error: You can only view students in your own courses
    at getCourseEnrollments (D:\TaskPro\BackEnd\src\modules\learning\enrollment.service.js:172:25)
    at async Object.getCourseEnrollments (D:\TaskPro\BackEnd\src\modules\learning\validation.js:18:16)
    at async D:\TaskPro\BackEnd\src\modules\learning\enrollment.controller.js:32:5
[2026-10-01 23:04:12] ERROR: GET /api/enrollments/stats/30 - Not authorized to view enrollment stats 
Error: Not authorized to view enrollment stats
    at fail (D:\TaskPro\BackEnd\src\modules\learning\validation.js:2:23)
    at getEnrollmentStats (D:\TaskPro\BackEnd\src\modules\learning\enrollment.service.js:239:74)
    at async Object.getEnrollmentStats (D:\TaskPro\BackEnd\src\modules\learning\validation.js:18:16)
    at async D:\TaskPro\BackEnd\src\modules\learning\enrollment.controller.js:54:17
[2026-10-01 23:04:12] ERROR: POST /api/assignments - You are not authorized to manage assignments for this course 
Error: You are not authorized to manage assignments for this course
    at verifyMentorOwnership (D:\TaskPro\BackEnd\src\modules\learning\assignment.service.js:32:11)
    at async createAssignment (D:\TaskPro\BackEnd\src\modules\learning\assignment.service.js:49:3)
    at async Object.createAssignment (D:\TaskPro\BackEnd\src\modules\learning\validation.js:18:16)
    at async D:\TaskPro\BackEnd\src\modules\learning\assignment.controller.js:6:22
[2026-10-01 23:04:12] ERROR: POST /api/assignments - title must be a non-empty string 
Error: title must be a non-empty string
    at fail (D:\TaskPro\BackEnd\src\modules\learning\validation.js:2:23)
    at text (D:\TaskPro\BackEnd\src\modules\learning\validation.js:13:63)
    at validateAssignment (D:\TaskPro\BackEnd\src\modules\learning\assignment.service.js:4:3)
    at createAssignment (D:\TaskPro\BackEnd\src\modules\learning\assignment.service.js:45:3)
    at Object.createAssignment (D:\TaskPro\BackEnd\src\modules\learning\validation.js:18:22)
    at D:\TaskPro\BackEnd\src\modules\learning\assignment.controller.js:6:46
    at D:\TaskPro\BackEnd\src\utils\catchAsync.js:9:25
    at Layer.handleRequest (D:\TaskPro\BackEnd\node_modules\router\lib\layer.js:152:17)
    at next (D:\TaskPro\BackEnd\node_modules\router\lib\route.js:157:13)
    at D:\TaskPro\BackEnd\src\middlewares\authMiddleware.js:74:5
[2026-10-01 23:04:12] ERROR: POST /api/assignments - Invalid assignment type 
Error: Invalid assignment type
    at fail (D:\TaskPro\BackEnd\src\modules\learning\validation.js:2:23)
    at validateAssignment (D:\TaskPro\BackEnd\src\modules\learning\assignment.service.js:9:108)
    at createAssignment (D:\TaskPro\BackEnd\src\modules\learning\assignment.service.js:45:3)
    at Object.createAssignment (D:\TaskPro\BackEnd\src\modules\learning\validation.js:18:22)
    at D:\TaskPro\BackEnd\src\modules\learning\assignment.controller.js:6:46
    at D:\TaskPro\BackEnd\src\utils\catchAsync.js:9:25
    at Layer.handleRequest (D:\TaskPro\BackEnd\node_modules\router\lib\layer.js:152:17)
    at next (D:\TaskPro\BackEnd\node_modules\router\lib\route.js:157:13)
    at D:\TaskPro\BackEnd\src\middlewares\authMiddleware.js:74:5
    at Layer.handleRequest (D:\TaskPro\BackEnd\node_modules\router\lib\layer.js:152:17)
[2026-10-01 23:04:12] ERROR: POST /api/assignments - totalMarks must be an integer >= 1 
Error: totalMarks must be an integer >= 1
    at fail (D:\TaskPro\BackEnd\src\modules\learning\validation.js:2:23)
    at integer (D:\TaskPro\BackEnd\src\modules\learning\validation.js:7:5)
    at validateAssignment (D:\TaskPro\BackEnd\src\modules\learning\assignment.service.js:7:38)
    at createAssignment (D:\TaskPro\BackEnd\src\modules\learning\assignment.service.js:45:3)
    at Object.createAssignment (D:\TaskPro\BackEnd\src\modules\learning\validation.js:18:22)
    at D:\TaskPro\BackEnd\src\modules\learning\assignment.controller.js:6:46
    at D:\TaskPro\BackEnd\src\utils\catchAsync.js:9:25
    at Layer.handleRequest (D:\TaskPro\BackEnd\node_modules\router\lib\layer.js:152:17)
    at next (D:\TaskPro\BackEnd\node_modules\router\lib\route.js:157:13)
    at D:\TaskPro\BackEnd\src\middlewares\authMiddleware.js:74:5
[2026-10-01 23:04:12] ERROR: POST /api/assignments - totalMarks must be an integer >= 1 
Error: totalMarks must be an integer >= 1
    at fail (D:\TaskPro\BackEnd\src\modules\learning\validation.js:2:23)
    at integer (D:\TaskPro\BackEnd\src\modules\learning\validation.js:7:5)
    at validateAssignment (D:\TaskPro\BackEnd\src\modules\learning\assignment.service.js:7:38)
    at createAssignment (D:\TaskPro\BackEnd\src\modules\learning\assignment.service.js:45:3)
    at Object.createAssignment (D:\TaskPro\BackEnd\src\modules\learning\validation.js:18:22)
    at D:\TaskPro\BackEnd\src\modules\learning\assignment.controller.js:6:46
    at D:\TaskPro\BackEnd\src\utils\catchAsync.js:9:25
    at Layer.handleRequest (D:\TaskPro\BackEnd\node_modules\router\lib\layer.js:152:17)
    at next (D:\TaskPro\BackEnd\node_modules\router\lib\route.js:157:13)
    at D:\TaskPro\BackEnd\src\middlewares\authMiddleware.js:74:5
[2026-10-01 23:04:12] ERROR: POST /api/assignments - Invalid dueDate 
Error: Invalid dueDate
    at fail (D:\TaskPro\BackEnd\src\modules\learning\validation.js:2:23)
    at validateAssignment (D:\TaskPro\BackEnd\src\modules\learning\assignment.service.js:10:113)
    at createAssignment (D:\TaskPro\BackEnd\src\modules\learning\assignment.service.js:45:3)
    at Object.createAssignment (D:\TaskPro\BackEnd\src\modules\learning\validation.js:18:22)
    at D:\TaskPro\BackEnd\src\modules\learning\assignment.controller.js:6:46
    at D:\TaskPro\BackEnd\src\utils\catchAsync.js:9:25
    at Layer.handleRequest (D:\TaskPro\BackEnd\node_modules\router\lib\layer.js:152:17)
    at next (D:\TaskPro\BackEnd\node_modules\router\lib\route.js:157:13)
    at D:\TaskPro\BackEnd\src\middlewares\authMiddleware.js:74:5
    at Layer.handleRequest (D:\TaskPro\BackEnd\node_modules\router\lib\layer.js:152:17)
[2026-10-01 23:04:12] ERROR: PUT /api/assignments/3 - You are not authorized to update this assignment 
Error: You are not authorized to update this assignment
    at updateAssignment (D:\TaskPro\BackEnd\src\modules\learning\assignment.service.js:205:11)
    at async Object.updateAssignment (D:\TaskPro\BackEnd\src\modules\learning\validation.js:18:16)
    at async D:\TaskPro\BackEnd\src\modules\learning\assignment.controller.js:36:22
[2026-10-01 23:04:12] ERROR: POST /api/submissions/assignment/3 - You are not enrolled in this course 
Error: You are not enrolled in this course
    at submitAssignment (D:\TaskPro\BackEnd\src\modules\learning\submission.service.js:30:15)
    at async Object.submitAssignment (D:\TaskPro\BackEnd\src\modules\learning\validation.js:18:16)
    at async D:\TaskPro\BackEnd\src\modules\learning\submission.controller.js:6:22
[2026-10-01 23:04:12] ERROR: POST /api/submissions/assignment/3 - Submission content is required 
Error: Submission content is required
    at fail (D:\TaskPro\BackEnd\src\modules\learning\validation.js:2:23)
    at submitAssignment (D:\TaskPro\BackEnd\src\modules\learning\submission.service.js:40:107)
    at async Object.submitAssignment (D:\TaskPro\BackEnd\src\modules\learning\validation.js:18:16)
    at async D:\TaskPro\BackEnd\src\modules\learning\submission.controller.js:6:22
[2026-10-01 23:04:12] ERROR: GET /api/submissions/3 - Not authorized to view this submission 
Error: Not authorized to view this submission
    at fail (D:\TaskPro\BackEnd\src\modules\learning\validation.js:2:23)
    at getSubmissionById (D:\TaskPro\BackEnd\src\modules\learning\submission.service.js:285:138)
    at async Object.getSubmissionById (D:\TaskPro\BackEnd\src\modules\learning\validation.js:18:16)
    at async D:\TaskPro\BackEnd\src\modules\learning\submission.controller.js:66:22
[2026-10-01 23:04:12] ERROR: GET /api/submissions/3 - Not authorized to view this submission 
Error: Not authorized to view this submission
    at fail (D:\TaskPro\BackEnd\src\modules\learning\validation.js:2:23)
    at getSubmissionById (D:\TaskPro\BackEnd\src\modules\learning\submission.service.js:285:138)
    at async Object.getSubmissionById (D:\TaskPro\BackEnd\src\modules\learning\validation.js:18:16)
    at async D:\TaskPro\BackEnd\src\modules\learning\submission.controller.js:66:22
[2026-10-01 23:04:12] ERROR: GET /api/submissions/assignment/3 - Not authorized to view submissions 
Error: Not authorized to view submissions
    at fail (D:\TaskPro\BackEnd\src\modules\learning\validation.js:2:23)
    at getSubmissionsByAssignment (D:\TaskPro\BackEnd\src\modules\learning\submission.service.js:81:87)
    at async Object.getSubmissionsByAssignment (D:\TaskPro\BackEnd\src\modules\learning\validation.js:18:16)
    at async D:\TaskPro\BackEnd\src\modules\learning\submission.controller.js:21:5
[2026-10-01 23:04:12] ERROR: PUT /api/submissions/3/grade - You are not authorized to grade this submission 
Error: You are not authorized to grade this submission
    at gradeSubmission (D:\TaskPro\BackEnd\src\modules\learning\submission.service.js:204:15)
    at async Object.gradeSubmission (D:\TaskPro\BackEnd\src\modules\learning\validation.js:18:16)
    at async D:\TaskPro\BackEnd\src\modules\learning\submission.controller.js:56:22
[2026-10-01 23:04:12] ERROR: PUT /api/submissions/3/grade - marks must be an integer >= 0 
Error: marks must be an integer >= 0
    at fail (D:\TaskPro\BackEnd\src\modules\learning\validation.js:2:23)
    at integer (D:\TaskPro\BackEnd\src\modules\learning\validation.js:7:5)
    at gradeSubmission (D:\TaskPro\BackEnd\src\modules\learning\submission.service.js:208:30)
    at async Object.gradeSubmission (D:\TaskPro\BackEnd\src\modules\learning\validation.js:18:16)
    at async D:\TaskPro\BackEnd\src\modules\learning\submission.controller.js:56:22
[2026-10-01 23:04:12] ERROR: PUT /api/submissions/3/grade - Marks cannot exceed total marks (20) 
Error: Marks cannot exceed total marks (20)
    at gradeSubmission (D:\TaskPro\BackEnd\src\modules\learning\submission.service.js:214:15)
    at async Object.gradeSubmission (D:\TaskPro\BackEnd\src\modules\learning\validation.js:18:16)
    at async D:\TaskPro\BackEnd\src\modules\learning\submission.controller.js:56:22
[2026-10-01 23:04:12] ERROR: PUT /api/submissions/3/grade - marks must be an integer >= 0 
Error: marks must be an integer >= 0
    at fail (D:\TaskPro\BackEnd\src\modules\learning\validation.js:2:23)
    at integer (D:\TaskPro\BackEnd\src\modules\learning\validation.js:7:5)
    at gradeSubmission (D:\TaskPro\BackEnd\src\modules\learning\submission.service.js:208:30)
    at async Object.gradeSubmission (D:\TaskPro\BackEnd\src\modules\learning\validation.js:18:16)
    at async D:\TaskPro\BackEnd\src\modules\learning\submission.controller.js:56:22
[2026-10-01 23:04:12] ERROR: PUT /api/submissions/3/grade - Invalid submission status 
Error: Invalid submission status
    at fail (D:\TaskPro\BackEnd\src\modules\learning\validation.js:2:23)
    at gradeSubmission (D:\TaskPro\BackEnd\src\modules\learning\submission.service.js:210:100)
    at async Object.gradeSubmission (D:\TaskPro\BackEnd\src\modules\learning\validation.js:18:16)
    at async D:\TaskPro\BackEnd\src\modules\learning\submission.controller.js:56:22
[2026-10-01 23:04:12] ERROR: POST /api/submissions/assignment/3 - The due date for this assignment has passed 
Error: The due date for this assignment has passed
    at submitAssignment (D:\TaskPro\BackEnd\src\modules\learning\submission.service.js:35:15)
    at async Object.submitAssignment (D:\TaskPro\BackEnd\src\modules\learning\validation.js:18:16)
    at async D:\TaskPro\BackEnd\src\modules\learning\submission.controller.js:6:22
[2026-10-01 23:04:12] ERROR: PUT /api/progress/lesson/139/watch-time - Not enrolled in this course 
Error: Not enrolled in this course
    at fail (D:\TaskPro\BackEnd\src\modules\learning\validation.js:2:23)
    at verifyEnrollment (D:\TaskPro\BackEnd\src\modules\learning\progress.service.js:5:55)
    at async updateWatchTime (D:\TaskPro\BackEnd\src\modules\learning\progress.service.js:176:3)
    at async Object.updateWatchTime (D:\TaskPro\BackEnd\src\modules\learning\validation.js:18:16)
    at async D:\TaskPro\BackEnd\src\modules\learning\progress.controller.js:28:18
[2026-10-01 23:04:12] ERROR: POST /api/progress/lesson/139/complete - Not enrolled in this course 
Error: Not enrolled in this course
    at markLessonComplete (D:\TaskPro\BackEnd\src\modules\learning\progress.service.js:84:11)
    at async Object.markLessonComplete (D:\TaskPro\BackEnd\src\modules\learning\validation.js:18:16)
    at async D:\TaskPro\BackEnd\src\modules\learning\progress.controller.js:6:18
[2026-10-01 23:04:12] ERROR: PUT /api/progress/lesson/139/watch-time - watchTime must be an integer >= 0 
Error: watchTime must be an integer >= 0
    at fail (D:\TaskPro\BackEnd\src\modules\learning\validation.js:2:23)
    at integer (D:\TaskPro\BackEnd\src\modules\learning\validation.js:7:5)
    at updateWatchTime (D:\TaskPro\BackEnd\src\modules\learning\progress.service.js:166:3)
    at Object.updateWatchTime (D:\TaskPro\BackEnd\src\modules\learning\validation.js:18:22)
    at D:\TaskPro\BackEnd\src\modules\learning\progress.controller.js:28:40
    at D:\TaskPro\BackEnd\src\utils\catchAsync.js:9:25
    at Layer.handleRequest (D:\TaskPro\BackEnd\node_modules\router\lib\layer.js:152:17)
    at next (D:\TaskPro\BackEnd\node_modules\router\lib\route.js:157:13)
    at D:\TaskPro\BackEnd\src\middlewares\authMiddleware.js:74:5
    at Layer.handleRequest (D:\TaskPro\BackEnd\node_modules\router\lib\layer.js:152:17)
[2026-10-01 23:04:12] ERROR: PUT /api/progress/lesson/139/watch-time - watchTime must be an integer >= 0 
Error: watchTime must be an integer >= 0
    at fail (D:\TaskPro\BackEnd\src\modules\learning\validation.js:2:23)
    at integer (D:\TaskPro\BackEnd\src\modules\learning\validation.js:7:5)
    at updateWatchTime (D:\TaskPro\BackEnd\src\modules\learning\progress.service.js:166:3)
    at Object.updateWatchTime (D:\TaskPro\BackEnd\src\modules\learning\validation.js:18:22)
    at D:\TaskPro\BackEnd\src\modules\learning\progress.controller.js:28:40
    at D:\TaskPro\BackEnd\src\utils\catchAsync.js:9:25
    at Layer.handleRequest (D:\TaskPro\BackEnd\node_modules\router\lib\layer.js:152:17)
    at next (D:\TaskPro\BackEnd\node_modules\router\lib\route.js:157:13)
    at D:\TaskPro\BackEnd\src\middlewares\authMiddleware.js:74:5
    at Layer.handleRequest (D:\TaskPro\BackEnd\node_modules\router\lib\layer.js:152:17)
[2026-10-01 23:04:12] ERROR: PUT /api/progress/lesson/139/watch-time - watchTime must be an integer >= 0 
Error: watchTime must be an integer >= 0
    at fail (D:\TaskPro\BackEnd\src\modules\learning\validation.js:2:23)
    at integer (D:\TaskPro\BackEnd\src\modules\learning\validation.js:7:5)
    at updateWatchTime (D:\TaskPro\BackEnd\src\modules\learning\progress.service.js:166:3)
    at Object.updateWatchTime (D:\TaskPro\BackEnd\src\modules\learning\validation.js:18:22)
    at D:\TaskPro\BackEnd\src\modules\learning\progress.controller.js:28:40
    at D:\TaskPro\BackEnd\src\utils\catchAsync.js:9:25
    at Layer.handleRequest (D:\TaskPro\BackEnd\node_modules\router\lib\layer.js:152:17)
    at next (D:\TaskPro\BackEnd\node_modules\router\lib\route.js:157:13)
    at D:\TaskPro\BackEnd\src\middlewares\authMiddleware.js:74:5
    at Layer.handleRequest (D:\TaskPro\BackEnd\node_modules\router\lib\layer.js:152:17)
[2026-10-01 23:04:12] ERROR: PUT /api/progress/lesson/139/watch-time - watchTime must be an integer >= 0 
Error: watchTime must be an integer >= 0
    at fail (D:\TaskPro\BackEnd\src\modules\learning\validation.js:2:23)
    at integer (D:\TaskPro\BackEnd\src\modules\learning\validation.js:7:5)
    at updateWatchTime (D:\TaskPro\BackEnd\src\modules\learning\progress.service.js:166:3)
    at Object.updateWatchTime (D:\TaskPro\BackEnd\src\modules\learning\validation.js:18:22)
    at D:\TaskPro\BackEnd\src\modules\learning\progress.controller.js:28:40
    at D:\TaskPro\BackEnd\src\utils\catchAsync.js:9:25
    at Layer.handleRequest (D:\TaskPro\BackEnd\node_modules\router\lib\layer.js:152:17)
    at next (D:\TaskPro\BackEnd\node_modules\router\lib\route.js:157:13)
    at D:\TaskPro\BackEnd\src\middlewares\authMiddleware.js:74:5
    at Layer.handleRequest (D:\TaskPro\BackEnd\node_modules\router\lib\layer.js:152:17)
[2026-10-01 23:04:13] ERROR: POST /api/progress/lesson/139/complete - Not enrolled in this course 
Error: Not enrolled in this course
    at markLessonComplete (D:\TaskPro\BackEnd\src\modules\learning\progress.service.js:84:11)
    at async Object.markLessonComplete (D:\TaskPro\BackEnd\src\modules\learning\validation.js:18:16)
    at async D:\TaskPro\BackEnd\src\modules\learning\progress.controller.js:6:18
[2026-10-01 23:04:13] ERROR: POST /api/progress/lesson/139/incomplete - Not enrolled in this course 
Error: Not enrolled in this course
    at fail (D:\TaskPro\BackEnd\src\modules\learning\validation.js:2:23)
    at verifyEnrollment (D:\TaskPro\BackEnd\src\modules\learning\progress.service.js:5:55)
    at async markLessonIncomplete (D:\TaskPro\BackEnd\src\modules\learning\progress.service.js:127:3)
    at async Object.markLessonIncomplete (D:\TaskPro\BackEnd\src\modules\learning\validation.js:18:16)
    at async D:\TaskPro\BackEnd\src\modules\learning\progress.controller.js:14:18
[2026-10-01 23:04:13] ERROR: PUT /api/progress/lesson/139/watch-time - Not enrolled in this course 
Error: Not enrolled in this course
    at fail (D:\TaskPro\BackEnd\src\modules\learning\validation.js:2:23)
    at verifyEnrollment (D:\TaskPro\BackEnd\src\modules\learning\progress.service.js:5:55)
    at async updateWatchTime (D:\TaskPro\BackEnd\src\modules\learning\progress.service.js:176:3)
    at async Object.updateWatchTime (D:\TaskPro\BackEnd\src\modules\learning\validation.js:18:16)
    at async D:\TaskPro\BackEnd\src\modules\learning\progress.controller.js:28:18
[2026-10-01 23:04:13] ERROR: GET /api/progress/course/30 - Not enrolled in this course 
Error: Not enrolled in this course
    at getCourseProgress (D:\TaskPro\BackEnd\src\modules\learning\progress.service.js:211:11)
    at async Object.getCourseProgress (D:\TaskPro\BackEnd\src\modules\learning\validation.js:18:16)
    at async D:\TaskPro\BackEnd\src\modules\learning\progress.controller.js:37:18
[2026-10-01 23:04:13] ERROR: POST /api/reviews/course/30 - You must be enrolled in this course to leave a review 
Error: You must be enrolled in this course to leave a review
    at createReview (D:\TaskPro\BackEnd\src\modules\learning\review.service.js:31:11)
    at async Object.createReview (D:\TaskPro\BackEnd\src\modules\learning\validation.js:18:16)
    at async D:\TaskPro\BackEnd\src\modules\learning\review.controller.js:6:18
[2026-10-01 23:04:13] ERROR: POST /api/reviews/course/30 - You must be enrolled in this course to leave a review 
Error: You must be enrolled in this course to leave a review
    at createReview (D:\TaskPro\BackEnd\src\modules\learning\review.service.js:31:11)
    at async Object.createReview (D:\TaskPro\BackEnd\src\modules\learning\validation.js:18:16)
    at async D:\TaskPro\BackEnd\src\modules\learning\review.controller.js:6:18
[2026-10-01 23:04:13] ERROR: POST /api/reviews/course/30 - rating must be an integer >= 1 
Error: rating must be an integer >= 1
    at fail (D:\TaskPro\BackEnd\src\modules\learning\validation.js:2:23)
    at integer (D:\TaskPro\BackEnd\src\modules\learning\validation.js:7:5)
    at createReview (D:\TaskPro\BackEnd\src\modules\learning\review.service.js:13:3)
    at Object.createReview (D:\TaskPro\BackEnd\src\modules\learning\validation.js:18:22)
    at D:\TaskPro\BackEnd\src\modules\learning\review.controller.js:6:38
    at D:\TaskPro\BackEnd\src\utils\catchAsync.js:9:25
    at Layer.handleRequest (D:\TaskPro\BackEnd\node_modules\router\lib\layer.js:152:17)
    at next (D:\TaskPro\BackEnd\node_modules\router\lib\route.js:157:13)
    at D:\TaskPro\BackEnd\src\middlewares\authMiddleware.js:74:5
    at Layer.handleRequest (D:\TaskPro\BackEnd\node_modules\router\lib\layer.js:152:17)
[2026-10-01 23:04:13] ERROR: POST /api/reviews/course/30 - Rating must be between 1 and 5 
Error: Rating must be between 1 and 5
    at createReview (D:\TaskPro\BackEnd\src\modules\learning\review.service.js:17:11)
    at Object.createReview (D:\TaskPro\BackEnd\src\modules\learning\validation.js:18:22)
    at D:\TaskPro\BackEnd\src\modules\learning\review.controller.js:6:38
    at D:\TaskPro\BackEnd\src\utils\catchAsync.js:9:25
    at Layer.handleRequest (D:\TaskPro\BackEnd\node_modules\router\lib\layer.js:152:17)
    at next (D:\TaskPro\BackEnd\node_modules\router\lib\route.js:157:13)
    at D:\TaskPro\BackEnd\src\middlewares\authMiddleware.js:74:5
    at Layer.handleRequest (D:\TaskPro\BackEnd\node_modules\router\lib\layer.js:152:17)
    at next (D:\TaskPro\BackEnd\node_modules\router\lib\route.js:157:13)
    at authenticate (D:\TaskPro\BackEnd\src\middlewares\authMiddleware.js:44:5)
[2026-10-01 23:04:13] ERROR: POST /api/reviews/course/30 - rating must be an integer >= 1 
Error: rating must be an integer >= 1
    at fail (D:\TaskPro\BackEnd\src\modules\learning\validation.js:2:23)
    at integer (D:\TaskPro\BackEnd\src\modules\learning\validation.js:7:5)
    at createReview (D:\TaskPro\BackEnd\src\modules\learning\review.service.js:13:3)
    at Object.createReview (D:\TaskPro\BackEnd\src\modules\learning\validation.js:18:22)
    at D:\TaskPro\BackEnd\src\modules\learning\review.controller.js:6:38
    at D:\TaskPro\BackEnd\src\utils\catchAsync.js:9:25
    at Layer.handleRequest (D:\TaskPro\BackEnd\node_modules\router\lib\layer.js:152:17)
    at next (D:\TaskPro\BackEnd\node_modules\router\lib\route.js:157:13)
    at D:\TaskPro\BackEnd\src\middlewares\authMiddleware.js:74:5
    at Layer.handleRequest (D:\TaskPro\BackEnd\node_modules\router\lib\layer.js:152:17)
[2026-10-01 23:04:13] ERROR: POST /api/reviews/course/30 - rating must be an integer >= 1 
Error: rating must be an integer >= 1
    at fail (D:\TaskPro\BackEnd\src\modules\learning\validation.js:2:23)
    at integer (D:\TaskPro\BackEnd\src\modules\learning\validation.js:7:5)
    at createReview (D:\TaskPro\BackEnd\src\modules\learning\review.service.js:13:3)
    at Object.createReview (D:\TaskPro\BackEnd\src\modules\learning\validation.js:18:22)
    at D:\TaskPro\BackEnd\src\modules\learning\review.controller.js:6:38
    at D:\TaskPro\BackEnd\src\utils\catchAsync.js:9:25
    at Layer.handleRequest (D:\TaskPro\BackEnd\node_modules\router\lib\layer.js:152:17)
    at next (D:\TaskPro\BackEnd\node_modules\router\lib\route.js:157:13)
    at D:\TaskPro\BackEnd\src\middlewares\authMiddleware.js:74:5
    at Layer.handleRequest (D:\TaskPro\BackEnd\node_modules\router\lib\layer.js:152:17)
[2026-10-01 23:04:13] ERROR: POST /api/reviews/course/30 - You have already reviewed this course 
Error: You have already reviewed this course
    at createReview (D:\TaskPro\BackEnd\src\modules\learning\review.service.js:45:11)
    at async Object.createReview (D:\TaskPro\BackEnd\src\modules\learning\validation.js:18:16)
    at async D:\TaskPro\BackEnd\src\modules\learning\review.controller.js:6:18
[2026-10-01 23:04:13] ERROR: PUT /api/reviews/3 - You can only update your own review 
Error: You can only update your own review
    at updateReview (D:\TaskPro\BackEnd\src\modules\learning\review.service.js:115:11)
    at async Object.updateReview (D:\TaskPro\BackEnd\src\modules\learning\validation.js:18:16)
    at async D:\TaskPro\BackEnd\src\modules\learning\review.controller.js:23:18
[2026-10-01 23:04:13] ERROR: DELETE /api/reviews/3 - You can only delete your own review 
Error: You can only delete your own review
    at deleteReview (D:\TaskPro\BackEnd\src\modules\learning\review.service.js:161:11)
    at async Object.deleteReview (D:\TaskPro\BackEnd\src\modules\learning\validation.js:18:16)
    at async D:\TaskPro\BackEnd\src\modules\learning\review.controller.js:32:18
[2026-10-01 23:04:13] ERROR: PUT /api/reviews/3 - rating must be an integer >= 1 
Error: rating must be an integer >= 1
    at fail (D:\TaskPro\BackEnd\src\modules\learning\validation.js:2:23)
    at integer (D:\TaskPro\BackEnd\src\modules\learning\validation.js:7:5)
    at updateReview (D:\TaskPro\BackEnd\src\modules\learning\review.service.js:121:5)
    at async Object.updateReview (D:\TaskPro\BackEnd\src\modules\learning\validation.js:18:16)
    at async D:\TaskPro\BackEnd\src\modules\learning\review.controller.js:23:18
[2026-10-01 23:04:13] ERROR: POST /api/progress/lesson/139/incomplete - Not enrolled in this course 
Error: Not enrolled in this course
    at fail (D:\TaskPro\BackEnd\src\modules\learning\validation.js:2:23)
    at verifyEnrollment (D:\TaskPro\BackEnd\src\modules\learning\progress.service.js:5:55)
    at async markLessonIncomplete (D:\TaskPro\BackEnd\src\modules\learning\progress.service.js:127:3)
    at async Object.markLessonIncomplete (D:\TaskPro\BackEnd\src\modules\learning\validation.js:18:16)
    at async D:\TaskPro\BackEnd\src\modules\learning\progress.controller.js:14:18
[2026-10-01 23:04:13] ERROR: GET /api/progress/course/30 - Not enrolled in this course 
Error: Not enrolled in this course
    at getCourseProgress (D:\TaskPro\BackEnd\src\modules\learning\progress.service.js:211:11)
    at async Object.getCourseProgress (D:\TaskPro\BackEnd\src\modules\learning\validation.js:18:16)
    at async D:\TaskPro\BackEnd\src\modules\learning\progress.controller.js:37:18
[2026-10-01 23:04:13] ERROR: DELETE /api/assignments/3 - You are not authorized to delete this assignment 
Error: You are not authorized to delete this assignment
    at deleteAssignment (D:\TaskPro\BackEnd\src\modules\learning\assignment.service.js:263:11)
    at async Object.deleteAssignment (D:\TaskPro\BackEnd\src\modules\learning\validation.js:18:16)
    at async D:\TaskPro\BackEnd\src\modules\learning\assignment.controller.js:46:18
[2026-10-01 23:04:13] ERROR: GET /api/assignments/3 - Assignment not found 
Error: Assignment not found
    at getAssignmentById (D:\TaskPro\BackEnd\src\modules\learning\assignment.service.js:183:11)
    at async Object.getAssignmentById (D:\TaskPro\BackEnd\src\modules\learning\validation.js:18:16)
    at async D:\TaskPro\BackEnd\src\modules\learning\assignment.controller.js:29:22
[2026-10-01 23:05:25] ERROR: POST /api/chat - Invalid ID 
Error: Invalid ID
    at id (D:\TaskPro\BackEnd\src\modules\community\validation.js:6:11)
    at Object.getOrCreateConversation (D:\TaskPro\BackEnd\src\modules\community\chat.service.js:72:18)
    at D:\TaskPro\BackEnd\src\modules\community\chat.controller.js:19:42
    at D:\TaskPro\BackEnd\src\utils\catchAsync.js:9:25
    at Layer.handleRequest (D:\TaskPro\BackEnd\node_modules\router\lib\layer.js:152:17)
    at next (D:\TaskPro\BackEnd\node_modules\router\lib\route.js:157:13)
    at Route.dispatch (D:\TaskPro\BackEnd\node_modules\router\lib\route.js:117:3)
    at handle (D:\TaskPro\BackEnd\node_modules\router\index.js:435:11)
    at Layer.handleRequest (D:\TaskPro\BackEnd\node_modules\router\lib\layer.js:152:17)
    at D:\TaskPro\BackEnd\node_modules\router\index.js:295:15
[2026-10-01 23:05:25] ERROR: POST /api/chat - Invalid ID 
Error: Invalid ID
    at id (D:\TaskPro\BackEnd\src\modules\community\validation.js:6:11)
    at validateIds (D:\TaskPro\BackEnd\src\modules\community\validation.js:17:68)
    at Layer.handleRequest (D:\TaskPro\BackEnd\node_modules\router\lib\layer.js:152:17)
    at trimPrefix (D:\TaskPro\BackEnd\node_modules\router\index.js:342:13)
    at D:\TaskPro\BackEnd\node_modules\router\index.js:297:9
    at processParams (D:\TaskPro\BackEnd\node_modules\router\index.js:582:12)
    at next (D:\TaskPro\BackEnd\node_modules\router\index.js:291:5)
    at authenticate (D:\TaskPro\BackEnd\src\middlewares\authMiddleware.js:44:5)
[2026-10-01 23:05:25] ERROR: POST /api/chat - Invalid ID 
Error: Invalid ID
    at id (D:\TaskPro\BackEnd\src\modules\community\validation.js:6:11)
    at validateIds (D:\TaskPro\BackEnd\src\modules\community\validation.js:17:68)
    at Layer.handleRequest (D:\TaskPro\BackEnd\node_modules\router\lib\layer.js:152:17)
    at trimPrefix (D:\TaskPro\BackEnd\node_modules\router\index.js:342:13)
    at D:\TaskPro\BackEnd\node_modules\router\index.js:297:9
    at processParams (D:\TaskPro\BackEnd\node_modules\router\index.js:582:12)
    at next (D:\TaskPro\BackEnd\node_modules\router\index.js:291:5)
    at authenticate (D:\TaskPro\BackEnd\src\middlewares\authMiddleware.js:44:5)
[2026-10-01 23:05:25] ERROR: POST /api/chat - Invalid ID 
Error: Invalid ID
    at id (D:\TaskPro\BackEnd\src\modules\community\validation.js:6:11)
    at validateIds (D:\TaskPro\BackEnd\src\modules\community\validation.js:17:68)
    at Layer.handleRequest (D:\TaskPro\BackEnd\node_modules\router\lib\layer.js:152:17)
    at trimPrefix (D:\TaskPro\BackEnd\node_modules\router\index.js:342:13)
    at D:\TaskPro\BackEnd\node_modules\router\index.js:297:9
    at processParams (D:\TaskPro\BackEnd\node_modules\router\index.js:582:12)
    at next (D:\TaskPro\BackEnd\node_modules\router\index.js:291:5)
    at authenticate (D:\TaskPro\BackEnd\src\middlewares\authMiddleware.js:44:5)
[2026-10-01 23:05:25] ERROR: POST /api/chat - Invalid ID 
Error: Invalid ID
    at id (D:\TaskPro\BackEnd\src\modules\community\validation.js:6:11)
    at validateIds (D:\TaskPro\BackEnd\src\modules\community\validation.js:17:68)
    at Layer.handleRequest (D:\TaskPro\BackEnd\node_modules\router\lib\layer.js:152:17)
    at trimPrefix (D:\TaskPro\BackEnd\node_modules\router\index.js:342:13)
    at D:\TaskPro\BackEnd\node_modules\router\index.js:297:9
    at processParams (D:\TaskPro\BackEnd\node_modules\router\index.js:582:12)
    at next (D:\TaskPro\BackEnd\node_modules\router\index.js:291:5)
    at authenticate (D:\TaskPro\BackEnd\src\middlewares\authMiddleware.js:44:5)
[2026-10-01 23:05:25] ERROR: POST /api/chat - Invalid ID 
Error: Invalid ID
    at id (D:\TaskPro\BackEnd\src\modules\community\validation.js:6:11)
    at validateIds (D:\TaskPro\BackEnd\src\modules\community\validation.js:17:68)
    at Layer.handleRequest (D:\TaskPro\BackEnd\node_modules\router\lib\layer.js:152:17)
    at trimPrefix (D:\TaskPro\BackEnd\node_modules\router\index.js:342:13)
    at D:\TaskPro\BackEnd\node_modules\router\index.js:297:9
    at processParams (D:\TaskPro\BackEnd\node_modules\router\index.js:582:12)
    at next (D:\TaskPro\BackEnd\node_modules\router\index.js:291:5)
    at authenticate (D:\TaskPro\BackEnd\src\middlewares\authMiddleware.js:44:5)
[2026-10-01 23:05:25] ERROR: POST /api/chat - Invalid ID 
Error: Invalid ID
    at id (D:\TaskPro\BackEnd\src\modules\community\validation.js:6:11)
    at validateIds (D:\TaskPro\BackEnd\src\modules\community\validation.js:17:68)
    at Layer.handleRequest (D:\TaskPro\BackEnd\node_modules\router\lib\layer.js:152:17)
    at trimPrefix (D:\TaskPro\BackEnd\node_modules\router\index.js:342:13)
    at D:\TaskPro\BackEnd\node_modules\router\index.js:297:9
    at processParams (D:\TaskPro\BackEnd\node_modules\router\index.js:582:12)
    at next (D:\TaskPro\BackEnd\node_modules\router\index.js:291:5)
    at authenticate (D:\TaskPro\BackEnd\src\middlewares\authMiddleware.js:44:5)
[2026-10-01 23:05:25] ERROR: POST /api/chat - Cannot chat with yourself 
Error: Cannot chat with yourself
    at Object.getOrCreateConversation (D:\TaskPro\BackEnd\src\modules\community\chat.service.js:73:38)
    at D:\TaskPro\BackEnd\src\modules\community\chat.controller.js:19:42
    at D:\TaskPro\BackEnd\src\utils\catchAsync.js:9:25
    at Layer.handleRequest (D:\TaskPro\BackEnd\node_modules\router\lib\layer.js:152:17)
    at next (D:\TaskPro\BackEnd\node_modules\router\lib\route.js:157:13)
    at Route.dispatch (D:\TaskPro\BackEnd\node_modules\router\lib\route.js:117:3)
    at handle (D:\TaskPro\BackEnd\node_modules\router\index.js:435:11)
    at Layer.handleRequest (D:\TaskPro\BackEnd\node_modules\router\lib\layer.js:152:17)
    at D:\TaskPro\BackEnd\node_modules\router\index.js:295:15
    at processParams (D:\TaskPro\BackEnd\node_modules\router\index.js:582:12)
[2026-10-01 23:05:25] ERROR: POST /api/chat - User not found 
Error: User not found
    at Object.getOrCreateConversation (D:\TaskPro\BackEnd\src\modules\community\chat.service.js:75:42)
    at async D:\TaskPro\BackEnd\src\modules\community\chat.controller.js:19:24
[2026-10-01 23:05:25] ERROR: GET /api/chat/13/messages - Not authorized to view this conversation 
Error: Not authorized to view this conversation
    at Object.getMessages (D:\TaskPro\BackEnd\src\modules\community\chat.service.js:134:11)
    at async D:\TaskPro\BackEnd\src\modules\community\chat.controller.js:30:20
[2026-10-01 23:05:25] ERROR: POST /api/chat/13/messages - Not part of this conversation 
Error: Not part of this conversation
    at Object.sendMessage (D:\TaskPro\BackEnd\src\modules\community\chat.service.js:166:11)
    at async D:\TaskPro\BackEnd\src\modules\community\chat.controller.js:39:19
[2026-10-01 23:05:25] ERROR: DELETE /api/chat/13/messages - Access denied 
Error: Access denied
    at requireParticipant (D:\TaskPro\BackEnd\src\modules\community\chat.service.js:8:27)
    at async Object.clearConversation (D:\TaskPro\BackEnd\src\modules\community\chat.service.js:371:3)
    at async D:\TaskPro\BackEnd\src\modules\community\chat.controller.js:124:3
[2026-10-01 23:05:25] ERROR: DELETE /api/chat/13 - Access denied 
Error: Access denied
    at requireParticipant (D:\TaskPro\BackEnd\src\modules\community\chat.service.js:8:27)
    at async Object.deleteConversation (D:\TaskPro\BackEnd\src\modules\community\chat.service.js:359:3)
    at async D:\TaskPro\BackEnd\src\modules\community\chat.controller.js:117:3
[2026-10-01 23:05:25] ERROR: POST /api/chat/13/messages - Text must not be empty 
Error: Text must not be empty
    at text (D:\TaskPro\BackEnd\src\modules\community\validation.js:11:57)
    at validateIds (D:\TaskPro\BackEnd\src\modules\community\validation.js:21:42)
    at Layer.handleRequest (D:\TaskPro\BackEnd\node_modules\router\lib\layer.js:152:17)
    at trimPrefix (D:\TaskPro\BackEnd\node_modules\router\index.js:342:13)
    at D:\TaskPro\BackEnd\node_modules\router\index.js:297:9
    at processParams (D:\TaskPro\BackEnd\node_modules\router\index.js:582:12)
    at next (D:\TaskPro\BackEnd\node_modules\router\index.js:291:5)
    at authenticate (D:\TaskPro\BackEnd\src\middlewares\authMiddleware.js:44:5)
[2026-10-01 23:05:26] ERROR: GET /api/chat/abc/messages - Invalid ID 
Error: Invalid ID
    at Object.id (D:\TaskPro\BackEnd\src\modules\community\validation.js:6:11)
    at D:\TaskPro\BackEnd\src\modules\community\chat.routes.js:29:79
    at paramCallback (D:\TaskPro\BackEnd\node_modules\router\index.js:649:19)
    at param (D:\TaskPro\BackEnd\node_modules\router\index.js:629:5)
    at processParams (D:\TaskPro\BackEnd\node_modules\router\index.js:664:3)
    at next (D:\TaskPro\BackEnd\node_modules\router\index.js:291:5)
    at validateIds (D:\TaskPro\BackEnd\src\modules\community\validation.js:23:5)
    at Layer.handleRequest (D:\TaskPro\BackEnd\node_modules\router\lib\layer.js:152:17)
    at trimPrefix (D:\TaskPro\BackEnd\node_modules\router\index.js:342:13)
    at D:\TaskPro\BackEnd\node_modules\router\index.js:297:9
[2026-10-01 23:05:26] ERROR: GET /api/chat/2147483647/messages - Conversation not found 
Error: Conversation not found
    at Object.getMessages (D:\TaskPro\BackEnd\src\modules\community\chat.service.js:125:83)
    at async D:\TaskPro\BackEnd\src\modules\community\chat.controller.js:30:20
[2026-10-01 23:05:26] ERROR: POST /api/chat/workspaces - Text must not be empty 
Error: Text must not be empty
    at text (D:\TaskPro\BackEnd\src\modules\community\validation.js:11:57)
    at validateIds (D:\TaskPro\BackEnd\src\modules\community\validation.js:21:42)
    at Layer.handleRequest (D:\TaskPro\BackEnd\node_modules\router\lib\layer.js:152:17)
    at trimPrefix (D:\TaskPro\BackEnd\node_modules\router\index.js:342:13)
    at D:\TaskPro\BackEnd\node_modules\router\index.js:297:9
    at processParams (D:\TaskPro\BackEnd\node_modules\router\index.js:582:12)
    at next (D:\TaskPro\BackEnd\node_modules\router\index.js:291:5)
    at authenticate (D:\TaskPro\BackEnd\src\middlewares\authMiddleware.js:44:5)
[2026-10-01 23:05:26] ERROR: GET /api/chat/channels/7/messages - Access denied 
Error: Access denied
    at authorizeChannel (D:\TaskPro\BackEnd\src\modules\community\chat.service.js:22:82)
    at async Object.getChannelMessages (D:\TaskPro\BackEnd\src\modules\community\chat.service.js:233:3)
    at async D:\TaskPro\BackEnd\src\modules\community\chat.controller.js:57:20
[2026-10-01 23:05:26] ERROR: POST /api/chat/channels/7/messages - Access denied 
Error: Access denied
    at authorizeChannel (D:\TaskPro\BackEnd\src\modules\community\chat.service.js:22:82)
    at async Object.sendChannelMessage (D:\TaskPro\BackEnd\src\modules\community\chat.service.js:266:3)
    at async D:\TaskPro\BackEnd\src\modules\community\chat.controller.js:66:19
[2026-10-01 23:05:26] ERROR: PUT /api/chat/workspaces/4 - You are not authorized to edit this group 
Error: You are not authorized to edit this group
    at Object.updateWorkspace (D:\TaskPro\BackEnd\src\modules\community\chat.service.js:323:11)
    at async D:\TaskPro\BackEnd\src\modules\community\chat.controller.js:95:23
[2026-10-01 23:05:26] ERROR: POST /api/chat/workspaces/4/members - Access denied 
Error: Access denied
    at Object.authorizeWorkspaceManager (D:\TaskPro\BackEnd\src\modules\community\chat.service.js:14:63)
    at async D:\TaskPro\BackEnd\src\modules\community\chat.controller.js:102:3
[2026-10-01 23:05:26] ERROR: POST /api/chat/workspaces/4/members - User not found 
Error: User not found
    at Object.addWorkspaceMember (D:\TaskPro\BackEnd\src\modules\community\chat.service.js:344:50)
    at async D:\TaskPro\BackEnd\src\modules\community\chat.controller.js:103:18
[2026-10-01 23:05:26] ERROR: POST /api/chat/workspaces/4/members - Invalid ID 
Error: Invalid ID
    at Object.id (D:\TaskPro\BackEnd\src\modules\community\validation.js:6:11)
    at D:\TaskPro\BackEnd\src\modules\community\chat.controller.js:103:92
[2026-10-01 23:05:26] ERROR: POST /api/chat/workspaces/join - Workspace not found 
Error: Workspace not found
    at Object.addWorkspaceMember (D:\TaskPro\BackEnd\src\modules\community\chat.service.js:339:25)
    at async D:\TaskPro\BackEnd\src\modules\community\chat.controller.js:110:18
[2026-10-01 23:05:26] ERROR: POST /api/chat/workspaces/join - Invalid ID 
Error: Invalid ID
    at Object.id (D:\TaskPro\BackEnd\src\modules\community\validation.js:6:11)
    at D:\TaskPro\BackEnd\src\modules\community\chat.controller.js:108:47
    at D:\TaskPro\BackEnd\src\utils\catchAsync.js:9:25
    at Layer.handleRequest (D:\TaskPro\BackEnd\node_modules\router\lib\layer.js:152:17)
    at next (D:\TaskPro\BackEnd\node_modules\router\lib\route.js:157:13)
    at Route.dispatch (D:\TaskPro\BackEnd\node_modules\router\lib\route.js:117:3)
    at handle (D:\TaskPro\BackEnd\node_modules\router\index.js:435:11)
    at Layer.handleRequest (D:\TaskPro\BackEnd\node_modules\router\lib\layer.js:152:17)
    at D:\TaskPro\BackEnd\node_modules\router\index.js:295:15
    at processParams (D:\TaskPro\BackEnd\node_modules\router\index.js:582:12)
[2026-10-01 23:05:26] ERROR: POST /api/chat/channels/7/messages - Text must not be empty 
Error: Text must not be empty
    at text (D:\TaskPro\BackEnd\src\modules\community\validation.js:11:57)
    at validateIds (D:\TaskPro\BackEnd\src\modules\community\validation.js:21:42)
    at Layer.handleRequest (D:\TaskPro\BackEnd\node_modules\router\lib\layer.js:152:17)
    at trimPrefix (D:\TaskPro\BackEnd\node_modules\router\index.js:342:13)
    at D:\TaskPro\BackEnd\node_modules\router\index.js:297:9
    at processParams (D:\TaskPro\BackEnd\node_modules\router\index.js:582:12)
    at next (D:\TaskPro\BackEnd\node_modules\router\index.js:291:5)
    at authenticate (D:\TaskPro\BackEnd\src\middlewares\authMiddleware.js:44:5)
[2026-10-01 23:05:26] ERROR: GET /api/chat/channels/7/messages?cursor=abc - Invalid ID 
Error: Invalid ID
    at id (D:\TaskPro\BackEnd\src\modules\community\validation.js:6:11)
    at validateIds (D:\TaskPro\BackEnd\src\modules\community\validation.js:19:41)
    at Layer.handleRequest (D:\TaskPro\BackEnd\node_modules\router\lib\layer.js:152:17)
    at trimPrefix (D:\TaskPro\BackEnd\node_modules\router\index.js:342:13)
    at D:\TaskPro\BackEnd\node_modules\router\index.js:297:9
    at processParams (D:\TaskPro\BackEnd\node_modules\router\index.js:582:12)
    at next (D:\TaskPro\BackEnd\node_modules\router\index.js:291:5)
    at authenticate (D:\TaskPro\BackEnd\src\middlewares\authMiddleware.js:44:5)
[2026-10-01 23:05:26] ERROR: GET /api/chat/channels/7/messages?cursor=5 - Invalid channel cursor 
Error: Invalid channel cursor
    at Object.getChannelMessages (D:\TaskPro\BackEnd\src\modules\community\chat.service.js:249:58)
    at async D:\TaskPro\BackEnd\src\modules\community\chat.controller.js:57:20
[2026-10-01 23:05:26] ERROR: POST /api/chat/channels/7/messages - Invalid message type 
Error: Invalid message type
    at Object.sendChannelMessage (D:\TaskPro\BackEnd\src\modules\community\chat.service.js:267:61)
    at async D:\TaskPro\BackEnd\src\modules\community\chat.controller.js:66:19
[2026-10-01 23:05:26] ERROR: GET /api/chat/channels/2147483647/messages - Channel not found 
Error: Channel not found
    at authorizeChannel (D:\TaskPro\BackEnd\src\modules\community\chat.service.js:20:23)
    at async Object.getChannelMessages (D:\TaskPro\BackEnd\src\modules\community\chat.service.js:233:3)
    at async D:\TaskPro\BackEnd\src\modules\community\chat.controller.js:57:20
[2026-10-01 23:05:26] ERROR: PUT /api/discussions/7 - You can only edit your own discussions 
Error: You can only edit your own discussions
    at Object.updateDiscussion (D:\TaskPro\BackEnd\src\modules\community\discussion.service.js:167:11)
    at async D:\TaskPro\BackEnd\src\modules\community\discussion.controller.js:45:22
[2026-10-01 23:05:26] ERROR: DELETE /api/discussions/7 - You can only delete your own discussions 
Error: You can only delete your own discussions
    at Object.deleteDiscussion (D:\TaskPro\BackEnd\src\modules\community\discussion.service.js:199:11)
    at async D:\TaskPro\BackEnd\src\modules\community\discussion.controller.js:54:18
[2026-10-01 23:05:26] ERROR: PUT /api/discussions/7/resolve - Only the author can mark discussions as resolved 
Error: Only the author can mark discussions as resolved
    at Object.toggleResolved (D:\TaskPro\BackEnd\src\modules\community\discussion.service.js:219:11)
    at async D:\TaskPro\BackEnd\src\modules\community\discussion.controller.js:63:22
[2026-10-01 23:05:26] ERROR: POST /api/discussions/7/replies - Text must not be empty 
Error: Text must not be empty
    at text (D:\TaskPro\BackEnd\src\modules\community\validation.js:11:57)
    at validateIds (D:\TaskPro\BackEnd\src\modules\community\validation.js:21:42)
    at Layer.handleRequest (D:\TaskPro\BackEnd\node_modules\router\lib\layer.js:152:17)
    at trimPrefix (D:\TaskPro\BackEnd\node_modules\router\index.js:342:13)
    at D:\TaskPro\BackEnd\node_modules\router\index.js:297:9
    at processParams (D:\TaskPro\BackEnd\node_modules\router\index.js:582:12)
    at next (D:\TaskPro\BackEnd\node_modules\router\index.js:291:5)
    at authenticate (D:\TaskPro\BackEnd\src\middlewares\authMiddleware.js:44:5)
[2026-10-01 23:05:26] ERROR: POST /api/discussions/8/replies - Parent reply not found in this discussion 
Error: Parent reply not found in this discussion
    at Object.createReply (D:\TaskPro\BackEnd\src\modules\community\discussion.service.js:261:13)
    at async D:\TaskPro\BackEnd\src\modules\community\discussion.controller.js:79:17
[2026-10-01 23:05:26] ERROR: PUT /api/discussions/replies/7 - You can only edit your own replies 
Error: You can only edit your own replies
    at Object.updateReply (D:\TaskPro\BackEnd\src\modules\community\discussion.service.js:296:11)
    at async D:\TaskPro\BackEnd\src\modules\community\discussion.controller.js:88:17
[2026-10-01 23:05:26] ERROR: DELETE /api/discussions/replies/7 - You can only delete your own replies 
Error: You can only delete your own replies
    at Object.deleteReply (D:\TaskPro\BackEnd\src\modules\community\discussion.service.js:325:11)
    at async D:\TaskPro\BackEnd\src\modules\community\discussion.controller.js:97:18
[2026-10-01 23:05:26] ERROR: GET /api/discussions/abc - Invalid ID 
Error: Invalid ID
    at Object.id (D:\TaskPro\BackEnd\src\modules\community\validation.js:6:11)
    at D:\TaskPro\BackEnd\src\modules\community\discussion.routes.js:29:86
    at paramCallback (D:\TaskPro\BackEnd\node_modules\router\index.js:649:19)
    at param (D:\TaskPro\BackEnd\node_modules\router\index.js:629:5)
    at processParams (D:\TaskPro\BackEnd\node_modules\router\index.js:664:3)
    at next (D:\TaskPro\BackEnd\node_modules\router\index.js:291:5)
    at validateIds (D:\TaskPro\BackEnd\src\modules\community\validation.js:23:5)
    at Layer.handleRequest (D:\TaskPro\BackEnd\node_modules\router\lib\layer.js:152:17)
    at trimPrefix (D:\TaskPro\BackEnd\node_modules\router\index.js:342:13)
    at D:\TaskPro\BackEnd\node_modules\router\index.js:297:9
[2026-10-01 23:05:26] ERROR: GET /api/discussions/2147483647 - Discussion not found 
Error: Discussion not found
    at Object.getDiscussionById (D:\TaskPro\BackEnd\src\modules\community\discussion.service.js:151:11)
    at async D:\TaskPro\BackEnd\src\modules\community\discussion.controller.js:38:22
[2026-10-01 23:05:26] ERROR: GET /api/discussions/7 - Discussion not found 
Error: Discussion not found
    at Object.getDiscussionById (D:\TaskPro\BackEnd\src\modules\community\discussion.service.js:151:11)
    at async D:\TaskPro\BackEnd\src\modules\community\discussion.controller.js:38:22
[2026-10-01 23:05:27] ERROR: PUT /api/notifications/62/read - Access denied 
Error: Access denied
    at Object.markAsRead (D:\TaskPro\BackEnd\src\modules\community\notification.service.js:61:11)
    at async D:\TaskPro\BackEnd\src\modules\community\notification.controller.js:31:24
[2026-10-01 23:05:27] ERROR: DELETE /api/notifications/62 - Access denied 
Error: Access denied
    at Object.deleteNotification (D:\TaskPro\BackEnd\src\modules\community\notification.service.js:89:11)
    at async D:\TaskPro\BackEnd\src\modules\community\notification.controller.js:44:18
[2026-10-01 23:05:27] ERROR: DELETE /api/notifications/62 - Notification not found 
Error: Notification not found
    at Object.deleteNotification (D:\TaskPro\BackEnd\src\modules\community\notification.service.js:85:11)
    at async D:\TaskPro\BackEnd\src\modules\community\notification.controller.js:44:18
[2026-10-01 23:05:27] ERROR: PUT /api/notifications/abc/read - Invalid ID 
Error: Invalid ID
    at Object.id (D:\TaskPro\BackEnd\src\modules\community\validation.js:6:11)
    at D:\TaskPro\BackEnd\src\modules\community\notification.routes.js:24:79
    at paramCallback (D:\TaskPro\BackEnd\node_modules\router\index.js:649:19)
    at param (D:\TaskPro\BackEnd\node_modules\router\index.js:629:5)
    at processParams (D:\TaskPro\BackEnd\node_modules\router\index.js:664:3)
    at next (D:\TaskPro\BackEnd\node_modules\router\index.js:291:5)
    at authenticate (D:\TaskPro\BackEnd\src\middlewares\authMiddleware.js:44:5)
[2026-10-01 23:05:27] ERROR: PUT /api/notifications/2147483647/read - Notification not found 
Error: Notification not found
    at Object.markAsRead (D:\TaskPro\BackEnd\src\modules\community\notification.service.js:57:11)
    at async D:\TaskPro\BackEnd\src\modules\community\notification.controller.js:31:24
[2026-10-01 23:05:27] ERROR: POST /api/chat - User not found 
Error: User not found
    at Object.getOrCreateConversation (D:\TaskPro\BackEnd\src\modules\community\chat.service.js:75:42)
    at async D:\TaskPro\BackEnd\src\modules\community\chat.controller.js:19:24
[2026-10-01 23:06:25] ERROR: POST /api/chat - Invalid ID 
Error: Invalid ID
    at id (D:\TaskPro\BackEnd\src\modules\community\validation.js:6:11)
    at Object.getOrCreateConversation (D:\TaskPro\BackEnd\src\modules\community\chat.service.js:72:18)
    at D:\TaskPro\BackEnd\src\modules\community\chat.controller.js:19:42
    at D:\TaskPro\BackEnd\src\utils\catchAsync.js:9:25
    at Layer.handleRequest (D:\TaskPro\BackEnd\node_modules\router\lib\layer.js:152:17)
    at next (D:\TaskPro\BackEnd\node_modules\router\lib\route.js:157:13)
    at Route.dispatch (D:\TaskPro\BackEnd\node_modules\router\lib\route.js:117:3)
    at handle (D:\TaskPro\BackEnd\node_modules\router\index.js:435:11)
    at Layer.handleRequest (D:\TaskPro\BackEnd\node_modules\router\lib\layer.js:152:17)
    at D:\TaskPro\BackEnd\node_modules\router\index.js:295:15
[2026-10-01 23:06:25] ERROR: POST /api/chat - Invalid ID 
Error: Invalid ID
    at id (D:\TaskPro\BackEnd\src\modules\community\validation.js:6:11)
    at validateIds (D:\TaskPro\BackEnd\src\modules\community\validation.js:17:68)
    at Layer.handleRequest (D:\TaskPro\BackEnd\node_modules\router\lib\layer.js:152:17)
    at trimPrefix (D:\TaskPro\BackEnd\node_modules\router\index.js:342:13)
    at D:\TaskPro\BackEnd\node_modules\router\index.js:297:9
    at processParams (D:\TaskPro\BackEnd\node_modules\router\index.js:582:12)
    at next (D:\TaskPro\BackEnd\node_modules\router\index.js:291:5)
    at authenticate (D:\TaskPro\BackEnd\src\middlewares\authMiddleware.js:44:5)
[2026-10-01 23:06:25] ERROR: POST /api/chat - Invalid ID 
Error: Invalid ID
    at id (D:\TaskPro\BackEnd\src\modules\community\validation.js:6:11)
    at validateIds (D:\TaskPro\BackEnd\src\modules\community\validation.js:17:68)
    at Layer.handleRequest (D:\TaskPro\BackEnd\node_modules\router\lib\layer.js:152:17)
    at trimPrefix (D:\TaskPro\BackEnd\node_modules\router\index.js:342:13)
    at D:\TaskPro\BackEnd\node_modules\router\index.js:297:9
    at processParams (D:\TaskPro\BackEnd\node_modules\router\index.js:582:12)
    at next (D:\TaskPro\BackEnd\node_modules\router\index.js:291:5)
    at authenticate (D:\TaskPro\BackEnd\src\middlewares\authMiddleware.js:44:5)
[2026-10-01 23:06:25] ERROR: POST /api/chat - Invalid ID 
Error: Invalid ID
    at id (D:\TaskPro\BackEnd\src\modules\community\validation.js:6:11)
    at validateIds (D:\TaskPro\BackEnd\src\modules\community\validation.js:17:68)
    at Layer.handleRequest (D:\TaskPro\BackEnd\node_modules\router\lib\layer.js:152:17)
    at trimPrefix (D:\TaskPro\BackEnd\node_modules\router\index.js:342:13)
    at D:\TaskPro\BackEnd\node_modules\router\index.js:297:9
    at processParams (D:\TaskPro\BackEnd\node_modules\router\index.js:582:12)
    at next (D:\TaskPro\BackEnd\node_modules\router\index.js:291:5)
    at authenticate (D:\TaskPro\BackEnd\src\middlewares\authMiddleware.js:44:5)
[2026-10-01 23:06:25] ERROR: POST /api/chat - Invalid ID 
Error: Invalid ID
    at id (D:\TaskPro\BackEnd\src\modules\community\validation.js:6:11)
    at validateIds (D:\TaskPro\BackEnd\src\modules\community\validation.js:17:68)
    at Layer.handleRequest (D:\TaskPro\BackEnd\node_modules\router\lib\layer.js:152:17)
    at trimPrefix (D:\TaskPro\BackEnd\node_modules\router\index.js:342:13)
    at D:\TaskPro\BackEnd\node_modules\router\index.js:297:9
    at processParams (D:\TaskPro\BackEnd\node_modules\router\index.js:582:12)
    at next (D:\TaskPro\BackEnd\node_modules\router\index.js:291:5)
    at authenticate (D:\TaskPro\BackEnd\src\middlewares\authMiddleware.js:44:5)
[2026-10-01 23:06:25] ERROR: POST /api/chat - Invalid ID 
Error: Invalid ID
    at id (D:\TaskPro\BackEnd\src\modules\community\validation.js:6:11)
    at validateIds (D:\TaskPro\BackEnd\src\modules\community\validation.js:17:68)
    at Layer.handleRequest (D:\TaskPro\BackEnd\node_modules\router\lib\layer.js:152:17)
    at trimPrefix (D:\TaskPro\BackEnd\node_modules\router\index.js:342:13)
    at D:\TaskPro\BackEnd\node_modules\router\index.js:297:9
    at processParams (D:\TaskPro\BackEnd\node_modules\router\index.js:582:12)
    at next (D:\TaskPro\BackEnd\node_modules\router\index.js:291:5)
    at authenticate (D:\TaskPro\BackEnd\src\middlewares\authMiddleware.js:44:5)
[2026-10-01 23:06:25] ERROR: POST /api/chat - Invalid ID 
Error: Invalid ID
    at id (D:\TaskPro\BackEnd\src\modules\community\validation.js:6:11)
    at validateIds (D:\TaskPro\BackEnd\src\modules\community\validation.js:17:68)
    at Layer.handleRequest (D:\TaskPro\BackEnd\node_modules\router\lib\layer.js:152:17)
    at trimPrefix (D:\TaskPro\BackEnd\node_modules\router\index.js:342:13)
    at D:\TaskPro\BackEnd\node_modules\router\index.js:297:9
    at processParams (D:\TaskPro\BackEnd\node_modules\router\index.js:582:12)
    at next (D:\TaskPro\BackEnd\node_modules\router\index.js:291:5)
    at authenticate (D:\TaskPro\BackEnd\src\middlewares\authMiddleware.js:44:5)
[2026-10-01 23:06:25] ERROR: POST /api/chat - Cannot chat with yourself 
Error: Cannot chat with yourself
    at Object.getOrCreateConversation (D:\TaskPro\BackEnd\src\modules\community\chat.service.js:73:38)
    at D:\TaskPro\BackEnd\src\modules\community\chat.controller.js:19:42
    at D:\TaskPro\BackEnd\src\utils\catchAsync.js:9:25
    at Layer.handleRequest (D:\TaskPro\BackEnd\node_modules\router\lib\layer.js:152:17)
    at next (D:\TaskPro\BackEnd\node_modules\router\lib\route.js:157:13)
    at Route.dispatch (D:\TaskPro\BackEnd\node_modules\router\lib\route.js:117:3)
    at handle (D:\TaskPro\BackEnd\node_modules\router\index.js:435:11)
    at Layer.handleRequest (D:\TaskPro\BackEnd\node_modules\router\lib\layer.js:152:17)
    at D:\TaskPro\BackEnd\node_modules\router\index.js:295:15
    at processParams (D:\TaskPro\BackEnd\node_modules\router\index.js:582:12)
[2026-10-01 23:06:25] ERROR: POST /api/chat - User not found 
Error: User not found
    at Object.getOrCreateConversation (D:\TaskPro\BackEnd\src\modules\community\chat.service.js:75:42)
    at async D:\TaskPro\BackEnd\src\modules\community\chat.controller.js:19:24
[2026-10-01 23:06:25] ERROR: GET /api/chat/14/messages - Not authorized to view this conversation 
Error: Not authorized to view this conversation
    at Object.getMessages (D:\TaskPro\BackEnd\src\modules\community\chat.service.js:134:11)
    at async D:\TaskPro\BackEnd\src\modules\community\chat.controller.js:30:20
[2026-10-01 23:06:25] ERROR: POST /api/chat/14/messages - Not part of this conversation 
Error: Not part of this conversation
    at Object.sendMessage (D:\TaskPro\BackEnd\src\modules\community\chat.service.js:166:11)
    at async D:\TaskPro\BackEnd\src\modules\community\chat.controller.js:39:19
[2026-10-01 23:06:26] ERROR: DELETE /api/chat/14/messages - Access denied 
Error: Access denied
    at requireParticipant (D:\TaskPro\BackEnd\src\modules\community\chat.service.js:8:27)
    at async Object.clearConversation (D:\TaskPro\BackEnd\src\modules\community\chat.service.js:371:3)
    at async D:\TaskPro\BackEnd\src\modules\community\chat.controller.js:124:3
[2026-10-01 23:06:26] ERROR: DELETE /api/chat/14 - Access denied 
Error: Access denied
    at requireParticipant (D:\TaskPro\BackEnd\src\modules\community\chat.service.js:8:27)
    at async Object.deleteConversation (D:\TaskPro\BackEnd\src\modules\community\chat.service.js:359:3)
    at async D:\TaskPro\BackEnd\src\modules\community\chat.controller.js:117:3
[2026-10-01 23:06:26] ERROR: POST /api/chat/14/messages - Text must not be empty 
Error: Text must not be empty
    at text (D:\TaskPro\BackEnd\src\modules\community\validation.js:11:57)
    at validateIds (D:\TaskPro\BackEnd\src\modules\community\validation.js:22:42)
    at Layer.handleRequest (D:\TaskPro\BackEnd\node_modules\router\lib\layer.js:152:17)
    at trimPrefix (D:\TaskPro\BackEnd\node_modules\router\index.js:342:13)
    at D:\TaskPro\BackEnd\node_modules\router\index.js:297:9
    at processParams (D:\TaskPro\BackEnd\node_modules\router\index.js:582:12)
    at next (D:\TaskPro\BackEnd\node_modules\router\index.js:291:5)
    at authenticate (D:\TaskPro\BackEnd\src\middlewares\authMiddleware.js:44:5)
[2026-10-01 23:06:26] ERROR: GET /api/chat/abc/messages - Invalid ID 
Error: Invalid ID
    at Object.id (D:\TaskPro\BackEnd\src\modules\community\validation.js:6:11)
    at D:\TaskPro\BackEnd\src\modules\community\chat.routes.js:29:79
    at paramCallback (D:\TaskPro\BackEnd\node_modules\router\index.js:649:19)
    at param (D:\TaskPro\BackEnd\node_modules\router\index.js:629:5)
    at processParams (D:\TaskPro\BackEnd\node_modules\router\index.js:664:3)
    at next (D:\TaskPro\BackEnd\node_modules\router\index.js:291:5)
    at validateIds (D:\TaskPro\BackEnd\src\modules\community\validation.js:24:5)
    at Layer.handleRequest (D:\TaskPro\BackEnd\node_modules\router\lib\layer.js:152:17)
    at trimPrefix (D:\TaskPro\BackEnd\node_modules\router\index.js:342:13)
    at D:\TaskPro\BackEnd\node_modules\router\index.js:297:9
[2026-10-01 23:06:26] ERROR: GET /api/chat/2147483647/messages - Conversation not found 
Error: Conversation not found
    at Object.getMessages (D:\TaskPro\BackEnd\src\modules\community\chat.service.js:125:83)
    at async D:\TaskPro\BackEnd\src\modules\community\chat.controller.js:30:20
[2026-10-01 23:06:26] ERROR: POST /api/chat/workspaces - Text must not be empty 
Error: Text must not be empty
    at text (D:\TaskPro\BackEnd\src\modules\community\validation.js:11:57)
    at validateIds (D:\TaskPro\BackEnd\src\modules\community\validation.js:22:42)
    at Layer.handleRequest (D:\TaskPro\BackEnd\node_modules\router\lib\layer.js:152:17)
    at trimPrefix (D:\TaskPro\BackEnd\node_modules\router\index.js:342:13)
    at D:\TaskPro\BackEnd\node_modules\router\index.js:297:9
    at processParams (D:\TaskPro\BackEnd\node_modules\router\index.js:582:12)
    at next (D:\TaskPro\BackEnd\node_modules\router\index.js:291:5)
    at authenticate (D:\TaskPro\BackEnd\src\middlewares\authMiddleware.js:44:5)
[2026-10-01 23:06:26] ERROR: GET /api/chat/channels/9/messages - Access denied 
Error: Access denied
    at authorizeChannel (D:\TaskPro\BackEnd\src\modules\community\chat.service.js:22:82)
    at async Object.getChannelMessages (D:\TaskPro\BackEnd\src\modules\community\chat.service.js:233:3)
    at async D:\TaskPro\BackEnd\src\modules\community\chat.controller.js:57:20
[2026-10-01 23:06:26] ERROR: POST /api/chat/channels/9/messages - Access denied 
Error: Access denied
    at authorizeChannel (D:\TaskPro\BackEnd\src\modules\community\chat.service.js:22:82)
    at async Object.sendChannelMessage (D:\TaskPro\BackEnd\src\modules\community\chat.service.js:266:3)
    at async D:\TaskPro\BackEnd\src\modules\community\chat.controller.js:66:19
[2026-10-01 23:06:26] ERROR: PUT /api/chat/workspaces/5 - You are not authorized to edit this group 
Error: You are not authorized to edit this group
    at Object.updateWorkspace (D:\TaskPro\BackEnd\src\modules\community\chat.service.js:323:11)
    at async D:\TaskPro\BackEnd\src\modules\community\chat.controller.js:95:23
[2026-10-01 23:06:26] ERROR: POST /api/chat/workspaces/5/members - Access denied 
Error: Access denied
    at Object.authorizeWorkspaceManager (D:\TaskPro\BackEnd\src\modules\community\chat.service.js:14:63)
    at async D:\TaskPro\BackEnd\src\modules\community\chat.controller.js:102:3
[2026-10-01 23:06:26] ERROR: POST /api/chat/workspaces/5/members - User not found 
Error: User not found
    at Object.addWorkspaceMember (D:\TaskPro\BackEnd\src\modules\community\chat.service.js:344:50)
    at async D:\TaskPro\BackEnd\src\modules\community\chat.controller.js:103:18
[2026-10-01 23:06:26] ERROR: POST /api/chat/workspaces/5/members - Invalid ID 
Error: Invalid ID
    at Object.id (D:\TaskPro\BackEnd\src\modules\community\validation.js:6:11)
    at D:\TaskPro\BackEnd\src\modules\community\chat.controller.js:103:92
[2026-10-01 23:06:27] ERROR: POST /api/chat/workspaces/join - Workspace not found 
Error: Workspace not found
    at Object.addWorkspaceMember (D:\TaskPro\BackEnd\src\modules\community\chat.service.js:339:25)
    at async D:\TaskPro\BackEnd\src\modules\community\chat.controller.js:110:18
[2026-10-01 23:06:27] ERROR: POST /api/chat/workspaces/join - Invalid ID 
Error: Invalid ID
    at Object.id (D:\TaskPro\BackEnd\src\modules\community\validation.js:6:11)
    at D:\TaskPro\BackEnd\src\modules\community\chat.controller.js:108:47
    at D:\TaskPro\BackEnd\src\utils\catchAsync.js:9:25
    at Layer.handleRequest (D:\TaskPro\BackEnd\node_modules\router\lib\layer.js:152:17)
    at next (D:\TaskPro\BackEnd\node_modules\router\lib\route.js:157:13)
    at Route.dispatch (D:\TaskPro\BackEnd\node_modules\router\lib\route.js:117:3)
    at handle (D:\TaskPro\BackEnd\node_modules\router\index.js:435:11)
    at Layer.handleRequest (D:\TaskPro\BackEnd\node_modules\router\lib\layer.js:152:17)
    at D:\TaskPro\BackEnd\node_modules\router\index.js:295:15
    at processParams (D:\TaskPro\BackEnd\node_modules\router\index.js:582:12)
[2026-10-01 23:06:27] ERROR: POST /api/chat/channels/9/messages - Text must not be empty 
Error: Text must not be empty
    at text (D:\TaskPro\BackEnd\src\modules\community\validation.js:11:57)
    at validateIds (D:\TaskPro\BackEnd\src\modules\community\validation.js:22:42)
    at Layer.handleRequest (D:\TaskPro\BackEnd\node_modules\router\lib\layer.js:152:17)
    at trimPrefix (D:\TaskPro\BackEnd\node_modules\router\index.js:342:13)
    at D:\TaskPro\BackEnd\node_modules\router\index.js:297:9
    at processParams (D:\TaskPro\BackEnd\node_modules\router\index.js:582:12)
    at next (D:\TaskPro\BackEnd\node_modules\router\index.js:291:5)
    at authenticate (D:\TaskPro\BackEnd\src\middlewares\authMiddleware.js:44:5)
[2026-10-01 23:06:27] ERROR: GET /api/chat/channels/9/messages?cursor=abc - Invalid ID 
Error: Invalid ID
    at id (D:\TaskPro\BackEnd\src\modules\community\validation.js:6:11)
    at validateIds (D:\TaskPro\BackEnd\src\modules\community\validation.js:19:41)
    at Layer.handleRequest (D:\TaskPro\BackEnd\node_modules\router\lib\layer.js:152:17)
    at trimPrefix (D:\TaskPro\BackEnd\node_modules\router\index.js:342:13)
    at D:\TaskPro\BackEnd\node_modules\router\index.js:297:9
    at processParams (D:\TaskPro\BackEnd\node_modules\router\index.js:582:12)
    at next (D:\TaskPro\BackEnd\node_modules\router\index.js:291:5)
    at authenticate (D:\TaskPro\BackEnd\src\middlewares\authMiddleware.js:44:5)
[2026-10-01 23:06:27] ERROR: GET /api/chat/channels/9/messages?cursor=7 - Invalid channel cursor 
Error: Invalid channel cursor
    at Object.getChannelMessages (D:\TaskPro\BackEnd\src\modules\community\chat.service.js:249:58)
    at async D:\TaskPro\BackEnd\src\modules\community\chat.controller.js:57:20
[2026-10-01 23:06:27] ERROR: POST /api/chat/channels/9/messages - Invalid message type 
Error: Invalid message type
    at Object.sendChannelMessage (D:\TaskPro\BackEnd\src\modules\community\chat.service.js:267:61)
    at async D:\TaskPro\BackEnd\src\modules\community\chat.controller.js:66:19
[2026-10-01 23:06:27] ERROR: GET /api/chat/channels/2147483647/messages - Channel not found 
Error: Channel not found
    at authorizeChannel (D:\TaskPro\BackEnd\src\modules\community\chat.service.js:20:23)
    at async Object.getChannelMessages (D:\TaskPro\BackEnd\src\modules\community\chat.service.js:233:3)
    at async D:\TaskPro\BackEnd\src\modules\community\chat.controller.js:57:20
[2026-10-01 23:06:27] ERROR: PUT /api/discussions/9 - You can only edit your own discussions 
Error: You can only edit your own discussions
    at Object.updateDiscussion (D:\TaskPro\BackEnd\src\modules\community\discussion.service.js:167:11)
    at async D:\TaskPro\BackEnd\src\modules\community\discussion.controller.js:45:22
[2026-10-01 23:06:27] ERROR: DELETE /api/discussions/9 - You can only delete your own discussions 
Error: You can only delete your own discussions
    at Object.deleteDiscussion (D:\TaskPro\BackEnd\src\modules\community\discussion.service.js:199:11)
    at async D:\TaskPro\BackEnd\src\modules\community\discussion.controller.js:54:18
[2026-10-01 23:06:27] ERROR: PUT /api/discussions/9/resolve - Only the author can mark discussions as resolved 
Error: Only the author can mark discussions as resolved
    at Object.toggleResolved (D:\TaskPro\BackEnd\src\modules\community\discussion.service.js:219:11)
    at async D:\TaskPro\BackEnd\src\modules\community\discussion.controller.js:63:22
[2026-10-01 23:06:27] ERROR: POST /api/discussions/9/replies - Text must not be empty 
Error: Text must not be empty
    at text (D:\TaskPro\BackEnd\src\modules\community\validation.js:11:57)
    at validateIds (D:\TaskPro\BackEnd\src\modules\community\validation.js:22:42)
    at Layer.handleRequest (D:\TaskPro\BackEnd\node_modules\router\lib\layer.js:152:17)
    at trimPrefix (D:\TaskPro\BackEnd\node_modules\router\index.js:342:13)
    at D:\TaskPro\BackEnd\node_modules\router\index.js:297:9
    at processParams (D:\TaskPro\BackEnd\node_modules\router\index.js:582:12)
    at next (D:\TaskPro\BackEnd\node_modules\router\index.js:291:5)
    at authenticate (D:\TaskPro\BackEnd\src\middlewares\authMiddleware.js:44:5)
[2026-10-01 23:06:28] ERROR: POST /api/discussions/10/replies - Parent reply not found in this discussion 
Error: Parent reply not found in this discussion
    at Object.createReply (D:\TaskPro\BackEnd\src\modules\community\discussion.service.js:261:13)
    at async D:\TaskPro\BackEnd\src\modules\community\discussion.controller.js:79:17
[2026-10-01 23:06:28] ERROR: PUT /api/discussions/replies/9 - You can only edit your own replies 
Error: You can only edit your own replies
    at Object.updateReply (D:\TaskPro\BackEnd\src\modules\community\discussion.service.js:296:11)
    at async D:\TaskPro\BackEnd\src\modules\community\discussion.controller.js:88:17
[2026-10-01 23:06:28] ERROR: DELETE /api/discussions/replies/9 - You can only delete your own replies 
Error: You can only delete your own replies
    at Object.deleteReply (D:\TaskPro\BackEnd\src\modules\community\discussion.service.js:325:11)
    at async D:\TaskPro\BackEnd\src\modules\community\discussion.controller.js:97:18
[2026-10-01 23:06:28] ERROR: GET /api/discussions/abc - Invalid ID 
Error: Invalid ID
    at Object.id (D:\TaskPro\BackEnd\src\modules\community\validation.js:6:11)
    at D:\TaskPro\BackEnd\src\modules\community\discussion.routes.js:29:86
    at paramCallback (D:\TaskPro\BackEnd\node_modules\router\index.js:649:19)
    at param (D:\TaskPro\BackEnd\node_modules\router\index.js:629:5)
    at processParams (D:\TaskPro\BackEnd\node_modules\router\index.js:664:3)
    at next (D:\TaskPro\BackEnd\node_modules\router\index.js:291:5)
    at validateIds (D:\TaskPro\BackEnd\src\modules\community\validation.js:24:5)
    at Layer.handleRequest (D:\TaskPro\BackEnd\node_modules\router\lib\layer.js:152:17)
    at trimPrefix (D:\TaskPro\BackEnd\node_modules\router\index.js:342:13)
    at D:\TaskPro\BackEnd\node_modules\router\index.js:297:9
[2026-10-01 23:06:28] ERROR: GET /api/discussions?problemId=abc - Invalid ID 
Error: Invalid ID
    at id (D:\TaskPro\BackEnd\src\modules\community\validation.js:6:11)
    at validateIds (D:\TaskPro\BackEnd\src\modules\community\validation.js:20:44)
    at Layer.handleRequest (D:\TaskPro\BackEnd\node_modules\router\lib\layer.js:152:17)
    at trimPrefix (D:\TaskPro\BackEnd\node_modules\router\index.js:342:13)
    at D:\TaskPro\BackEnd\node_modules\router\index.js:297:9
    at processParams (D:\TaskPro\BackEnd\node_modules\router\index.js:582:12)
    at next (D:\TaskPro\BackEnd\node_modules\router\index.js:291:5)
    at authenticate (D:\TaskPro\BackEnd\src\middlewares\authMiddleware.js:44:5)
[2026-10-01 23:06:28] ERROR: PUT /api/discussions/replies/2147483647 - Reply not found 
Error: Reply not found
    at Object.updateReply (D:\TaskPro\BackEnd\src\modules\community\discussion.service.js:292:11)
    at async D:\TaskPro\BackEnd\src\modules\community\discussion.controller.js:88:17
[2026-10-01 23:06:28] ERROR: GET /api/discussions/2147483647 - Discussion not found 
Error: Discussion not found
    at Object.getDiscussionById (D:\TaskPro\BackEnd\src\modules\community\discussion.service.js:151:11)
    at async D:\TaskPro\BackEnd\src\modules\community\discussion.controller.js:38:22
[2026-10-01 23:06:28] ERROR: GET /api/discussions/9 - Discussion not found 
Error: Discussion not found
    at Object.getDiscussionById (D:\TaskPro\BackEnd\src\modules\community\discussion.service.js:151:11)
    at async D:\TaskPro\BackEnd\src\modules\community\discussion.controller.js:38:22
[2026-10-01 23:06:28] ERROR: PUT /api/notifications/65/read - Access denied 
Error: Access denied
    at Object.markAsRead (D:\TaskPro\BackEnd\src\modules\community\notification.service.js:61:11)
    at async D:\TaskPro\BackEnd\src\modules\community\notification.controller.js:31:24
[2026-10-01 23:06:28] ERROR: DELETE /api/notifications/65 - Access denied 
Error: Access denied
    at Object.deleteNotification (D:\TaskPro\BackEnd\src\modules\community\notification.service.js:89:11)
    at async D:\TaskPro\BackEnd\src\modules\community\notification.controller.js:44:18
[2026-10-01 23:06:28] ERROR: DELETE /api/notifications/65 - Notification not found 
Error: Notification not found
    at Object.deleteNotification (D:\TaskPro\BackEnd\src\modules\community\notification.service.js:85:11)
    at async D:\TaskPro\BackEnd\src\modules\community\notification.controller.js:44:18
[2026-10-01 23:06:28] ERROR: PUT /api/notifications/abc/read - Invalid ID 
Error: Invalid ID
    at Object.id (D:\TaskPro\BackEnd\src\modules\community\validation.js:6:11)
    at D:\TaskPro\BackEnd\src\modules\community\notification.routes.js:24:79
    at paramCallback (D:\TaskPro\BackEnd\node_modules\router\index.js:649:19)
    at param (D:\TaskPro\BackEnd\node_modules\router\index.js:629:5)
    at processParams (D:\TaskPro\BackEnd\node_modules\router\index.js:664:3)
    at next (D:\TaskPro\BackEnd\node_modules\router\index.js:291:5)
    at authenticate (D:\TaskPro\BackEnd\src\middlewares\authMiddleware.js:44:5)
[2026-10-01 23:06:28] ERROR: PUT /api/notifications/2147483647/read - Notification not found 
Error: Notification not found
    at Object.markAsRead (D:\TaskPro\BackEnd\src\modules\community\notification.service.js:57:11)
    at async D:\TaskPro\BackEnd\src\modules\community\notification.controller.js:31:24
[2026-10-01 23:06:28] ERROR: POST /api/chat - User not found 
Error: User not found
    at Object.getOrCreateConversation (D:\TaskPro\BackEnd\src\modules\community\chat.service.js:75:42)
    at async D:\TaskPro\BackEnd\src\modules\community\chat.controller.js:19:24
[2026-10-01 23:06:47] ERROR: POST /api/chat - Invalid ID 
Error: Invalid ID
    at id (D:\TaskPro\BackEnd\src\modules\community\validation.js:6:11)
    at Object.getOrCreateConversation (D:\TaskPro\BackEnd\src\modules\community\chat.service.js:72:18)
    at D:\TaskPro\BackEnd\src\modules\community\chat.controller.js:19:42
    at D:\TaskPro\BackEnd\src\utils\catchAsync.js:9:25
    at Layer.handleRequest (D:\TaskPro\BackEnd\node_modules\router\lib\layer.js:152:17)
    at next (D:\TaskPro\BackEnd\node_modules\router\lib\route.js:157:13)
    at Route.dispatch (D:\TaskPro\BackEnd\node_modules\router\lib\route.js:117:3)
    at handle (D:\TaskPro\BackEnd\node_modules\router\index.js:435:11)
    at Layer.handleRequest (D:\TaskPro\BackEnd\node_modules\router\lib\layer.js:152:17)
    at D:\TaskPro\BackEnd\node_modules\router\index.js:295:15
[2026-10-01 23:06:47] ERROR: POST /api/chat - Invalid ID 
Error: Invalid ID
    at id (D:\TaskPro\BackEnd\src\modules\community\validation.js:6:11)
    at validateIds (D:\TaskPro\BackEnd\src\modules\community\validation.js:17:68)
    at Layer.handleRequest (D:\TaskPro\BackEnd\node_modules\router\lib\layer.js:152:17)
    at trimPrefix (D:\TaskPro\BackEnd\node_modules\router\index.js:342:13)
    at D:\TaskPro\BackEnd\node_modules\router\index.js:297:9
    at processParams (D:\TaskPro\BackEnd\node_modules\router\index.js:582:12)
    at next (D:\TaskPro\BackEnd\node_modules\router\index.js:291:5)
    at authenticate (D:\TaskPro\BackEnd\src\middlewares\authMiddleware.js:44:5)
[2026-10-01 23:06:47] ERROR: POST /api/chat - Invalid ID 
Error: Invalid ID
    at id (D:\TaskPro\BackEnd\src\modules\community\validation.js:6:11)
    at validateIds (D:\TaskPro\BackEnd\src\modules\community\validation.js:17:68)
    at Layer.handleRequest (D:\TaskPro\BackEnd\node_modules\router\lib\layer.js:152:17)
    at trimPrefix (D:\TaskPro\BackEnd\node_modules\router\index.js:342:13)
    at D:\TaskPro\BackEnd\node_modules\router\index.js:297:9
    at processParams (D:\TaskPro\BackEnd\node_modules\router\index.js:582:12)
    at next (D:\TaskPro\BackEnd\node_modules\router\index.js:291:5)
    at authenticate (D:\TaskPro\BackEnd\src\middlewares\authMiddleware.js:44:5)
[2026-10-01 23:06:47] ERROR: POST /api/chat - Invalid ID 
Error: Invalid ID
    at id (D:\TaskPro\BackEnd\src\modules\community\validation.js:6:11)
    at validateIds (D:\TaskPro\BackEnd\src\modules\community\validation.js:17:68)
    at Layer.handleRequest (D:\TaskPro\BackEnd\node_modules\router\lib\layer.js:152:17)
    at trimPrefix (D:\TaskPro\BackEnd\node_modules\router\index.js:342:13)
    at D:\TaskPro\BackEnd\node_modules\router\index.js:297:9
    at processParams (D:\TaskPro\BackEnd\node_modules\router\index.js:582:12)
    at next (D:\TaskPro\BackEnd\node_modules\router\index.js:291:5)
    at authenticate (D:\TaskPro\BackEnd\src\middlewares\authMiddleware.js:44:5)
[2026-10-01 23:06:47] ERROR: POST /api/chat - Invalid ID 
Error: Invalid ID
    at id (D:\TaskPro\BackEnd\src\modules\community\validation.js:6:11)
    at validateIds (D:\TaskPro\BackEnd\src\modules\community\validation.js:17:68)
    at Layer.handleRequest (D:\TaskPro\BackEnd\node_modules\router\lib\layer.js:152:17)
    at trimPrefix (D:\TaskPro\BackEnd\node_modules\router\index.js:342:13)
    at D:\TaskPro\BackEnd\node_modules\router\index.js:297:9
    at processParams (D:\TaskPro\BackEnd\node_modules\router\index.js:582:12)
    at next (D:\TaskPro\BackEnd\node_modules\router\index.js:291:5)
    at authenticate (D:\TaskPro\BackEnd\src\middlewares\authMiddleware.js:44:5)
[2026-10-01 23:06:47] ERROR: POST /api/chat - Invalid ID 
Error: Invalid ID
    at id (D:\TaskPro\BackEnd\src\modules\community\validation.js:6:11)
    at validateIds (D:\TaskPro\BackEnd\src\modules\community\validation.js:17:68)
    at Layer.handleRequest (D:\TaskPro\BackEnd\node_modules\router\lib\layer.js:152:17)
    at trimPrefix (D:\TaskPro\BackEnd\node_modules\router\index.js:342:13)
    at D:\TaskPro\BackEnd\node_modules\router\index.js:297:9
    at processParams (D:\TaskPro\BackEnd\node_modules\router\index.js:582:12)
    at next (D:\TaskPro\BackEnd\node_modules\router\index.js:291:5)
    at authenticate (D:\TaskPro\BackEnd\src\middlewares\authMiddleware.js:44:5)
[2026-10-01 23:06:47] ERROR: POST /api/chat - Invalid ID 
Error: Invalid ID
    at id (D:\TaskPro\BackEnd\src\modules\community\validation.js:6:11)
    at validateIds (D:\TaskPro\BackEnd\src\modules\community\validation.js:17:68)
    at Layer.handleRequest (D:\TaskPro\BackEnd\node_modules\router\lib\layer.js:152:17)
    at trimPrefix (D:\TaskPro\BackEnd\node_modules\router\index.js:342:13)
    at D:\TaskPro\BackEnd\node_modules\router\index.js:297:9
    at processParams (D:\TaskPro\BackEnd\node_modules\router\index.js:582:12)
    at next (D:\TaskPro\BackEnd\node_modules\router\index.js:291:5)
    at authenticate (D:\TaskPro\BackEnd\src\middlewares\authMiddleware.js:44:5)
[2026-10-01 23:06:47] ERROR: POST /api/chat - Cannot chat with yourself 
Error: Cannot chat with yourself
    at Object.getOrCreateConversation (D:\TaskPro\BackEnd\src\modules\community\chat.service.js:73:38)
    at D:\TaskPro\BackEnd\src\modules\community\chat.controller.js:19:42
    at D:\TaskPro\BackEnd\src\utils\catchAsync.js:9:25
    at Layer.handleRequest (D:\TaskPro\BackEnd\node_modules\router\lib\layer.js:152:17)
    at next (D:\TaskPro\BackEnd\node_modules\router\lib\route.js:157:13)
    at Route.dispatch (D:\TaskPro\BackEnd\node_modules\router\lib\route.js:117:3)
    at handle (D:\TaskPro\BackEnd\node_modules\router\index.js:435:11)
    at Layer.handleRequest (D:\TaskPro\BackEnd\node_modules\router\lib\layer.js:152:17)
    at D:\TaskPro\BackEnd\node_modules\router\index.js:295:15
    at processParams (D:\TaskPro\BackEnd\node_modules\router\index.js:582:12)
[2026-10-01 23:06:47] ERROR: POST /api/chat - User not found 
Error: User not found
    at Object.getOrCreateConversation (D:\TaskPro\BackEnd\src\modules\community\chat.service.js:75:42)
    at async D:\TaskPro\BackEnd\src\modules\community\chat.controller.js:19:24
[2026-10-01 23:06:47] ERROR: GET /api/chat/15/messages - Not authorized to view this conversation 
Error: Not authorized to view this conversation
    at Object.getMessages (D:\TaskPro\BackEnd\src\modules\community\chat.service.js:134:11)
    at async D:\TaskPro\BackEnd\src\modules\community\chat.controller.js:30:20
[2026-10-01 23:06:48] ERROR: POST /api/chat/15/messages - Not part of this conversation 
Error: Not part of this conversation
    at Object.sendMessage (D:\TaskPro\BackEnd\src\modules\community\chat.service.js:166:11)
    at async D:\TaskPro\BackEnd\src\modules\community\chat.controller.js:39:19
[2026-10-01 23:06:48] ERROR: DELETE /api/chat/15/messages - Access denied 
Error: Access denied
    at requireParticipant (D:\TaskPro\BackEnd\src\modules\community\chat.service.js:8:27)
    at async Object.clearConversation (D:\TaskPro\BackEnd\src\modules\community\chat.service.js:371:3)
    at async D:\TaskPro\BackEnd\src\modules\community\chat.controller.js:124:3
[2026-10-01 23:06:48] ERROR: DELETE /api/chat/15 - Access denied 
Error: Access denied
    at requireParticipant (D:\TaskPro\BackEnd\src\modules\community\chat.service.js:8:27)
    at async Object.deleteConversation (D:\TaskPro\BackEnd\src\modules\community\chat.service.js:359:3)
    at async D:\TaskPro\BackEnd\src\modules\community\chat.controller.js:117:3
[2026-10-01 23:06:48] ERROR: POST /api/chat/15/messages - Text must not be empty 
Error: Text must not be empty
    at text (D:\TaskPro\BackEnd\src\modules\community\validation.js:11:57)
    at validateIds (D:\TaskPro\BackEnd\src\modules\community\validation.js:22:42)
    at Layer.handleRequest (D:\TaskPro\BackEnd\node_modules\router\lib\layer.js:152:17)
    at trimPrefix (D:\TaskPro\BackEnd\node_modules\router\index.js:342:13)
    at D:\TaskPro\BackEnd\node_modules\router\index.js:297:9
    at processParams (D:\TaskPro\BackEnd\node_modules\router\index.js:582:12)
    at next (D:\TaskPro\BackEnd\node_modules\router\index.js:291:5)
    at authenticate (D:\TaskPro\BackEnd\src\middlewares\authMiddleware.js:44:5)
[2026-10-01 23:06:48] ERROR: GET /api/chat/abc/messages - Invalid ID 
Error: Invalid ID
    at Object.id (D:\TaskPro\BackEnd\src\modules\community\validation.js:6:11)
    at D:\TaskPro\BackEnd\src\modules\community\chat.routes.js:29:79
    at paramCallback (D:\TaskPro\BackEnd\node_modules\router\index.js:649:19)
    at param (D:\TaskPro\BackEnd\node_modules\router\index.js:629:5)
    at processParams (D:\TaskPro\BackEnd\node_modules\router\index.js:664:3)
    at next (D:\TaskPro\BackEnd\node_modules\router\index.js:291:5)
    at validateIds (D:\TaskPro\BackEnd\src\modules\community\validation.js:24:5)
    at Layer.handleRequest (D:\TaskPro\BackEnd\node_modules\router\lib\layer.js:152:17)
    at trimPrefix (D:\TaskPro\BackEnd\node_modules\router\index.js:342:13)
    at D:\TaskPro\BackEnd\node_modules\router\index.js:297:9
[2026-10-01 23:06:48] ERROR: GET /api/chat/2147483647/messages - Conversation not found 
Error: Conversation not found
    at Object.getMessages (D:\TaskPro\BackEnd\src\modules\community\chat.service.js:125:83)
    at async D:\TaskPro\BackEnd\src\modules\community\chat.controller.js:30:20
[2026-10-01 23:06:48] ERROR: POST /api/chat/workspaces - Text must not be empty 
Error: Text must not be empty
    at text (D:\TaskPro\BackEnd\src\modules\community\validation.js:11:57)
    at validateIds (D:\TaskPro\BackEnd\src\modules\community\validation.js:22:42)
    at Layer.handleRequest (D:\TaskPro\BackEnd\node_modules\router\lib\layer.js:152:17)
    at trimPrefix (D:\TaskPro\BackEnd\node_modules\router\index.js:342:13)
    at D:\TaskPro\BackEnd\node_modules\router\index.js:297:9
    at processParams (D:\TaskPro\BackEnd\node_modules\router\index.js:582:12)
    at next (D:\TaskPro\BackEnd\node_modules\router\index.js:291:5)
    at authenticate (D:\TaskPro\BackEnd\src\middlewares\authMiddleware.js:44:5)
[2026-10-01 23:06:48] ERROR: GET /api/chat/channels/11/messages - Access denied 
Error: Access denied
    at authorizeChannel (D:\TaskPro\BackEnd\src\modules\community\chat.service.js:22:82)
    at async Object.getChannelMessages (D:\TaskPro\BackEnd\src\modules\community\chat.service.js:233:3)
    at async D:\TaskPro\BackEnd\src\modules\community\chat.controller.js:57:20
[2026-10-01 23:06:48] ERROR: POST /api/chat/channels/11/messages - Access denied 
Error: Access denied
    at authorizeChannel (D:\TaskPro\BackEnd\src\modules\community\chat.service.js:22:82)
    at async Object.sendChannelMessage (D:\TaskPro\BackEnd\src\modules\community\chat.service.js:266:3)
    at async D:\TaskPro\BackEnd\src\modules\community\chat.controller.js:66:19
[2026-10-01 23:06:48] ERROR: PUT /api/chat/workspaces/6 - You are not authorized to edit this group 
Error: You are not authorized to edit this group
    at Object.updateWorkspace (D:\TaskPro\BackEnd\src\modules\community\chat.service.js:323:11)
    at async D:\TaskPro\BackEnd\src\modules\community\chat.controller.js:95:23
[2026-10-01 23:06:48] ERROR: POST /api/chat/workspaces/6/members - Access denied 
Error: Access denied
    at Object.authorizeWorkspaceManager (D:\TaskPro\BackEnd\src\modules\community\chat.service.js:14:63)
    at async D:\TaskPro\BackEnd\src\modules\community\chat.controller.js:102:3
[2026-10-01 23:06:49] ERROR: POST /api/chat/workspaces/6/members - User not found 
Error: User not found
    at Object.addWorkspaceMember (D:\TaskPro\BackEnd\src\modules\community\chat.service.js:344:50)
    at async D:\TaskPro\BackEnd\src\modules\community\chat.controller.js:103:18
[2026-10-01 23:06:49] ERROR: POST /api/chat/workspaces/6/members - Invalid ID 
Error: Invalid ID
    at Object.id (D:\TaskPro\BackEnd\src\modules\community\validation.js:6:11)
    at D:\TaskPro\BackEnd\src\modules\community\chat.controller.js:103:92
[2026-10-01 23:06:49] ERROR: POST /api/chat/workspaces/join - Workspace not found 
Error: Workspace not found
    at Object.addWorkspaceMember (D:\TaskPro\BackEnd\src\modules\community\chat.service.js:339:25)
    at async D:\TaskPro\BackEnd\src\modules\community\chat.controller.js:110:18
[2026-10-01 23:06:49] ERROR: POST /api/chat/workspaces/join - Invalid ID 
Error: Invalid ID
    at Object.id (D:\TaskPro\BackEnd\src\modules\community\validation.js:6:11)
    at D:\TaskPro\BackEnd\src\modules\community\chat.controller.js:108:47
    at D:\TaskPro\BackEnd\src\utils\catchAsync.js:9:25
    at Layer.handleRequest (D:\TaskPro\BackEnd\node_modules\router\lib\layer.js:152:17)
    at next (D:\TaskPro\BackEnd\node_modules\router\lib\route.js:157:13)
    at Route.dispatch (D:\TaskPro\BackEnd\node_modules\router\lib\route.js:117:3)
    at handle (D:\TaskPro\BackEnd\node_modules\router\index.js:435:11)
    at Layer.handleRequest (D:\TaskPro\BackEnd\node_modules\router\lib\layer.js:152:17)
    at D:\TaskPro\BackEnd\node_modules\router\index.js:295:15
    at processParams (D:\TaskPro\BackEnd\node_modules\router\index.js:582:12)
[2026-10-01 23:06:49] ERROR: POST /api/chat/channels/11/messages - Text must not be empty 
Error: Text must not be empty
    at text (D:\TaskPro\BackEnd\src\modules\community\validation.js:11:57)
    at validateIds (D:\TaskPro\BackEnd\src\modules\community\validation.js:22:42)
    at Layer.handleRequest (D:\TaskPro\BackEnd\node_modules\router\lib\layer.js:152:17)
    at trimPrefix (D:\TaskPro\BackEnd\node_modules\router\index.js:342:13)
    at D:\TaskPro\BackEnd\node_modules\router\index.js:297:9
    at processParams (D:\TaskPro\BackEnd\node_modules\router\index.js:582:12)
    at next (D:\TaskPro\BackEnd\node_modules\router\index.js:291:5)
    at authenticate (D:\TaskPro\BackEnd\src\middlewares\authMiddleware.js:44:5)
[2026-10-01 23:06:49] ERROR: GET /api/chat/channels/11/messages?cursor=abc - Invalid ID 
Error: Invalid ID
    at id (D:\TaskPro\BackEnd\src\modules\community\validation.js:6:11)
    at validateIds (D:\TaskPro\BackEnd\src\modules\community\validation.js:19:41)
    at Layer.handleRequest (D:\TaskPro\BackEnd\node_modules\router\lib\layer.js:152:17)
    at trimPrefix (D:\TaskPro\BackEnd\node_modules\router\index.js:342:13)
    at D:\TaskPro\BackEnd\node_modules\router\index.js:297:9
    at processParams (D:\TaskPro\BackEnd\node_modules\router\index.js:582:12)
    at next (D:\TaskPro\BackEnd\node_modules\router\index.js:291:5)
    at authenticate (D:\TaskPro\BackEnd\src\middlewares\authMiddleware.js:44:5)
[2026-10-01 23:06:49] ERROR: GET /api/chat/channels/11/messages?cursor=64 - Invalid channel cursor 
Error: Invalid channel cursor
    at Object.getChannelMessages (D:\TaskPro\BackEnd\src\modules\community\chat.service.js:249:58)
    at async D:\TaskPro\BackEnd\src\modules\community\chat.controller.js:57:20
[2026-10-01 23:06:50] ERROR: POST /api/chat/channels/11/messages - Invalid message type 
Error: Invalid message type
    at Object.sendChannelMessage (D:\TaskPro\BackEnd\src\modules\community\chat.service.js:267:61)
    at async D:\TaskPro\BackEnd\src\modules\community\chat.controller.js:66:19
[2026-10-01 23:06:50] ERROR: GET /api/chat/channels/2147483647/messages - Channel not found 
Error: Channel not found
    at authorizeChannel (D:\TaskPro\BackEnd\src\modules\community\chat.service.js:20:23)
    at async Object.getChannelMessages (D:\TaskPro\BackEnd\src\modules\community\chat.service.js:233:3)
    at async D:\TaskPro\BackEnd\src\modules\community\chat.controller.js:57:20
[2026-10-01 23:06:50] ERROR: PUT /api/discussions/11 - You can only edit your own discussions 
Error: You can only edit your own discussions
    at Object.updateDiscussion (D:\TaskPro\BackEnd\src\modules\community\discussion.service.js:167:11)
    at async D:\TaskPro\BackEnd\src\modules\community\discussion.controller.js:45:22
[2026-10-01 23:06:50] ERROR: DELETE /api/discussions/11 - You can only delete your own discussions 
Error: You can only delete your own discussions
    at Object.deleteDiscussion (D:\TaskPro\BackEnd\src\modules\community\discussion.service.js:199:11)
    at async D:\TaskPro\BackEnd\src\modules\community\discussion.controller.js:54:18
[2026-10-01 23:06:50] ERROR: PUT /api/discussions/11/resolve - Only the author can mark discussions as resolved 
Error: Only the author can mark discussions as resolved
    at Object.toggleResolved (D:\TaskPro\BackEnd\src\modules\community\discussion.service.js:219:11)
    at async D:\TaskPro\BackEnd\src\modules\community\discussion.controller.js:63:22
[2026-10-01 23:06:50] ERROR: POST /api/discussions/11/replies - Text must not be empty 
Error: Text must not be empty
    at text (D:\TaskPro\BackEnd\src\modules\community\validation.js:11:57)
    at validateIds (D:\TaskPro\BackEnd\src\modules\community\validation.js:22:42)
    at Layer.handleRequest (D:\TaskPro\BackEnd\node_modules\router\lib\layer.js:152:17)
    at trimPrefix (D:\TaskPro\BackEnd\node_modules\router\index.js:342:13)
    at D:\TaskPro\BackEnd\node_modules\router\index.js:297:9
    at processParams (D:\TaskPro\BackEnd\node_modules\router\index.js:582:12)
    at next (D:\TaskPro\BackEnd\node_modules\router\index.js:291:5)
    at authenticate (D:\TaskPro\BackEnd\src\middlewares\authMiddleware.js:44:5)
[2026-10-01 23:06:51] ERROR: POST /api/discussions/12/replies - Parent reply not found in this discussion 
Error: Parent reply not found in this discussion
    at Object.createReply (D:\TaskPro\BackEnd\src\modules\community\discussion.service.js:261:13)
    at async D:\TaskPro\BackEnd\src\modules\community\discussion.controller.js:79:17
[2026-10-01 23:06:51] ERROR: PUT /api/discussions/replies/11 - You can only edit your own replies 
Error: You can only edit your own replies
    at Object.updateReply (D:\TaskPro\BackEnd\src\modules\community\discussion.service.js:296:11)
    at async D:\TaskPro\BackEnd\src\modules\community\discussion.controller.js:88:17
[2026-10-01 23:06:51] ERROR: DELETE /api/discussions/replies/11 - You can only delete your own replies 
Error: You can only delete your own replies
    at Object.deleteReply (D:\TaskPro\BackEnd\src\modules\community\discussion.service.js:325:11)
    at async D:\TaskPro\BackEnd\src\modules\community\discussion.controller.js:97:18
[2026-10-01 23:06:51] ERROR: GET /api/discussions/abc - Invalid ID 
Error: Invalid ID
    at Object.id (D:\TaskPro\BackEnd\src\modules\community\validation.js:6:11)
    at D:\TaskPro\BackEnd\src\modules\community\discussion.routes.js:29:86
    at paramCallback (D:\TaskPro\BackEnd\node_modules\router\index.js:649:19)
    at param (D:\TaskPro\BackEnd\node_modules\router\index.js:629:5)
    at processParams (D:\TaskPro\BackEnd\node_modules\router\index.js:664:3)
    at next (D:\TaskPro\BackEnd\node_modules\router\index.js:291:5)
    at validateIds (D:\TaskPro\BackEnd\src\modules\community\validation.js:24:5)
    at Layer.handleRequest (D:\TaskPro\BackEnd\node_modules\router\lib\layer.js:152:17)
    at trimPrefix (D:\TaskPro\BackEnd\node_modules\router\index.js:342:13)
    at D:\TaskPro\BackEnd\node_modules\router\index.js:297:9
[2026-10-01 23:06:51] ERROR: GET /api/discussions?problemId=abc - Invalid ID 
Error: Invalid ID
    at id (D:\TaskPro\BackEnd\src\modules\community\validation.js:6:11)
    at validateIds (D:\TaskPro\BackEnd\src\modules\community\validation.js:20:44)
    at Layer.handleRequest (D:\TaskPro\BackEnd\node_modules\router\lib\layer.js:152:17)
    at trimPrefix (D:\TaskPro\BackEnd\node_modules\router\index.js:342:13)
    at D:\TaskPro\BackEnd\node_modules\router\index.js:297:9
    at processParams (D:\TaskPro\BackEnd\node_modules\router\index.js:582:12)
    at next (D:\TaskPro\BackEnd\node_modules\router\index.js:291:5)
    at authenticate (D:\TaskPro\BackEnd\src\middlewares\authMiddleware.js:44:5)
[2026-10-01 23:06:51] ERROR: PUT /api/discussions/replies/2147483647 - Reply not found 
Error: Reply not found
    at Object.updateReply (D:\TaskPro\BackEnd\src\modules\community\discussion.service.js:292:11)
    at async D:\TaskPro\BackEnd\src\modules\community\discussion.controller.js:88:17
[2026-10-01 23:06:51] ERROR: GET /api/discussions/2147483647 - Discussion not found 
Error: Discussion not found
    at Object.getDiscussionById (D:\TaskPro\BackEnd\src\modules\community\discussion.service.js:151:11)
    at async D:\TaskPro\BackEnd\src\modules\community\discussion.controller.js:38:22
[2026-10-01 23:06:51] ERROR: GET /api/discussions/11 - Discussion not found 
Error: Discussion not found
    at Object.getDiscussionById (D:\TaskPro\BackEnd\src\modules\community\discussion.service.js:151:11)
    at async D:\TaskPro\BackEnd\src\modules\community\discussion.controller.js:38:22
[2026-10-01 23:06:52] ERROR: PUT /api/notifications/68/read - Access denied 
Error: Access denied
    at Object.markAsRead (D:\TaskPro\BackEnd\src\modules\community\notification.service.js:61:11)
    at async D:\TaskPro\BackEnd\src\modules\community\notification.controller.js:31:24
[2026-10-01 23:06:52] ERROR: DELETE /api/notifications/68 - Access denied 
Error: Access denied
    at Object.deleteNotification (D:\TaskPro\BackEnd\src\modules\community\notification.service.js:89:11)
    at async D:\TaskPro\BackEnd\src\modules\community\notification.controller.js:44:18
[2026-10-01 23:06:53] ERROR: DELETE /api/notifications/68 - Notification not found 
Error: Notification not found
    at Object.deleteNotification (D:\TaskPro\BackEnd\src\modules\community\notification.service.js:85:11)
    at async D:\TaskPro\BackEnd\src\modules\community\notification.controller.js:44:18
[2026-10-01 23:06:53] ERROR: PUT /api/notifications/abc/read - Invalid ID 
Error: Invalid ID
    at Object.id (D:\TaskPro\BackEnd\src\modules\community\validation.js:6:11)
    at D:\TaskPro\BackEnd\src\modules\community\notification.routes.js:24:79
    at paramCallback (D:\TaskPro\BackEnd\node_modules\router\index.js:649:19)
    at param (D:\TaskPro\BackEnd\node_modules\router\index.js:629:5)
    at processParams (D:\TaskPro\BackEnd\node_modules\router\index.js:664:3)
    at next (D:\TaskPro\BackEnd\node_modules\router\index.js:291:5)
    at authenticate (D:\TaskPro\BackEnd\src\middlewares\authMiddleware.js:44:5)
[2026-10-01 23:06:53] ERROR: PUT /api/notifications/2147483647/read - Notification not found 
Error: Notification not found
    at Object.markAsRead (D:\TaskPro\BackEnd\src\modules\community\notification.service.js:57:11)
    at async D:\TaskPro\BackEnd\src\modules\community\notification.controller.js:31:24
[2026-10-01 23:06:53] ERROR: POST /api/chat - User not found 
Error: User not found
    at Object.getOrCreateConversation (D:\TaskPro\BackEnd\src\modules\community\chat.service.js:75:42)
    at async D:\TaskPro\BackEnd\src\modules\community\chat.controller.js:19:24
[2026-10-01 23:11:38] ERROR: POST /api/auth/login - Invalid email or password 
Error: Invalid email or password
    at authError (D:\TaskPro\BackEnd\src\modules\auth\auth.service.js:5:64)
    at Object.loginUser (D:\TaskPro\BackEnd\src\modules\auth\auth.service.js:166:11)
    at async D:\TaskPro\BackEnd\src\modules\auth\auth.controller.js:16:18
[2026-10-01 23:11:39] ERROR: PUT /api/auth/profile - Full name is required 
Error: Full name is required
    at authError (D:\TaskPro\BackEnd\src\modules\auth\auth.service.js:5:64)
    at Object.updateProfile (D:\TaskPro\BackEnd\src\modules\auth\auth.service.js:237:124)
    at D:\TaskPro\BackEnd\src\modules\auth\auth.controller.js:26:34
    at D:\TaskPro\BackEnd\src\utils\catchAsync.js:9:25
    at Layer.handleRequest (D:\TaskPro\BackEnd\node_modules\router\lib\layer.js:152:17)
    at next (D:\TaskPro\BackEnd\node_modules\router\lib\route.js:157:13)
    at authenticate (D:\TaskPro\BackEnd\src\middlewares\authMiddleware.js:44:5)
[2026-10-01 23:11:39] ERROR: PUT /api/auth/profile - Invalid email address 
Error: Invalid email address
    at authError (D:\TaskPro\BackEnd\src\modules\auth\auth.service.js:5:64)
    at Object.updateProfile (D:\TaskPro\BackEnd\src\modules\auth\auth.service.js:239:116)
    at D:\TaskPro\BackEnd\src\modules\auth\auth.controller.js:26:34
    at D:\TaskPro\BackEnd\src\utils\catchAsync.js:9:25
    at Layer.handleRequest (D:\TaskPro\BackEnd\node_modules\router\lib\layer.js:152:17)
    at next (D:\TaskPro\BackEnd\node_modules\router\lib\route.js:157:13)
    at authenticate (D:\TaskPro\BackEnd\src\middlewares\authMiddleware.js:44:5)
[2026-10-01 23:11:39] ERROR: PUT /api/auth/profile - Email is already in use by another account 
Error: Email is already in use by another account
    at authError (D:\TaskPro\BackEnd\src\modules\auth\auth.service.js:5:64)
    at Object.updateProfile (D:\TaskPro\BackEnd\src\modules\auth\auth.service.js:258:13)
    at async D:\TaskPro\BackEnd\src\modules\auth\auth.controller.js:26:16
[2026-10-01 23:11:39] ERROR: PUT /api/auth/change-password - Current password is incorrect 
Error: Current password is incorrect
    at authError (D:\TaskPro\BackEnd\src\modules\auth\auth.service.js:5:64)
    at Object.changePassword (D:\TaskPro\BackEnd\src\modules\auth\auth.service.js:309:11)
    at async D:\TaskPro\BackEnd\src\modules\auth\auth.controller.js:74:18
[2026-10-01 23:11:39] ERROR: PUT /api/auth/change-password - Current password and a new password of at least 8 characters are required 
Error: Current password and a new password of at least 8 characters are required
    at authError (D:\TaskPro\BackEnd\src\modules\auth\auth.service.js:5:64)
    at Object.changePassword (D:\TaskPro\BackEnd\src\modules\auth\auth.service.js:298:111)
    at D:\TaskPro\BackEnd\src\modules\auth\auth.controller.js:74:36
    at D:\TaskPro\BackEnd\src\utils\catchAsync.js:9:25
    at Layer.handleRequest (D:\TaskPro\BackEnd\node_modules\router\lib\layer.js:152:17)
    at next (D:\TaskPro\BackEnd\node_modules\router\lib\route.js:157:13)
    at authenticate (D:\TaskPro\BackEnd\src\middlewares\authMiddleware.js:44:5)
[2026-10-01 23:11:39] ERROR: POST /api/auth/register - Public registration is only available for student accounts 
Error: Public registration is only available for student accounts
    at authError (D:\TaskPro\BackEnd\src\modules\auth\auth.service.js:5:64)
    at Object.registerUser (D:\TaskPro\BackEnd\src\modules\auth\auth.service.js:45:94)
    at async D:\TaskPro\BackEnd\src\modules\auth\auth.controller.js:8:18
[2026-10-01 23:11:39] ERROR: POST /api/auth/register - Invalid OTP provided 
Error: Invalid OTP provided
    at authError (D:\TaskPro\BackEnd\src\modules\auth\auth.service.js:5:64)
    at Object.registerUser (D:\TaskPro\BackEnd\src\modules\auth\auth.service.js:66:11)
    at async D:\TaskPro\BackEnd\src\modules\auth\auth.controller.js:8:18
[2026-10-01 23:11:39] ERROR: POST /api/auth/register - OTP not requested or expired 
Error: OTP not requested or expired
    at authError (D:\TaskPro\BackEnd\src\modules\auth\auth.service.js:5:64)
    at Object.registerUser (D:\TaskPro\BackEnd\src\modules\auth\auth.service.js:55:11)
    at async D:\TaskPro\BackEnd\src\modules\auth\auth.controller.js:8:18
[2026-10-01 23:11:40] ERROR: POST /api/categories - Category name is required 
Error: Category name is required
    at categoryError (D:\TaskPro\BackEnd\src\modules\courses\category.service.js:2:68)
    at validateCategory (D:\TaskPro\BackEnd\src\modules\courses\category.service.js:4:94)
    at Object.createCategory (D:\TaskPro\BackEnd\src\modules\courses\category.service.js:23:3)
    at D:\TaskPro\BackEnd\src\modules\courses\category.controller.js:10:42
    at D:\TaskPro\BackEnd\src\utils\catchAsync.js:9:25
    at Layer.handleRequest (D:\TaskPro\BackEnd\node_modules\router\lib\layer.js:152:17)
    at next (D:\TaskPro\BackEnd\node_modules\router\lib\route.js:157:13)
    at D:\TaskPro\BackEnd\src\middlewares\authMiddleware.js:74:5
    at Layer.handleRequest (D:\TaskPro\BackEnd\node_modules\router\lib\layer.js:152:17)
    at next (D:\TaskPro\BackEnd\node_modules\router\lib\route.js:157:13)
[2026-10-01 23:11:40] ERROR: POST /api/categories - Category with this name already exists 
Error: Category with this name already exists
    at categoryError (D:\TaskPro\BackEnd\src\modules\courses\category.service.js:2:68)
    at Object.createCategory (D:\TaskPro\BackEnd\src\modules\courses\category.service.js:30:11)
    at async D:\TaskPro\BackEnd\src\modules\courses\category.controller.js:10:20
[2026-10-01 23:11:40] ERROR: PUT /api/categories/10 - Category hierarchy cannot contain a cycle 
Error: Category hierarchy cannot contain a cycle
    at categoryError (D:\TaskPro\BackEnd\src\modules\courses\category.service.js:2:68)
    at Object.updateCategory (D:\TaskPro\BackEnd\src\modules\courses\category.service.js:175:83)
    at async D:\TaskPro\BackEnd\src\modules\courses\category.controller.js:33:20
[2026-10-01 23:11:40] ERROR: DELETE /api/categories/10 - Cannot delete category with subcategories. Delete or reassign children first. 
Error: Cannot delete category with subcategories. Delete or reassign children first.
    at categoryError (D:\TaskPro\BackEnd\src\modules\courses\category.service.js:2:68)
    at Object.deleteCategory (D:\TaskPro\BackEnd\src\modules\courses\category.service.js:212:11)
    at async D:\TaskPro\BackEnd\src\modules\courses\category.controller.js:42:18
[2026-10-01 23:11:40] ERROR: GET /api/categories/10 - Category not found 
Error: Category not found
    at categoryError (D:\TaskPro\BackEnd\src\modules\courses\category.service.js:2:68)
    at Object.getCategoryById (D:\TaskPro\BackEnd\src\modules\courses\category.service.js:117:11)
    at async D:\TaskPro\BackEnd\src\modules\courses\category.controller.js:24:20
[2026-10-01 23:11:41] ERROR: POST /api/resources/3/download - 
Invalid `prisma.resource.update()` invocation in
D:\TaskPro\BackEnd\src\modules\courses\resource.service.js:42:34

  39 },
  40 
  41 incrementDownload: async (resourceId) => {
→ 42   return await prisma.resource.update(
An operation failed because it depends on one or more records that were required but not found. No record was found for an update. 
PrismaClientKnownRequestError: 
Invalid `prisma.resource.update()` invocation in
D:\TaskPro\BackEnd\src\modules\courses\resource.service.js:42:34

  39 },
  40 
  41 incrementDownload: async (resourceId) => {
→ 42   return await prisma.resource.update(
An operation failed because it depends on one or more records that were required but not found. No record was found for an update.
    at ei.handleRequestError (D:\TaskPro\BackEnd\node_modules\@prisma\client\runtime\library.js:121:7268)
    at ei.handleAndLogRequestError (D:\TaskPro\BackEnd\node_modules\@prisma\client\runtime\library.js:121:6593)
    at ei.request (D:\TaskPro\BackEnd\node_modules\@prisma\client\runtime\library.js:121:6300)
    at async a (D:\TaskPro\BackEnd\node_modules\@prisma\client\runtime\library.js:130:9551)
    at async Object.incrementDownload (D:\TaskPro\BackEnd\src\modules\courses\resource.service.js:42:12)
    at async D:\TaskPro\BackEnd\src\modules\courses\resource.controller.js:66:22
[2026-10-01 23:11:41] ERROR: POST /api/problems - title is required 
Error: title is required
    at failure (D:\TaskPro\BackEnd\src\modules\practice\practiceValidation.js:2:62)
    at validateProblem (D:\TaskPro\BackEnd\src\modules\practice\practiceValidation.js:20:116)
    at D:\TaskPro\BackEnd\src\modules\practice\codingProblem.controller.js:8:5
    at D:\TaskPro\BackEnd\src\utils\catchAsync.js:9:25
    at Layer.handleRequest (D:\TaskPro\BackEnd\node_modules\router\lib\layer.js:152:17)
    at next (D:\TaskPro\BackEnd\node_modules\router\lib\route.js:157:13)
    at D:\TaskPro\BackEnd\src\middlewares\authMiddleware.js:74:5
    at Layer.handleRequest (D:\TaskPro\BackEnd\node_modules\router\lib\layer.js:152:17)
    at next (D:\TaskPro\BackEnd\node_modules\router\lib\route.js:157:13)
    at Route.dispatch (D:\TaskPro\BackEnd\node_modules\router\lib\route.js:117:3)
[2026-10-01 23:11:41] ERROR: PUT /api/problems/12 - Only the problem creator or admin can make this change 
Error: Only the problem creator or admin can make this change
    at failure (D:\TaskPro\BackEnd\src\modules\practice\practiceValidation.js:2:62)
    at ownProblem (D:\TaskPro\BackEnd\src\modules\practice\practiceValidation.js:10:73)
    at async D:\TaskPro\BackEnd\src\modules\practice\codingProblem.controller.js:40:5
[2026-10-01 23:11:41] ERROR: PUT /api/problems/12 - Invalid supported languages 
Error: Invalid supported languages
    at failure (D:\TaskPro\BackEnd\src\modules\practice\practiceValidation.js:2:62)
    at validateProblem (D:\TaskPro\BackEnd\src\modules\practice\practiceValidation.js:25:99)
    at D:\TaskPro\BackEnd\src\modules\practice\codingProblem.controller.js:41:5
[2026-10-01 23:11:41] ERROR: POST /api/testcases/problem/12 - Only the problem creator or admin can make this change 
Error: Only the problem creator or admin can make this change
    at failure (D:\TaskPro\BackEnd\src\modules\practice\practiceValidation.js:2:62)
    at ownProblem (D:\TaskPro\BackEnd\src\modules\practice\practiceValidation.js:10:73)
    at async D:\TaskPro\BackEnd\src\modules\practice\testCase.controller.js:14:5
[2026-10-01 23:11:41] ERROR: PUT /api/testcases/35 - Only the problem creator or admin can make this change 
Error: Only the problem creator or admin can make this change
    at failure (D:\TaskPro\BackEnd\src\modules\practice\practiceValidation.js:2:62)
    at ownProblem (D:\TaskPro\BackEnd\src\modules\practice\practiceValidation.js:10:73)
    at async D:\TaskPro\BackEnd\src\modules\practice\testCase.controller.js:29:5
[2026-10-01 23:11:41] ERROR: PUT /api/testcases/35 - isHidden must be boolean 
Error: isHidden must be boolean
    at failure (D:\TaskPro\BackEnd\src\modules\practice\practiceValidation.js:2:62)
    at validateTestCase (D:\TaskPro\BackEnd\src\modules\practice\practiceValidation.js:34:80)
    at D:\TaskPro\BackEnd\src\modules\practice\testCase.controller.js:30:5
[2026-10-01 23:11:41] ERROR: GET /api/coding-submissions/1 - Submission access denied 
Error: Submission access denied
    at failure (D:\TaskPro\BackEnd\src\modules\practice\practiceValidation.js:2:62)
    at D:\TaskPro\BackEnd\src\modules\practice\codingSubmission.controller.js:44:94
[2026-10-01 23:11:41] ERROR: POST /api/coding-submissions/problem/12/run - The code execution service is not configured 
Error: The code execution service is not configured
    at executeCode (D:\TaskPro\BackEnd\src\modules\practice\codeExecution.service.js:6:87)
    at Object.runCode (D:\TaskPro\BackEnd\src\modules\practice\codingSubmission.service.js:135:35)
    at async D:\TaskPro\BackEnd\src\modules\practice\codingSubmission.controller.js:10:20
[2026-10-01 23:20:32] ERROR: POST /api/enrollments/31/enroll - Course is not available for enrollment 
Error: Course is not available for enrollment
    at enrollStudent (D:\TaskPro\BackEnd\src\modules\learning\enrollment.service.js:31:11)
    at async Object.enrollStudent (D:\TaskPro\BackEnd\src\modules\learning\validation.js:18:16)
    at async D:\TaskPro\BackEnd\src\modules\learning\enrollment.controller.js:6:22
[2026-10-01 23:20:32] ERROR: POST /api/enrollments/31/enroll - Already enrolled in this course 
Error: Already enrolled in this course
    at enrollStudent (D:\TaskPro\BackEnd\src\modules\learning\enrollment.service.js:44:11)
    at async Object.enrollStudent (D:\TaskPro\BackEnd\src\modules\learning\validation.js:18:16)
    at async D:\TaskPro\BackEnd\src\modules\learning\enrollment.controller.js:6:22
[2026-10-01 23:20:32] ERROR: GET /api/enrollments/course/31/students - You can only view students in your own courses 
Error: You can only view students in your own courses
    at getCourseEnrollments (D:\TaskPro\BackEnd\src\modules\learning\enrollment.service.js:172:25)
    at async Object.getCourseEnrollments (D:\TaskPro\BackEnd\src\modules\learning\validation.js:18:16)
    at async D:\TaskPro\BackEnd\src\modules\learning\enrollment.controller.js:32:5
[2026-10-01 23:20:32] ERROR: GET /api/enrollments/stats/31 - Not authorized to view enrollment stats 
Error: Not authorized to view enrollment stats
    at fail (D:\TaskPro\BackEnd\src\modules\learning\validation.js:2:23)
    at getEnrollmentStats (D:\TaskPro\BackEnd\src\modules\learning\enrollment.service.js:239:74)
    at async Object.getEnrollmentStats (D:\TaskPro\BackEnd\src\modules\learning\validation.js:18:16)
    at async D:\TaskPro\BackEnd\src\modules\learning\enrollment.controller.js:54:17
[2026-10-01 23:20:33] ERROR: POST /api/enrollments/830dd15f-c44b-413a-9856-e302b7feae71/enroll - Already enrolled in this course 
Error: Already enrolled in this course
    at enrollStudent (D:\TaskPro\BackEnd\src\modules\learning\enrollment.service.js:44:11)
    at async Object.enrollStudent (D:\TaskPro\BackEnd\src\modules\learning\validation.js:18:16)
    at async D:\TaskPro\BackEnd\src\modules\learning\enrollment.controller.js:6:22
[2026-10-01 23:20:33] ERROR: GET /api/enrollments/course/830dd15f-c44b-413a-9856-e302b7feae71/students - You can only view students in your own courses 
Error: You can only view students in your own courses
    at getCourseEnrollments (D:\TaskPro\BackEnd\src\modules\learning\enrollment.service.js:172:25)
    at async Object.getCourseEnrollments (D:\TaskPro\BackEnd\src\modules\learning\validation.js:18:16)
    at async D:\TaskPro\BackEnd\src\modules\learning\enrollment.controller.js:32:5
[2026-10-01 23:20:33] ERROR: POST /api/assignments - You are not authorized to manage assignments for this course 
Error: You are not authorized to manage assignments for this course
    at verifyMentorOwnership (D:\TaskPro\BackEnd\src\modules\learning\assignment.service.js:32:11)
    at async createAssignment (D:\TaskPro\BackEnd\src\modules\learning\assignment.service.js:49:3)
    at async Object.createAssignment (D:\TaskPro\BackEnd\src\modules\learning\validation.js:18:16)
    at async D:\TaskPro\BackEnd\src\modules\learning\assignment.controller.js:6:22
[2026-10-01 23:20:33] ERROR: POST /api/assignments - title must be a non-empty string 
Error: title must be a non-empty string
    at fail (D:\TaskPro\BackEnd\src\modules\learning\validation.js:2:23)
    at text (D:\TaskPro\BackEnd\src\modules\learning\validation.js:13:63)
    at validateAssignment (D:\TaskPro\BackEnd\src\modules\learning\assignment.service.js:4:3)
    at createAssignment (D:\TaskPro\BackEnd\src\modules\learning\assignment.service.js:45:3)
    at Object.createAssignment (D:\TaskPro\BackEnd\src\modules\learning\validation.js:18:22)
    at D:\TaskPro\BackEnd\src\modules\learning\assignment.controller.js:6:46
    at D:\TaskPro\BackEnd\src\utils\catchAsync.js:9:25
    at Layer.handleRequest (D:\TaskPro\BackEnd\node_modules\router\lib\layer.js:152:17)
    at next (D:\TaskPro\BackEnd\node_modules\router\lib\route.js:157:13)
    at D:\TaskPro\BackEnd\src\middlewares\authMiddleware.js:74:5
[2026-10-01 23:20:33] ERROR: POST /api/assignments - Invalid assignment type 
Error: Invalid assignment type
    at fail (D:\TaskPro\BackEnd\src\modules\learning\validation.js:2:23)
    at validateAssignment (D:\TaskPro\BackEnd\src\modules\learning\assignment.service.js:9:108)
    at createAssignment (D:\TaskPro\BackEnd\src\modules\learning\assignment.service.js:45:3)
    at Object.createAssignment (D:\TaskPro\BackEnd\src\modules\learning\validation.js:18:22)
    at D:\TaskPro\BackEnd\src\modules\learning\assignment.controller.js:6:46
    at D:\TaskPro\BackEnd\src\utils\catchAsync.js:9:25
    at Layer.handleRequest (D:\TaskPro\BackEnd\node_modules\router\lib\layer.js:152:17)
    at next (D:\TaskPro\BackEnd\node_modules\router\lib\route.js:157:13)
    at D:\TaskPro\BackEnd\src\middlewares\authMiddleware.js:74:5
    at Layer.handleRequest (D:\TaskPro\BackEnd\node_modules\router\lib\layer.js:152:17)
[2026-10-01 23:20:33] ERROR: POST /api/assignments - totalMarks must be an integer >= 1 
Error: totalMarks must be an integer >= 1
    at fail (D:\TaskPro\BackEnd\src\modules\learning\validation.js:2:23)
    at integer (D:\TaskPro\BackEnd\src\modules\learning\validation.js:7:5)
    at validateAssignment (D:\TaskPro\BackEnd\src\modules\learning\assignment.service.js:7:38)
    at createAssignment (D:\TaskPro\BackEnd\src\modules\learning\assignment.service.js:45:3)
    at Object.createAssignment (D:\TaskPro\BackEnd\src\modules\learning\validation.js:18:22)
    at D:\TaskPro\BackEnd\src\modules\learning\assignment.controller.js:6:46
    at D:\TaskPro\BackEnd\src\utils\catchAsync.js:9:25
    at Layer.handleRequest (D:\TaskPro\BackEnd\node_modules\router\lib\layer.js:152:17)
    at next (D:\TaskPro\BackEnd\node_modules\router\lib\route.js:157:13)
    at D:\TaskPro\BackEnd\src\middlewares\authMiddleware.js:74:5
[2026-10-01 23:20:33] ERROR: POST /api/assignments - totalMarks must be an integer >= 1 
Error: totalMarks must be an integer >= 1
    at fail (D:\TaskPro\BackEnd\src\modules\learning\validation.js:2:23)
    at integer (D:\TaskPro\BackEnd\src\modules\learning\validation.js:7:5)
    at validateAssignment (D:\TaskPro\BackEnd\src\modules\learning\assignment.service.js:7:38)
    at createAssignment (D:\TaskPro\BackEnd\src\modules\learning\assignment.service.js:45:3)
    at Object.createAssignment (D:\TaskPro\BackEnd\src\modules\learning\validation.js:18:22)
    at D:\TaskPro\BackEnd\src\modules\learning\assignment.controller.js:6:46
    at D:\TaskPro\BackEnd\src\utils\catchAsync.js:9:25
    at Layer.handleRequest (D:\TaskPro\BackEnd\node_modules\router\lib\layer.js:152:17)
    at next (D:\TaskPro\BackEnd\node_modules\router\lib\route.js:157:13)
    at D:\TaskPro\BackEnd\src\middlewares\authMiddleware.js:74:5
[2026-10-01 23:20:33] ERROR: POST /api/assignments - Invalid dueDate 
Error: Invalid dueDate
    at fail (D:\TaskPro\BackEnd\src\modules\learning\validation.js:2:23)
    at validateAssignment (D:\TaskPro\BackEnd\src\modules\learning\assignment.service.js:10:113)
    at createAssignment (D:\TaskPro\BackEnd\src\modules\learning\assignment.service.js:45:3)
    at Object.createAssignment (D:\TaskPro\BackEnd\src\modules\learning\validation.js:18:22)
    at D:\TaskPro\BackEnd\src\modules\learning\assignment.controller.js:6:46
    at D:\TaskPro\BackEnd\src\utils\catchAsync.js:9:25
    at Layer.handleRequest (D:\TaskPro\BackEnd\node_modules\router\lib\layer.js:152:17)
    at next (D:\TaskPro\BackEnd\node_modules\router\lib\route.js:157:13)
    at D:\TaskPro\BackEnd\src\middlewares\authMiddleware.js:74:5
    at Layer.handleRequest (D:\TaskPro\BackEnd\node_modules\router\lib\layer.js:152:17)
[2026-10-01 23:20:34] ERROR: PUT /api/assignments/4 - You are not authorized to update this assignment 
Error: You are not authorized to update this assignment
    at updateAssignment (D:\TaskPro\BackEnd\src\modules\learning\assignment.service.js:205:11)
    at async Object.updateAssignment (D:\TaskPro\BackEnd\src\modules\learning\validation.js:18:16)
    at async D:\TaskPro\BackEnd\src\modules\learning\assignment.controller.js:36:22
[2026-10-01 23:20:34] ERROR: POST /api/submissions/assignment/4 - You are not enrolled in this course 
Error: You are not enrolled in this course
    at submitAssignment (D:\TaskPro\BackEnd\src\modules\learning\submission.service.js:30:15)
    at async Object.submitAssignment (D:\TaskPro\BackEnd\src\modules\learning\validation.js:18:16)
    at async D:\TaskPro\BackEnd\src\modules\learning\submission.controller.js:6:22
[2026-10-01 23:20:34] ERROR: POST /api/submissions/assignment/4 - Submission content is required 
Error: Submission content is required
    at fail (D:\TaskPro\BackEnd\src\modules\learning\validation.js:2:23)
    at submitAssignment (D:\TaskPro\BackEnd\src\modules\learning\submission.service.js:40:107)
    at async Object.submitAssignment (D:\TaskPro\BackEnd\src\modules\learning\validation.js:18:16)
    at async D:\TaskPro\BackEnd\src\modules\learning\submission.controller.js:6:22
[2026-10-01 23:20:34] ERROR: GET /api/submissions/4 - Not authorized to view this submission 
Error: Not authorized to view this submission
    at fail (D:\TaskPro\BackEnd\src\modules\learning\validation.js:2:23)
    at getSubmissionById (D:\TaskPro\BackEnd\src\modules\learning\submission.service.js:285:138)
    at async Object.getSubmissionById (D:\TaskPro\BackEnd\src\modules\learning\validation.js:18:16)
    at async D:\TaskPro\BackEnd\src\modules\learning\submission.controller.js:66:22
[2026-10-01 23:20:34] ERROR: GET /api/submissions/4 - Not authorized to view this submission 
Error: Not authorized to view this submission
    at fail (D:\TaskPro\BackEnd\src\modules\learning\validation.js:2:23)
    at getSubmissionById (D:\TaskPro\BackEnd\src\modules\learning\submission.service.js:285:138)
    at async Object.getSubmissionById (D:\TaskPro\BackEnd\src\modules\learning\validation.js:18:16)
    at async D:\TaskPro\BackEnd\src\modules\learning\submission.controller.js:66:22
[2026-10-01 23:20:34] ERROR: GET /api/submissions/assignment/4 - Not authorized to view submissions 
Error: Not authorized to view submissions
    at fail (D:\TaskPro\BackEnd\src\modules\learning\validation.js:2:23)
    at getSubmissionsByAssignment (D:\TaskPro\BackEnd\src\modules\learning\submission.service.js:81:87)
    at async Object.getSubmissionsByAssignment (D:\TaskPro\BackEnd\src\modules\learning\validation.js:18:16)
    at async D:\TaskPro\BackEnd\src\modules\learning\submission.controller.js:21:5
[2026-10-01 23:20:34] ERROR: PUT /api/submissions/4/grade - You are not authorized to grade this submission 
Error: You are not authorized to grade this submission
    at gradeSubmission (D:\TaskPro\BackEnd\src\modules\learning\submission.service.js:204:15)
    at async Object.gradeSubmission (D:\TaskPro\BackEnd\src\modules\learning\validation.js:18:16)
    at async D:\TaskPro\BackEnd\src\modules\learning\submission.controller.js:56:22
[2026-10-01 23:20:34] ERROR: PUT /api/submissions/4/grade - marks must be an integer >= 0 
Error: marks must be an integer >= 0
    at fail (D:\TaskPro\BackEnd\src\modules\learning\validation.js:2:23)
    at integer (D:\TaskPro\BackEnd\src\modules\learning\validation.js:7:5)
    at gradeSubmission (D:\TaskPro\BackEnd\src\modules\learning\submission.service.js:208:30)
    at async Object.gradeSubmission (D:\TaskPro\BackEnd\src\modules\learning\validation.js:18:16)
    at async D:\TaskPro\BackEnd\src\modules\learning\submission.controller.js:56:22
[2026-10-01 23:20:34] ERROR: PUT /api/submissions/4/grade - Marks cannot exceed total marks (20) 
Error: Marks cannot exceed total marks (20)
    at gradeSubmission (D:\TaskPro\BackEnd\src\modules\learning\submission.service.js:214:15)
    at async Object.gradeSubmission (D:\TaskPro\BackEnd\src\modules\learning\validation.js:18:16)
    at async D:\TaskPro\BackEnd\src\modules\learning\submission.controller.js:56:22
[2026-10-01 23:20:34] ERROR: PUT /api/submissions/4/grade - marks must be an integer >= 0 
Error: marks must be an integer >= 0
    at fail (D:\TaskPro\BackEnd\src\modules\learning\validation.js:2:23)
    at integer (D:\TaskPro\BackEnd\src\modules\learning\validation.js:7:5)
    at gradeSubmission (D:\TaskPro\BackEnd\src\modules\learning\submission.service.js:208:30)
    at async Object.gradeSubmission (D:\TaskPro\BackEnd\src\modules\learning\validation.js:18:16)
    at async D:\TaskPro\BackEnd\src\modules\learning\submission.controller.js:56:22
[2026-10-01 23:20:34] ERROR: PUT /api/submissions/4/grade - Invalid submission status 
Error: Invalid submission status
    at fail (D:\TaskPro\BackEnd\src\modules\learning\validation.js:2:23)
    at gradeSubmission (D:\TaskPro\BackEnd\src\modules\learning\submission.service.js:210:100)
    at async Object.gradeSubmission (D:\TaskPro\BackEnd\src\modules\learning\validation.js:18:16)
    at async D:\TaskPro\BackEnd\src\modules\learning\submission.controller.js:56:22
[2026-10-01 23:20:34] ERROR: POST /api/submissions/assignment/4 - The due date for this assignment has passed 
Error: The due date for this assignment has passed
    at submitAssignment (D:\TaskPro\BackEnd\src\modules\learning\submission.service.js:35:15)
    at async Object.submitAssignment (D:\TaskPro\BackEnd\src\modules\learning\validation.js:18:16)
    at async D:\TaskPro\BackEnd\src\modules\learning\submission.controller.js:6:22
[2026-10-01 23:20:34] ERROR: PUT /api/progress/lesson/141/watch-time - Not enrolled in this course 
Error: Not enrolled in this course
    at fail (D:\TaskPro\BackEnd\src\modules\learning\validation.js:2:23)
    at verifyEnrollment (D:\TaskPro\BackEnd\src\modules\learning\progress.service.js:5:55)
    at async updateWatchTime (D:\TaskPro\BackEnd\src\modules\learning\progress.service.js:176:3)
    at async Object.updateWatchTime (D:\TaskPro\BackEnd\src\modules\learning\validation.js:18:16)
    at async D:\TaskPro\BackEnd\src\modules\learning\progress.controller.js:28:18
[2026-10-01 23:20:34] ERROR: POST /api/progress/lesson/141/complete - Not enrolled in this course 
Error: Not enrolled in this course
    at markLessonComplete (D:\TaskPro\BackEnd\src\modules\learning\progress.service.js:84:11)
    at async Object.markLessonComplete (D:\TaskPro\BackEnd\src\modules\learning\validation.js:18:16)
    at async D:\TaskPro\BackEnd\src\modules\learning\progress.controller.js:6:18
[2026-10-01 23:20:34] ERROR: PUT /api/progress/lesson/141/watch-time - watchTime must be an integer >= 0 
Error: watchTime must be an integer >= 0
    at fail (D:\TaskPro\BackEnd\src\modules\learning\validation.js:2:23)
    at integer (D:\TaskPro\BackEnd\src\modules\learning\validation.js:7:5)
    at updateWatchTime (D:\TaskPro\BackEnd\src\modules\learning\progress.service.js:166:3)
    at Object.updateWatchTime (D:\TaskPro\BackEnd\src\modules\learning\validation.js:18:22)
    at D:\TaskPro\BackEnd\src\modules\learning\progress.controller.js:28:40
    at D:\TaskPro\BackEnd\src\utils\catchAsync.js:9:25
    at Layer.handleRequest (D:\TaskPro\BackEnd\node_modules\router\lib\layer.js:152:17)
    at next (D:\TaskPro\BackEnd\node_modules\router\lib\route.js:157:13)
    at D:\TaskPro\BackEnd\src\middlewares\authMiddleware.js:74:5
    at Layer.handleRequest (D:\TaskPro\BackEnd\node_modules\router\lib\layer.js:152:17)
[2026-10-01 23:20:34] ERROR: PUT /api/progress/lesson/141/watch-time - watchTime must be an integer >= 0 
Error: watchTime must be an integer >= 0
    at fail (D:\TaskPro\BackEnd\src\modules\learning\validation.js:2:23)
    at integer (D:\TaskPro\BackEnd\src\modules\learning\validation.js:7:5)
    at updateWatchTime (D:\TaskPro\BackEnd\src\modules\learning\progress.service.js:166:3)
    at Object.updateWatchTime (D:\TaskPro\BackEnd\src\modules\learning\validation.js:18:22)
    at D:\TaskPro\BackEnd\src\modules\learning\progress.controller.js:28:40
    at D:\TaskPro\BackEnd\src\utils\catchAsync.js:9:25
    at Layer.handleRequest (D:\TaskPro\BackEnd\node_modules\router\lib\layer.js:152:17)
    at next (D:\TaskPro\BackEnd\node_modules\router\lib\route.js:157:13)
    at D:\TaskPro\BackEnd\src\middlewares\authMiddleware.js:74:5
    at Layer.handleRequest (D:\TaskPro\BackEnd\node_modules\router\lib\layer.js:152:17)
[2026-10-01 23:20:34] ERROR: PUT /api/progress/lesson/141/watch-time - watchTime must be an integer >= 0 
Error: watchTime must be an integer >= 0
    at fail (D:\TaskPro\BackEnd\src\modules\learning\validation.js:2:23)
    at integer (D:\TaskPro\BackEnd\src\modules\learning\validation.js:7:5)
    at updateWatchTime (D:\TaskPro\BackEnd\src\modules\learning\progress.service.js:166:3)
    at Object.updateWatchTime (D:\TaskPro\BackEnd\src\modules\learning\validation.js:18:22)
    at D:\TaskPro\BackEnd\src\modules\learning\progress.controller.js:28:40
    at D:\TaskPro\BackEnd\src\utils\catchAsync.js:9:25
    at Layer.handleRequest (D:\TaskPro\BackEnd\node_modules\router\lib\layer.js:152:17)
    at next (D:\TaskPro\BackEnd\node_modules\router\lib\route.js:157:13)
    at D:\TaskPro\BackEnd\src\middlewares\authMiddleware.js:74:5
    at Layer.handleRequest (D:\TaskPro\BackEnd\node_modules\router\lib\layer.js:152:17)
[2026-10-01 23:20:34] ERROR: PUT /api/progress/lesson/141/watch-time - watchTime must be an integer >= 0 
Error: watchTime must be an integer >= 0
    at fail (D:\TaskPro\BackEnd\src\modules\learning\validation.js:2:23)
    at integer (D:\TaskPro\BackEnd\src\modules\learning\validation.js:7:5)
    at updateWatchTime (D:\TaskPro\BackEnd\src\modules\learning\progress.service.js:166:3)
    at Object.updateWatchTime (D:\TaskPro\BackEnd\src\modules\learning\validation.js:18:22)
    at D:\TaskPro\BackEnd\src\modules\learning\progress.controller.js:28:40
    at D:\TaskPro\BackEnd\src\utils\catchAsync.js:9:25
    at Layer.handleRequest (D:\TaskPro\BackEnd\node_modules\router\lib\layer.js:152:17)
    at next (D:\TaskPro\BackEnd\node_modules\router\lib\route.js:157:13)
    at D:\TaskPro\BackEnd\src\middlewares\authMiddleware.js:74:5
    at Layer.handleRequest (D:\TaskPro\BackEnd\node_modules\router\lib\layer.js:152:17)
[2026-10-01 23:20:35] ERROR: POST /api/progress/lesson/141/complete - Not enrolled in this course 
Error: Not enrolled in this course
    at markLessonComplete (D:\TaskPro\BackEnd\src\modules\learning\progress.service.js:84:11)
    at async Object.markLessonComplete (D:\TaskPro\BackEnd\src\modules\learning\validation.js:18:16)
    at async D:\TaskPro\BackEnd\src\modules\learning\progress.controller.js:6:18
[2026-10-01 23:20:35] ERROR: POST /api/progress/lesson/141/incomplete - Not enrolled in this course 
Error: Not enrolled in this course
    at fail (D:\TaskPro\BackEnd\src\modules\learning\validation.js:2:23)
    at verifyEnrollment (D:\TaskPro\BackEnd\src\modules\learning\progress.service.js:5:55)
    at async markLessonIncomplete (D:\TaskPro\BackEnd\src\modules\learning\progress.service.js:127:3)
    at async Object.markLessonIncomplete (D:\TaskPro\BackEnd\src\modules\learning\validation.js:18:16)
    at async D:\TaskPro\BackEnd\src\modules\learning\progress.controller.js:14:18
[2026-10-01 23:20:35] ERROR: PUT /api/progress/lesson/141/watch-time - Not enrolled in this course 
Error: Not enrolled in this course
    at fail (D:\TaskPro\BackEnd\src\modules\learning\validation.js:2:23)
    at verifyEnrollment (D:\TaskPro\BackEnd\src\modules\learning\progress.service.js:5:55)
    at async updateWatchTime (D:\TaskPro\BackEnd\src\modules\learning\progress.service.js:176:3)
    at async Object.updateWatchTime (D:\TaskPro\BackEnd\src\modules\learning\validation.js:18:16)
    at async D:\TaskPro\BackEnd\src\modules\learning\progress.controller.js:28:18
[2026-10-01 23:20:35] ERROR: GET /api/progress/course/31 - Not enrolled in this course 
Error: Not enrolled in this course
    at getCourseProgress (D:\TaskPro\BackEnd\src\modules\learning\progress.service.js:211:11)
    at async Object.getCourseProgress (D:\TaskPro\BackEnd\src\modules\learning\validation.js:18:16)
    at async D:\TaskPro\BackEnd\src\modules\learning\progress.controller.js:37:18
[2026-10-01 23:20:35] ERROR: POST /api/reviews/course/31 - You must be enrolled in this course to leave a review 
Error: You must be enrolled in this course to leave a review
    at createReview (D:\TaskPro\BackEnd\src\modules\learning\review.service.js:31:11)
    at async Object.createReview (D:\TaskPro\BackEnd\src\modules\learning\validation.js:18:16)
    at async D:\TaskPro\BackEnd\src\modules\learning\review.controller.js:6:18
[2026-10-01 23:20:35] ERROR: POST /api/reviews/course/31 - You must be enrolled in this course to leave a review 
Error: You must be enrolled in this course to leave a review
    at createReview (D:\TaskPro\BackEnd\src\modules\learning\review.service.js:31:11)
    at async Object.createReview (D:\TaskPro\BackEnd\src\modules\learning\validation.js:18:16)
    at async D:\TaskPro\BackEnd\src\modules\learning\review.controller.js:6:18
[2026-10-01 23:20:35] ERROR: POST /api/reviews/course/31 - rating must be an integer >= 1 
Error: rating must be an integer >= 1
    at fail (D:\TaskPro\BackEnd\src\modules\learning\validation.js:2:23)
    at integer (D:\TaskPro\BackEnd\src\modules\learning\validation.js:7:5)
    at createReview (D:\TaskPro\BackEnd\src\modules\learning\review.service.js:13:3)
    at Object.createReview (D:\TaskPro\BackEnd\src\modules\learning\validation.js:18:22)
    at D:\TaskPro\BackEnd\src\modules\learning\review.controller.js:6:38
    at D:\TaskPro\BackEnd\src\utils\catchAsync.js:9:25
    at Layer.handleRequest (D:\TaskPro\BackEnd\node_modules\router\lib\layer.js:152:17)
    at next (D:\TaskPro\BackEnd\node_modules\router\lib\route.js:157:13)
    at D:\TaskPro\BackEnd\src\middlewares\authMiddleware.js:74:5
    at Layer.handleRequest (D:\TaskPro\BackEnd\node_modules\router\lib\layer.js:152:17)
[2026-10-01 23:20:35] ERROR: POST /api/reviews/course/31 - Rating must be between 1 and 5 
Error: Rating must be between 1 and 5
    at createReview (D:\TaskPro\BackEnd\src\modules\learning\review.service.js:17:11)
    at Object.createReview (D:\TaskPro\BackEnd\src\modules\learning\validation.js:18:22)
    at D:\TaskPro\BackEnd\src\modules\learning\review.controller.js:6:38
    at D:\TaskPro\BackEnd\src\utils\catchAsync.js:9:25
    at Layer.handleRequest (D:\TaskPro\BackEnd\node_modules\router\lib\layer.js:152:17)
    at next (D:\TaskPro\BackEnd\node_modules\router\lib\route.js:157:13)
    at D:\TaskPro\BackEnd\src\middlewares\authMiddleware.js:74:5
    at Layer.handleRequest (D:\TaskPro\BackEnd\node_modules\router\lib\layer.js:152:17)
    at next (D:\TaskPro\BackEnd\node_modules\router\lib\route.js:157:13)
    at authenticate (D:\TaskPro\BackEnd\src\middlewares\authMiddleware.js:44:5)
[2026-10-01 23:20:35] ERROR: POST /api/reviews/course/31 - rating must be an integer >= 1 
Error: rating must be an integer >= 1
    at fail (D:\TaskPro\BackEnd\src\modules\learning\validation.js:2:23)
    at integer (D:\TaskPro\BackEnd\src\modules\learning\validation.js:7:5)
    at createReview (D:\TaskPro\BackEnd\src\modules\learning\review.service.js:13:3)
    at Object.createReview (D:\TaskPro\BackEnd\src\modules\learning\validation.js:18:22)
    at D:\TaskPro\BackEnd\src\modules\learning\review.controller.js:6:38
    at D:\TaskPro\BackEnd\src\utils\catchAsync.js:9:25
    at Layer.handleRequest (D:\TaskPro\BackEnd\node_modules\router\lib\layer.js:152:17)
    at next (D:\TaskPro\BackEnd\node_modules\router\lib\route.js:157:13)
    at D:\TaskPro\BackEnd\src\middlewares\authMiddleware.js:74:5
    at Layer.handleRequest (D:\TaskPro\BackEnd\node_modules\router\lib\layer.js:152:17)
[2026-10-01 23:20:35] ERROR: POST /api/reviews/course/31 - rating must be an integer >= 1 
Error: rating must be an integer >= 1
    at fail (D:\TaskPro\BackEnd\src\modules\learning\validation.js:2:23)
    at integer (D:\TaskPro\BackEnd\src\modules\learning\validation.js:7:5)
    at createReview (D:\TaskPro\BackEnd\src\modules\learning\review.service.js:13:3)
    at Object.createReview (D:\TaskPro\BackEnd\src\modules\learning\validation.js:18:22)
    at D:\TaskPro\BackEnd\src\modules\learning\review.controller.js:6:38
    at D:\TaskPro\BackEnd\src\utils\catchAsync.js:9:25
    at Layer.handleRequest (D:\TaskPro\BackEnd\node_modules\router\lib\layer.js:152:17)
    at next (D:\TaskPro\BackEnd\node_modules\router\lib\route.js:157:13)
    at D:\TaskPro\BackEnd\src\middlewares\authMiddleware.js:74:5
    at Layer.handleRequest (D:\TaskPro\BackEnd\node_modules\router\lib\layer.js:152:17)
[2026-10-01 23:20:35] ERROR: POST /api/reviews/course/31 - You have already reviewed this course 
Error: You have already reviewed this course
    at createReview (D:\TaskPro\BackEnd\src\modules\learning\review.service.js:45:11)
    at async Object.createReview (D:\TaskPro\BackEnd\src\modules\learning\validation.js:18:16)
    at async D:\TaskPro\BackEnd\src\modules\learning\review.controller.js:6:18
[2026-10-01 23:20:35] ERROR: PUT /api/reviews/4 - You can only update your own review 
Error: You can only update your own review
    at updateReview (D:\TaskPro\BackEnd\src\modules\learning\review.service.js:115:11)
    at async Object.updateReview (D:\TaskPro\BackEnd\src\modules\learning\validation.js:18:16)
    at async D:\TaskPro\BackEnd\src\modules\learning\review.controller.js:23:18
[2026-10-01 23:20:35] ERROR: DELETE /api/reviews/4 - You can only delete your own review 
Error: You can only delete your own review
    at deleteReview (D:\TaskPro\BackEnd\src\modules\learning\review.service.js:161:11)
    at async Object.deleteReview (D:\TaskPro\BackEnd\src\modules\learning\validation.js:18:16)
    at async D:\TaskPro\BackEnd\src\modules\learning\review.controller.js:32:18
[2026-10-01 23:20:35] ERROR: PUT /api/reviews/4 - rating must be an integer >= 1 
Error: rating must be an integer >= 1
    at fail (D:\TaskPro\BackEnd\src\modules\learning\validation.js:2:23)
    at integer (D:\TaskPro\BackEnd\src\modules\learning\validation.js:7:5)
    at updateReview (D:\TaskPro\BackEnd\src\modules\learning\review.service.js:121:5)
    at async Object.updateReview (D:\TaskPro\BackEnd\src\modules\learning\validation.js:18:16)
    at async D:\TaskPro\BackEnd\src\modules\learning\review.controller.js:23:18
[2026-10-01 23:20:35] ERROR: POST /api/progress/lesson/141/incomplete - Not enrolled in this course 
Error: Not enrolled in this course
    at fail (D:\TaskPro\BackEnd\src\modules\learning\validation.js:2:23)
    at verifyEnrollment (D:\TaskPro\BackEnd\src\modules\learning\progress.service.js:5:55)
    at async markLessonIncomplete (D:\TaskPro\BackEnd\src\modules\learning\progress.service.js:127:3)
    at async Object.markLessonIncomplete (D:\TaskPro\BackEnd\src\modules\learning\validation.js:18:16)
    at async D:\TaskPro\BackEnd\src\modules\learning\progress.controller.js:14:18
[2026-10-01 23:20:35] ERROR: GET /api/progress/course/31 - Not enrolled in this course 
Error: Not enrolled in this course
    at getCourseProgress (D:\TaskPro\BackEnd\src\modules\learning\progress.service.js:211:11)
    at async Object.getCourseProgress (D:\TaskPro\BackEnd\src\modules\learning\validation.js:18:16)
    at async D:\TaskPro\BackEnd\src\modules\learning\progress.controller.js:37:18
[2026-10-01 23:20:35] ERROR: DELETE /api/assignments/4 - You are not authorized to delete this assignment 
Error: You are not authorized to delete this assignment
    at deleteAssignment (D:\TaskPro\BackEnd\src\modules\learning\assignment.service.js:263:11)
    at async Object.deleteAssignment (D:\TaskPro\BackEnd\src\modules\learning\validation.js:18:16)
    at async D:\TaskPro\BackEnd\src\modules\learning\assignment.controller.js:46:18
[2026-10-01 23:20:35] ERROR: GET /api/assignments/4 - Assignment not found 
Error: Assignment not found
    at getAssignmentById (D:\TaskPro\BackEnd\src\modules\learning\assignment.service.js:183:11)
    at async Object.getAssignmentById (D:\TaskPro\BackEnd\src\modules\learning\validation.js:18:16)
    at async D:\TaskPro\BackEnd\src\modules\learning\assignment.controller.js:29:22
[2026-10-01 23:23:10] ERROR: POST /api/auth/login - Invalid email or password 
Error: Invalid email or password
    at authError (D:\TaskPro\BackEnd\src\modules\auth\auth.service.js:5:64)
    at Object.loginUser (D:\TaskPro\BackEnd\src\modules\auth\auth.service.js:166:11)
    at async D:\TaskPro\BackEnd\src\modules\auth\auth.controller.js:16:18
[2026-10-01 23:23:10] ERROR: PUT /api/auth/profile - Full name is required 
Error: Full name is required
    at authError (D:\TaskPro\BackEnd\src\modules\auth\auth.service.js:5:64)
    at Object.updateProfile (D:\TaskPro\BackEnd\src\modules\auth\auth.service.js:237:124)
    at D:\TaskPro\BackEnd\src\modules\auth\auth.controller.js:26:34
    at D:\TaskPro\BackEnd\src\utils\catchAsync.js:9:25
    at Layer.handleRequest (D:\TaskPro\BackEnd\node_modules\router\lib\layer.js:152:17)
    at next (D:\TaskPro\BackEnd\node_modules\router\lib\route.js:157:13)
    at authenticate (D:\TaskPro\BackEnd\src\middlewares\authMiddleware.js:44:5)
[2026-10-01 23:23:10] ERROR: PUT /api/auth/profile - Invalid email address 
Error: Invalid email address
    at authError (D:\TaskPro\BackEnd\src\modules\auth\auth.service.js:5:64)
    at Object.updateProfile (D:\TaskPro\BackEnd\src\modules\auth\auth.service.js:239:116)
    at D:\TaskPro\BackEnd\src\modules\auth\auth.controller.js:26:34
    at D:\TaskPro\BackEnd\src\utils\catchAsync.js:9:25
    at Layer.handleRequest (D:\TaskPro\BackEnd\node_modules\router\lib\layer.js:152:17)
    at next (D:\TaskPro\BackEnd\node_modules\router\lib\route.js:157:13)
    at authenticate (D:\TaskPro\BackEnd\src\middlewares\authMiddleware.js:44:5)
[2026-10-01 23:23:10] ERROR: PUT /api/auth/profile - Email is already in use by another account 
Error: Email is already in use by another account
    at authError (D:\TaskPro\BackEnd\src\modules\auth\auth.service.js:5:64)
    at Object.updateProfile (D:\TaskPro\BackEnd\src\modules\auth\auth.service.js:258:13)
    at async D:\TaskPro\BackEnd\src\modules\auth\auth.controller.js:26:16
[2026-10-01 23:23:10] ERROR: PUT /api/auth/change-password - Current password is incorrect 
Error: Current password is incorrect
    at authError (D:\TaskPro\BackEnd\src\modules\auth\auth.service.js:5:64)
    at Object.changePassword (D:\TaskPro\BackEnd\src\modules\auth\auth.service.js:309:11)
    at async D:\TaskPro\BackEnd\src\modules\auth\auth.controller.js:74:18
[2026-10-01 23:23:10] ERROR: PUT /api/auth/change-password - Current password and a new password of at least 8 characters are required 
Error: Current password and a new password of at least 8 characters are required
    at authError (D:\TaskPro\BackEnd\src\modules\auth\auth.service.js:5:64)
    at Object.changePassword (D:\TaskPro\BackEnd\src\modules\auth\auth.service.js:298:111)
    at D:\TaskPro\BackEnd\src\modules\auth\auth.controller.js:74:36
    at D:\TaskPro\BackEnd\src\utils\catchAsync.js:9:25
    at Layer.handleRequest (D:\TaskPro\BackEnd\node_modules\router\lib\layer.js:152:17)
    at next (D:\TaskPro\BackEnd\node_modules\router\lib\route.js:157:13)
    at authenticate (D:\TaskPro\BackEnd\src\middlewares\authMiddleware.js:44:5)
[2026-10-01 23:23:11] ERROR: POST /api/auth/register - Public registration is only available for student accounts 
Error: Public registration is only available for student accounts
    at authError (D:\TaskPro\BackEnd\src\modules\auth\auth.service.js:5:64)
    at Object.registerUser (D:\TaskPro\BackEnd\src\modules\auth\auth.service.js:45:94)
    at async D:\TaskPro\BackEnd\src\modules\auth\auth.controller.js:8:18
[2026-10-01 23:23:11] ERROR: POST /api/auth/register - Invalid OTP provided 
Error: Invalid OTP provided
    at authError (D:\TaskPro\BackEnd\src\modules\auth\auth.service.js:5:64)
    at Object.registerUser (D:\TaskPro\BackEnd\src\modules\auth\auth.service.js:66:11)
    at async D:\TaskPro\BackEnd\src\modules\auth\auth.controller.js:8:18
[2026-10-01 23:23:11] ERROR: POST /api/auth/register - OTP not requested or expired 
Error: OTP not requested or expired
    at authError (D:\TaskPro\BackEnd\src\modules\auth\auth.service.js:5:64)
    at Object.registerUser (D:\TaskPro\BackEnd\src\modules\auth\auth.service.js:55:11)
    at async D:\TaskPro\BackEnd\src\modules\auth\auth.controller.js:8:18
[2026-10-01 23:23:12] ERROR: POST /api/categories - Category name is required 
Error: Category name is required
    at categoryError (D:\TaskPro\BackEnd\src\modules\courses\category.service.js:2:68)
    at validateCategory (D:\TaskPro\BackEnd\src\modules\courses\category.service.js:4:94)
    at Object.createCategory (D:\TaskPro\BackEnd\src\modules\courses\category.service.js:23:3)
    at D:\TaskPro\BackEnd\src\modules\courses\category.controller.js:10:42
    at D:\TaskPro\BackEnd\src\utils\catchAsync.js:9:25
    at Layer.handleRequest (D:\TaskPro\BackEnd\node_modules\router\lib\layer.js:152:17)
    at next (D:\TaskPro\BackEnd\node_modules\router\lib\route.js:157:13)
    at D:\TaskPro\BackEnd\src\middlewares\authMiddleware.js:74:5
    at Layer.handleRequest (D:\TaskPro\BackEnd\node_modules\router\lib\layer.js:152:17)
    at next (D:\TaskPro\BackEnd\node_modules\router\lib\route.js:157:13)
[2026-10-01 23:23:12] ERROR: POST /api/categories - Category with this name already exists 
Error: Category with this name already exists
    at categoryError (D:\TaskPro\BackEnd\src\modules\courses\category.service.js:2:68)
    at Object.createCategory (D:\TaskPro\BackEnd\src\modules\courses\category.service.js:30:11)
    at async D:\TaskPro\BackEnd\src\modules\courses\category.controller.js:10:20
[2026-10-01 23:23:12] ERROR: PUT /api/categories/12 - Category hierarchy cannot contain a cycle 
Error: Category hierarchy cannot contain a cycle
    at categoryError (D:\TaskPro\BackEnd\src\modules\courses\category.service.js:2:68)
    at Object.updateCategory (D:\TaskPro\BackEnd\src\modules\courses\category.service.js:175:83)
    at async D:\TaskPro\BackEnd\src\modules\courses\category.controller.js:33:20
[2026-10-01 23:23:12] ERROR: DELETE /api/categories/12 - Cannot delete category with subcategories. Delete or reassign children first. 
Error: Cannot delete category with subcategories. Delete or reassign children first.
    at categoryError (D:\TaskPro\BackEnd\src\modules\courses\category.service.js:2:68)
    at Object.deleteCategory (D:\TaskPro\BackEnd\src\modules\courses\category.service.js:212:11)
    at async D:\TaskPro\BackEnd\src\modules\courses\category.controller.js:42:18
[2026-10-01 23:23:12] ERROR: GET /api/categories/12 - Category not found 
Error: Category not found
    at categoryError (D:\TaskPro\BackEnd\src\modules\courses\category.service.js:2:68)
    at Object.getCategoryById (D:\TaskPro\BackEnd\src\modules\courses\category.service.js:117:11)
    at async D:\TaskPro\BackEnd\src\modules\courses\category.controller.js:24:20
[2026-10-01 23:23:12] ERROR: POST /api/resources/4/download - 
Invalid `prisma.resource.update()` invocation in
D:\TaskPro\BackEnd\src\modules\courses\resource.service.js:42:34

  39 },
  40 
  41 incrementDownload: async (resourceId) => {
→ 42   return await prisma.resource.update(
An operation failed because it depends on one or more records that were required but not found. No record was found for an update. 
PrismaClientKnownRequestError: 
Invalid `prisma.resource.update()` invocation in
D:\TaskPro\BackEnd\src\modules\courses\resource.service.js:42:34

  39 },
  40 
  41 incrementDownload: async (resourceId) => {
→ 42   return await prisma.resource.update(
An operation failed because it depends on one or more records that were required but not found. No record was found for an update.
    at ei.handleRequestError (D:\TaskPro\BackEnd\node_modules\@prisma\client\runtime\library.js:121:7268)
    at ei.handleAndLogRequestError (D:\TaskPro\BackEnd\node_modules\@prisma\client\runtime\library.js:121:6593)
    at ei.request (D:\TaskPro\BackEnd\node_modules\@prisma\client\runtime\library.js:121:6300)
    at async a (D:\TaskPro\BackEnd\node_modules\@prisma\client\runtime\library.js:130:9551)
    at async Object.incrementDownload (D:\TaskPro\BackEnd\src\modules\courses\resource.service.js:42:12)
    at async D:\TaskPro\BackEnd\src\modules\courses\resource.controller.js:66:22
[2026-10-01 23:23:12] ERROR: POST /api/problems - title is required 
Error: title is required
    at failure (D:\TaskPro\BackEnd\src\modules\practice\practiceValidation.js:2:62)
    at validateProblem (D:\TaskPro\BackEnd\src\modules\practice\practiceValidation.js:20:116)
    at D:\TaskPro\BackEnd\src\modules\practice\codingProblem.controller.js:8:5
    at D:\TaskPro\BackEnd\src\utils\catchAsync.js:9:25
    at Layer.handleRequest (D:\TaskPro\BackEnd\node_modules\router\lib\layer.js:152:17)
    at next (D:\TaskPro\BackEnd\node_modules\router\lib\route.js:157:13)
    at D:\TaskPro\BackEnd\src\middlewares\authMiddleware.js:74:5
    at Layer.handleRequest (D:\TaskPro\BackEnd\node_modules\router\lib\layer.js:152:17)
    at next (D:\TaskPro\BackEnd\node_modules\router\lib\route.js:157:13)
    at Route.dispatch (D:\TaskPro\BackEnd\node_modules\router\lib\route.js:117:3)
[2026-10-01 23:23:12] ERROR: PUT /api/problems/13 - Only the problem creator or admin can make this change 
Error: Only the problem creator or admin can make this change
    at failure (D:\TaskPro\BackEnd\src\modules\practice\practiceValidation.js:2:62)
    at ownProblem (D:\TaskPro\BackEnd\src\modules\practice\practiceValidation.js:10:73)
    at async D:\TaskPro\BackEnd\src\modules\practice\codingProblem.controller.js:40:5
[2026-10-01 23:23:12] ERROR: PUT /api/problems/13 - Invalid supported languages 
Error: Invalid supported languages
    at failure (D:\TaskPro\BackEnd\src\modules\practice\practiceValidation.js:2:62)
    at validateProblem (D:\TaskPro\BackEnd\src\modules\practice\practiceValidation.js:25:99)
    at D:\TaskPro\BackEnd\src\modules\practice\codingProblem.controller.js:41:5
[2026-10-01 23:23:12] ERROR: POST /api/testcases/problem/13 - Only the problem creator or admin can make this change 
Error: Only the problem creator or admin can make this change
    at failure (D:\TaskPro\BackEnd\src\modules\practice\practiceValidation.js:2:62)
    at ownProblem (D:\TaskPro\BackEnd\src\modules\practice\practiceValidation.js:10:73)
    at async D:\TaskPro\BackEnd\src\modules\practice\testCase.controller.js:14:5
[2026-10-01 23:23:12] ERROR: PUT /api/testcases/38 - Only the problem creator or admin can make this change 
Error: Only the problem creator or admin can make this change
    at failure (D:\TaskPro\BackEnd\src\modules\practice\practiceValidation.js:2:62)
    at ownProblem (D:\TaskPro\BackEnd\src\modules\practice\practiceValidation.js:10:73)
    at async D:\TaskPro\BackEnd\src\modules\practice\testCase.controller.js:29:5
[2026-10-01 23:23:12] ERROR: PUT /api/testcases/38 - isHidden must be boolean 
Error: isHidden must be boolean
    at failure (D:\TaskPro\BackEnd\src\modules\practice\practiceValidation.js:2:62)
    at validateTestCase (D:\TaskPro\BackEnd\src\modules\practice\practiceValidation.js:34:80)
    at D:\TaskPro\BackEnd\src\modules\practice\testCase.controller.js:30:5
[2026-10-01 23:23:12] ERROR: GET /api/coding-submissions/2 - Submission access denied 
Error: Submission access denied
    at failure (D:\TaskPro\BackEnd\src\modules\practice\practiceValidation.js:2:62)
    at D:\TaskPro\BackEnd\src\modules\practice\codingSubmission.controller.js:49:94
[2026-10-01 23:23:12] ERROR: POST /api/coding-submissions/problem/13/run - The code execution service is not configured 
Error: The code execution service is not configured
    at executeCode (D:\TaskPro\BackEnd\src\modules\practice\codeExecution.service.js:6:87)
    at Object.runCode (D:\TaskPro\BackEnd\src\modules\practice\codingSubmission.service.js:135:35)
    at async D:\TaskPro\BackEnd\src\modules\practice\codingSubmission.controller.js:12:20
[2026-10-01 23:24:51] ERROR: POST /api/auth/login - Invalid email or password 
Error: Invalid email or password
    at authError (D:\TaskPro\BackEnd\src\modules\auth\auth.service.js:5:64)
    at Object.loginUser (D:\TaskPro\BackEnd\src\modules\auth\auth.service.js:166:11)
    at async D:\TaskPro\BackEnd\src\modules\auth\auth.controller.js:16:18
[2026-10-01 23:24:51] ERROR: PUT /api/auth/profile - Full name is required 
Error: Full name is required
    at authError (D:\TaskPro\BackEnd\src\modules\auth\auth.service.js:5:64)
    at Object.updateProfile (D:\TaskPro\BackEnd\src\modules\auth\auth.service.js:237:124)
    at D:\TaskPro\BackEnd\src\modules\auth\auth.controller.js:26:34
    at D:\TaskPro\BackEnd\src\utils\catchAsync.js:9:25
    at Layer.handleRequest (D:\TaskPro\BackEnd\node_modules\router\lib\layer.js:152:17)
    at next (D:\TaskPro\BackEnd\node_modules\router\lib\route.js:157:13)
    at authenticate (D:\TaskPro\BackEnd\src\middlewares\authMiddleware.js:44:5)
[2026-10-01 23:24:51] ERROR: PUT /api/auth/profile - Invalid email address 
Error: Invalid email address
    at authError (D:\TaskPro\BackEnd\src\modules\auth\auth.service.js:5:64)
    at Object.updateProfile (D:\TaskPro\BackEnd\src\modules\auth\auth.service.js:239:116)
    at D:\TaskPro\BackEnd\src\modules\auth\auth.controller.js:26:34
    at D:\TaskPro\BackEnd\src\utils\catchAsync.js:9:25
    at Layer.handleRequest (D:\TaskPro\BackEnd\node_modules\router\lib\layer.js:152:17)
    at next (D:\TaskPro\BackEnd\node_modules\router\lib\route.js:157:13)
    at authenticate (D:\TaskPro\BackEnd\src\middlewares\authMiddleware.js:44:5)
[2026-10-01 23:24:51] ERROR: PUT /api/auth/profile - Email is already in use by another account 
Error: Email is already in use by another account
    at authError (D:\TaskPro\BackEnd\src\modules\auth\auth.service.js:5:64)
    at Object.updateProfile (D:\TaskPro\BackEnd\src\modules\auth\auth.service.js:258:13)
    at async D:\TaskPro\BackEnd\src\modules\auth\auth.controller.js:26:16
[2026-10-01 23:24:51] ERROR: PUT /api/auth/change-password - Current password is incorrect 
Error: Current password is incorrect
    at authError (D:\TaskPro\BackEnd\src\modules\auth\auth.service.js:5:64)
    at Object.changePassword (D:\TaskPro\BackEnd\src\modules\auth\auth.service.js:309:11)
    at async D:\TaskPro\BackEnd\src\modules\auth\auth.controller.js:72:18
[2026-10-01 23:24:51] ERROR: PUT /api/auth/change-password - Current password and a new password of at least 8 characters are required 
Error: Current password and a new password of at least 8 characters are required
    at authError (D:\TaskPro\BackEnd\src\modules\auth\auth.service.js:5:64)
    at Object.changePassword (D:\TaskPro\BackEnd\src\modules\auth\auth.service.js:298:111)
    at D:\TaskPro\BackEnd\src\modules\auth\auth.controller.js:72:36
    at D:\TaskPro\BackEnd\src\utils\catchAsync.js:9:25
    at Layer.handleRequest (D:\TaskPro\BackEnd\node_modules\router\lib\layer.js:152:17)
    at next (D:\TaskPro\BackEnd\node_modules\router\lib\route.js:157:13)
    at authenticate (D:\TaskPro\BackEnd\src\middlewares\authMiddleware.js:44:5)
[2026-10-01 23:24:51] ERROR: POST /api/auth/register - Public registration is only available for student accounts 
Error: Public registration is only available for student accounts
    at authError (D:\TaskPro\BackEnd\src\modules\auth\auth.service.js:5:64)
    at Object.registerUser (D:\TaskPro\BackEnd\src\modules\auth\auth.service.js:45:94)
    at async D:\TaskPro\BackEnd\src\modules\auth\auth.controller.js:8:18
[2026-10-01 23:24:51] ERROR: POST /api/auth/register - Invalid OTP provided 
Error: Invalid OTP provided
    at authError (D:\TaskPro\BackEnd\src\modules\auth\auth.service.js:5:64)
    at Object.registerUser (D:\TaskPro\BackEnd\src\modules\auth\auth.service.js:66:11)
    at async D:\TaskPro\BackEnd\src\modules\auth\auth.controller.js:8:18
[2026-10-01 23:24:52] ERROR: POST /api/auth/register - OTP not requested or expired 
Error: OTP not requested or expired
    at authError (D:\TaskPro\BackEnd\src\modules\auth\auth.service.js:5:64)
    at Object.registerUser (D:\TaskPro\BackEnd\src\modules\auth\auth.service.js:55:11)
    at async D:\TaskPro\BackEnd\src\modules\auth\auth.controller.js:8:18
[2026-10-01 23:24:52] ERROR: POST /api/categories - Category name is required 
Error: Category name is required
    at categoryError (D:\TaskPro\BackEnd\src\modules\courses\category.service.js:2:68)
    at validateCategory (D:\TaskPro\BackEnd\src\modules\courses\category.service.js:4:94)
    at Object.createCategory (D:\TaskPro\BackEnd\src\modules\courses\category.service.js:23:3)
    at D:\TaskPro\BackEnd\src\modules\courses\category.controller.js:10:42
    at D:\TaskPro\BackEnd\src\utils\catchAsync.js:9:25
    at Layer.handleRequest (D:\TaskPro\BackEnd\node_modules\router\lib\layer.js:152:17)
    at next (D:\TaskPro\BackEnd\node_modules\router\lib\route.js:157:13)
    at D:\TaskPro\BackEnd\src\middlewares\authMiddleware.js:74:5
    at Layer.handleRequest (D:\TaskPro\BackEnd\node_modules\router\lib\layer.js:152:17)
    at next (D:\TaskPro\BackEnd\node_modules\router\lib\route.js:157:13)
[2026-10-01 23:24:52] ERROR: POST /api/categories - Category with this name already exists 
Error: Category with this name already exists
    at categoryError (D:\TaskPro\BackEnd\src\modules\courses\category.service.js:2:68)
    at Object.createCategory (D:\TaskPro\BackEnd\src\modules\courses\category.service.js:30:11)
    at async D:\TaskPro\BackEnd\src\modules\courses\category.controller.js:10:20
[2026-10-01 23:24:52] ERROR: PUT /api/categories/14 - Category hierarchy cannot contain a cycle 
Error: Category hierarchy cannot contain a cycle
    at categoryError (D:\TaskPro\BackEnd\src\modules\courses\category.service.js:2:68)
    at Object.updateCategory (D:\TaskPro\BackEnd\src\modules\courses\category.service.js:175:83)
    at async D:\TaskPro\BackEnd\src\modules\courses\category.controller.js:33:20
[2026-10-01 23:24:52] ERROR: DELETE /api/categories/14 - Cannot delete category with subcategories. Delete or reassign children first. 
Error: Cannot delete category with subcategories. Delete or reassign children first.
    at categoryError (D:\TaskPro\BackEnd\src\modules\courses\category.service.js:2:68)
    at Object.deleteCategory (D:\TaskPro\BackEnd\src\modules\courses\category.service.js:212:11)
    at async D:\TaskPro\BackEnd\src\modules\courses\category.controller.js:42:18
[2026-10-01 23:24:53] ERROR: GET /api/categories/14 - Category not found 
Error: Category not found
    at categoryError (D:\TaskPro\BackEnd\src\modules\courses\category.service.js:2:68)
    at Object.getCategoryById (D:\TaskPro\BackEnd\src\modules\courses\category.service.js:117:11)
    at async D:\TaskPro\BackEnd\src\modules\courses\category.controller.js:24:20
[2026-10-01 23:24:53] ERROR: POST /api/resources/5/download - 
Invalid `prisma.resource.update()` invocation in
D:\TaskPro\BackEnd\src\modules\courses\resource.service.js:42:34

  39 },
  40 
  41 incrementDownload: async (resourceId) => {
→ 42   return await prisma.resource.update(
An operation failed because it depends on one or more records that were required but not found. No record was found for an update. 
PrismaClientKnownRequestError: 
Invalid `prisma.resource.update()` invocation in
D:\TaskPro\BackEnd\src\modules\courses\resource.service.js:42:34

  39 },
  40 
  41 incrementDownload: async (resourceId) => {
→ 42   return await prisma.resource.update(
An operation failed because it depends on one or more records that were required but not found. No record was found for an update.
    at ei.handleRequestError (D:\TaskPro\BackEnd\node_modules\@prisma\client\runtime\library.js:121:7268)
    at ei.handleAndLogRequestError (D:\TaskPro\BackEnd\node_modules\@prisma\client\runtime\library.js:121:6593)
    at ei.request (D:\TaskPro\BackEnd\node_modules\@prisma\client\runtime\library.js:121:6300)
    at async a (D:\TaskPro\BackEnd\node_modules\@prisma\client\runtime\library.js:130:9551)
    at async Object.incrementDownload (D:\TaskPro\BackEnd\src\modules\courses\resource.service.js:42:12)
    at async D:\TaskPro\BackEnd\src\modules\courses\resource.controller.js:66:22
[2026-10-01 23:24:53] ERROR: POST /api/problems - title is required 
Error: title is required
    at failure (D:\TaskPro\BackEnd\src\modules\practice\practiceValidation.js:2:62)
    at validateProblem (D:\TaskPro\BackEnd\src\modules\practice\practiceValidation.js:20:116)
    at D:\TaskPro\BackEnd\src\modules\practice\codingProblem.controller.js:8:5
    at D:\TaskPro\BackEnd\src\utils\catchAsync.js:9:25
    at Layer.handleRequest (D:\TaskPro\BackEnd\node_modules\router\lib\layer.js:152:17)
    at next (D:\TaskPro\BackEnd\node_modules\router\lib\route.js:157:13)
    at D:\TaskPro\BackEnd\src\middlewares\authMiddleware.js:74:5
    at Layer.handleRequest (D:\TaskPro\BackEnd\node_modules\router\lib\layer.js:152:17)
    at next (D:\TaskPro\BackEnd\node_modules\router\lib\route.js:157:13)
    at Route.dispatch (D:\TaskPro\BackEnd\node_modules\router\lib\route.js:117:3)
[2026-10-01 23:24:53] ERROR: POST /api/coding-submissions/problem/14/run - Code cannot be empty 
Error: Code cannot be empty
    at failure (D:\TaskPro\BackEnd\src\modules\practice\practiceValidation.js:2:62)
    at D:\TaskPro\BackEnd\src\modules\practice\codingSubmission.controller.js:9:83
    at D:\TaskPro\BackEnd\src\utils\catchAsync.js:9:25
    at Layer.handleRequest (D:\TaskPro\BackEnd\node_modules\router\lib\layer.js:152:17)
    at next (D:\TaskPro\BackEnd\node_modules\router\lib\route.js:157:13)
    at Route.dispatch (D:\TaskPro\BackEnd\node_modules\router\lib\route.js:117:3)
    at handle (D:\TaskPro\BackEnd\node_modules\router\index.js:435:11)
    at Layer.handleRequest (D:\TaskPro\BackEnd\node_modules\router\lib\layer.js:152:17)
    at D:\TaskPro\BackEnd\node_modules\router\index.js:295:15
    at param (D:\TaskPro\BackEnd\node_modules\router\index.js:600:14)
[2026-10-01 23:24:53] ERROR: POST /api/coding-submissions/problem/14/submit - Code cannot be empty 
Error: Code cannot be empty
    at failure (D:\TaskPro\BackEnd\src\modules\practice\practiceValidation.js:2:62)
    at D:\TaskPro\BackEnd\src\modules\practice\codingSubmission.controller.js:23:83
    at D:\TaskPro\BackEnd\src\utils\catchAsync.js:9:25
    at Layer.handleRequest (D:\TaskPro\BackEnd\node_modules\router\lib\layer.js:152:17)
    at next (D:\TaskPro\BackEnd\node_modules\router\lib\route.js:157:13)
    at Route.dispatch (D:\TaskPro\BackEnd\node_modules\router\lib\route.js:117:3)
    at handle (D:\TaskPro\BackEnd\node_modules\router\index.js:435:11)
    at Layer.handleRequest (D:\TaskPro\BackEnd\node_modules\router\lib\layer.js:152:17)
    at D:\TaskPro\BackEnd\node_modules\router\index.js:295:15
    at param (D:\TaskPro\BackEnd\node_modules\router\index.js:600:14)
[2026-10-01 23:24:53] ERROR: PUT /api/problems/14 - Only the problem creator or admin can make this change 
Error: Only the problem creator or admin can make this change
    at failure (D:\TaskPro\BackEnd\src\modules\practice\practiceValidation.js:2:62)
    at ownProblem (D:\TaskPro\BackEnd\src\modules\practice\practiceValidation.js:10:73)
    at async D:\TaskPro\BackEnd\src\modules\practice\codingProblem.controller.js:40:5
[2026-10-01 23:24:54] ERROR: PUT /api/problems/14 - Invalid supported languages 
Error: Invalid supported languages
    at failure (D:\TaskPro\BackEnd\src\modules\practice\practiceValidation.js:2:62)
    at validateProblem (D:\TaskPro\BackEnd\src\modules\practice\practiceValidation.js:25:99)
    at D:\TaskPro\BackEnd\src\modules\practice\codingProblem.controller.js:41:5
[2026-10-01 23:24:54] ERROR: POST /api/testcases/problem/14 - Only the problem creator or admin can make this change 
Error: Only the problem creator or admin can make this change
    at failure (D:\TaskPro\BackEnd\src\modules\practice\practiceValidation.js:2:62)
    at ownProblem (D:\TaskPro\BackEnd\src\modules\practice\practiceValidation.js:10:73)
    at async D:\TaskPro\BackEnd\src\modules\practice\testCase.controller.js:14:5
[2026-10-01 23:24:54] ERROR: PUT /api/testcases/41 - Only the problem creator or admin can make this change 
Error: Only the problem creator or admin can make this change
    at failure (D:\TaskPro\BackEnd\src\modules\practice\practiceValidation.js:2:62)
    at ownProblem (D:\TaskPro\BackEnd\src\modules\practice\practiceValidation.js:10:73)
    at async D:\TaskPro\BackEnd\src\modules\practice\testCase.controller.js:29:5
[2026-10-01 23:24:54] ERROR: PUT /api/testcases/41 - isHidden must be boolean 
Error: isHidden must be boolean
    at failure (D:\TaskPro\BackEnd\src\modules\practice\practiceValidation.js:2:62)
    at validateTestCase (D:\TaskPro\BackEnd\src\modules\practice\practiceValidation.js:34:80)
    at D:\TaskPro\BackEnd\src\modules\practice\testCase.controller.js:30:5
[2026-10-01 23:24:54] ERROR: GET /api/coding-submissions/3 - Submission access denied 
Error: Submission access denied
    at failure (D:\TaskPro\BackEnd\src\modules\practice\practiceValidation.js:2:62)
    at D:\TaskPro\BackEnd\src\modules\practice\codingSubmission.controller.js:49:94
[2026-10-01 23:24:55] ERROR: POST /api/coding-submissions/problem/14/run - The code execution service is not configured 
Error: The code execution service is not configured
    at executeCode (D:\TaskPro\BackEnd\src\modules\practice\codeExecution.service.js:6:87)
    at Object.runCode (D:\TaskPro\BackEnd\src\modules\practice\codingSubmission.service.js:135:35)
    at async D:\TaskPro\BackEnd\src\modules\practice\codingSubmission.controller.js:12:20
[2026-10-01 23:25:10] ERROR: POST /api/chat - Invalid ID 
Error: Invalid ID
    at id (D:\TaskPro\BackEnd\src\modules\community\validation.js:6:11)
    at Object.getOrCreateConversation (D:\TaskPro\BackEnd\src\modules\community\chat.service.js:72:18)
    at D:\TaskPro\BackEnd\src\modules\community\chat.controller.js:19:42
    at D:\TaskPro\BackEnd\src\utils\catchAsync.js:9:25
    at Layer.handleRequest (D:\TaskPro\BackEnd\node_modules\router\lib\layer.js:152:17)
    at next (D:\TaskPro\BackEnd\node_modules\router\lib\route.js:157:13)
    at Route.dispatch (D:\TaskPro\BackEnd\node_modules\router\lib\route.js:117:3)
    at handle (D:\TaskPro\BackEnd\node_modules\router\index.js:435:11)
    at Layer.handleRequest (D:\TaskPro\BackEnd\node_modules\router\lib\layer.js:152:17)
    at D:\TaskPro\BackEnd\node_modules\router\index.js:295:15
[2026-10-01 23:25:11] ERROR: POST /api/chat - Invalid ID 
Error: Invalid ID
    at id (D:\TaskPro\BackEnd\src\modules\community\validation.js:6:11)
    at validateIds (D:\TaskPro\BackEnd\src\modules\community\validation.js:17:68)
    at Layer.handleRequest (D:\TaskPro\BackEnd\node_modules\router\lib\layer.js:152:17)
    at trimPrefix (D:\TaskPro\BackEnd\node_modules\router\index.js:342:13)
    at D:\TaskPro\BackEnd\node_modules\router\index.js:297:9
    at processParams (D:\TaskPro\BackEnd\node_modules\router\index.js:582:12)
    at next (D:\TaskPro\BackEnd\node_modules\router\index.js:291:5)
    at authenticate (D:\TaskPro\BackEnd\src\middlewares\authMiddleware.js:44:5)
[2026-10-01 23:25:11] ERROR: POST /api/chat - Invalid ID 
Error: Invalid ID
    at id (D:\TaskPro\BackEnd\src\modules\community\validation.js:6:11)
    at validateIds (D:\TaskPro\BackEnd\src\modules\community\validation.js:17:68)
    at Layer.handleRequest (D:\TaskPro\BackEnd\node_modules\router\lib\layer.js:152:17)
    at trimPrefix (D:\TaskPro\BackEnd\node_modules\router\index.js:342:13)
    at D:\TaskPro\BackEnd\node_modules\router\index.js:297:9
    at processParams (D:\TaskPro\BackEnd\node_modules\router\index.js:582:12)
    at next (D:\TaskPro\BackEnd\node_modules\router\index.js:291:5)
    at authenticate (D:\TaskPro\BackEnd\src\middlewares\authMiddleware.js:44:5)
[2026-10-01 23:25:11] ERROR: POST /api/chat - Invalid ID 
Error: Invalid ID
    at id (D:\TaskPro\BackEnd\src\modules\community\validation.js:6:11)
    at validateIds (D:\TaskPro\BackEnd\src\modules\community\validation.js:17:68)
    at Layer.handleRequest (D:\TaskPro\BackEnd\node_modules\router\lib\layer.js:152:17)
    at trimPrefix (D:\TaskPro\BackEnd\node_modules\router\index.js:342:13)
    at D:\TaskPro\BackEnd\node_modules\router\index.js:297:9
    at processParams (D:\TaskPro\BackEnd\node_modules\router\index.js:582:12)
    at next (D:\TaskPro\BackEnd\node_modules\router\index.js:291:5)
    at authenticate (D:\TaskPro\BackEnd\src\middlewares\authMiddleware.js:44:5)
[2026-10-01 23:25:11] ERROR: POST /api/chat - Invalid ID 
Error: Invalid ID
    at id (D:\TaskPro\BackEnd\src\modules\community\validation.js:6:11)
    at validateIds (D:\TaskPro\BackEnd\src\modules\community\validation.js:17:68)
    at Layer.handleRequest (D:\TaskPro\BackEnd\node_modules\router\lib\layer.js:152:17)
    at trimPrefix (D:\TaskPro\BackEnd\node_modules\router\index.js:342:13)
    at D:\TaskPro\BackEnd\node_modules\router\index.js:297:9
    at processParams (D:\TaskPro\BackEnd\node_modules\router\index.js:582:12)
    at next (D:\TaskPro\BackEnd\node_modules\router\index.js:291:5)
    at authenticate (D:\TaskPro\BackEnd\src\middlewares\authMiddleware.js:44:5)
[2026-10-01 23:25:11] ERROR: POST /api/chat - Invalid ID 
Error: Invalid ID
    at id (D:\TaskPro\BackEnd\src\modules\community\validation.js:6:11)
    at validateIds (D:\TaskPro\BackEnd\src\modules\community\validation.js:17:68)
    at Layer.handleRequest (D:\TaskPro\BackEnd\node_modules\router\lib\layer.js:152:17)
    at trimPrefix (D:\TaskPro\BackEnd\node_modules\router\index.js:342:13)
    at D:\TaskPro\BackEnd\node_modules\router\index.js:297:9
    at processParams (D:\TaskPro\BackEnd\node_modules\router\index.js:582:12)
    at next (D:\TaskPro\BackEnd\node_modules\router\index.js:291:5)
    at authenticate (D:\TaskPro\BackEnd\src\middlewares\authMiddleware.js:44:5)
[2026-10-01 23:25:11] ERROR: POST /api/chat - Invalid ID 
Error: Invalid ID
    at id (D:\TaskPro\BackEnd\src\modules\community\validation.js:6:11)
    at validateIds (D:\TaskPro\BackEnd\src\modules\community\validation.js:17:68)
    at Layer.handleRequest (D:\TaskPro\BackEnd\node_modules\router\lib\layer.js:152:17)
    at trimPrefix (D:\TaskPro\BackEnd\node_modules\router\index.js:342:13)
    at D:\TaskPro\BackEnd\node_modules\router\index.js:297:9
    at processParams (D:\TaskPro\BackEnd\node_modules\router\index.js:582:12)
    at next (D:\TaskPro\BackEnd\node_modules\router\index.js:291:5)
    at authenticate (D:\TaskPro\BackEnd\src\middlewares\authMiddleware.js:44:5)
[2026-10-01 23:25:11] ERROR: POST /api/chat - Cannot chat with yourself 
Error: Cannot chat with yourself
    at Object.getOrCreateConversation (D:\TaskPro\BackEnd\src\modules\community\chat.service.js:73:38)
    at D:\TaskPro\BackEnd\src\modules\community\chat.controller.js:19:42
    at D:\TaskPro\BackEnd\src\utils\catchAsync.js:9:25
    at Layer.handleRequest (D:\TaskPro\BackEnd\node_modules\router\lib\layer.js:152:17)
    at next (D:\TaskPro\BackEnd\node_modules\router\lib\route.js:157:13)
    at Route.dispatch (D:\TaskPro\BackEnd\node_modules\router\lib\route.js:117:3)
    at handle (D:\TaskPro\BackEnd\node_modules\router\index.js:435:11)
    at Layer.handleRequest (D:\TaskPro\BackEnd\node_modules\router\lib\layer.js:152:17)
    at D:\TaskPro\BackEnd\node_modules\router\index.js:295:15
    at processParams (D:\TaskPro\BackEnd\node_modules\router\index.js:582:12)
[2026-10-01 23:25:11] ERROR: POST /api/chat - User not found 
Error: User not found
    at Object.getOrCreateConversation (D:\TaskPro\BackEnd\src\modules\community\chat.service.js:75:42)
    at async D:\TaskPro\BackEnd\src\modules\community\chat.controller.js:19:24
[2026-10-01 23:25:11] ERROR: GET /api/chat/16/messages - Not authorized to view this conversation 
Error: Not authorized to view this conversation
    at Object.getMessages (D:\TaskPro\BackEnd\src\modules\community\chat.service.js:134:11)
    at async D:\TaskPro\BackEnd\src\modules\community\chat.controller.js:30:20
[2026-10-01 23:25:11] ERROR: POST /api/chat/16/messages - Not part of this conversation 
Error: Not part of this conversation
    at Object.sendMessage (D:\TaskPro\BackEnd\src\modules\community\chat.service.js:166:11)
    at async D:\TaskPro\BackEnd\src\modules\community\chat.controller.js:39:19
[2026-10-01 23:25:11] ERROR: DELETE /api/chat/16/messages - Access denied 
Error: Access denied
    at requireParticipant (D:\TaskPro\BackEnd\src\modules\community\chat.service.js:8:27)
    at async Object.clearConversation (D:\TaskPro\BackEnd\src\modules\community\chat.service.js:378:3)
    at async D:\TaskPro\BackEnd\src\modules\community\chat.controller.js:124:3
[2026-10-01 23:25:11] ERROR: DELETE /api/chat/16 - Access denied 
Error: Access denied
    at requireParticipant (D:\TaskPro\BackEnd\src\modules\community\chat.service.js:8:27)
    at async Object.deleteConversation (D:\TaskPro\BackEnd\src\modules\community\chat.service.js:366:3)
    at async D:\TaskPro\BackEnd\src\modules\community\chat.controller.js:117:3
[2026-10-01 23:25:11] ERROR: POST /api/chat/16/messages - Text must not be empty 
Error: Text must not be empty
    at text (D:\TaskPro\BackEnd\src\modules\community\validation.js:11:57)
    at validateIds (D:\TaskPro\BackEnd\src\modules\community\validation.js:22:42)
    at Layer.handleRequest (D:\TaskPro\BackEnd\node_modules\router\lib\layer.js:152:17)
    at trimPrefix (D:\TaskPro\BackEnd\node_modules\router\index.js:342:13)
    at D:\TaskPro\BackEnd\node_modules\router\index.js:297:9
    at processParams (D:\TaskPro\BackEnd\node_modules\router\index.js:582:12)
    at next (D:\TaskPro\BackEnd\node_modules\router\index.js:291:5)
    at authenticate (D:\TaskPro\BackEnd\src\middlewares\authMiddleware.js:44:5)
[2026-10-01 23:25:11] ERROR: GET /api/chat/abc/messages - Invalid ID 
Error: Invalid ID
    at Object.id (D:\TaskPro\BackEnd\src\modules\community\validation.js:6:11)
    at D:\TaskPro\BackEnd\src\modules\community\chat.routes.js:29:79
    at paramCallback (D:\TaskPro\BackEnd\node_modules\router\index.js:649:19)
    at param (D:\TaskPro\BackEnd\node_modules\router\index.js:629:5)
    at processParams (D:\TaskPro\BackEnd\node_modules\router\index.js:664:3)
    at next (D:\TaskPro\BackEnd\node_modules\router\index.js:291:5)
    at validateIds (D:\TaskPro\BackEnd\src\modules\community\validation.js:24:5)
    at Layer.handleRequest (D:\TaskPro\BackEnd\node_modules\router\lib\layer.js:152:17)
    at trimPrefix (D:\TaskPro\BackEnd\node_modules\router\index.js:342:13)
    at D:\TaskPro\BackEnd\node_modules\router\index.js:297:9
[2026-10-01 23:25:11] ERROR: GET /api/chat/2147483647/messages - Conversation not found 
Error: Conversation not found
    at Object.getMessages (D:\TaskPro\BackEnd\src\modules\community\chat.service.js:125:83)
    at async D:\TaskPro\BackEnd\src\modules\community\chat.controller.js:30:20
[2026-10-01 23:25:11] ERROR: POST /api/chat/workspaces - Text must not be empty 
Error: Text must not be empty
    at text (D:\TaskPro\BackEnd\src\modules\community\validation.js:11:57)
    at validateIds (D:\TaskPro\BackEnd\src\modules\community\validation.js:22:42)
    at Layer.handleRequest (D:\TaskPro\BackEnd\node_modules\router\lib\layer.js:152:17)
    at trimPrefix (D:\TaskPro\BackEnd\node_modules\router\index.js:342:13)
    at D:\TaskPro\BackEnd\node_modules\router\index.js:297:9
    at processParams (D:\TaskPro\BackEnd\node_modules\router\index.js:582:12)
    at next (D:\TaskPro\BackEnd\node_modules\router\index.js:291:5)
    at authenticate (D:\TaskPro\BackEnd\src\middlewares\authMiddleware.js:44:5)
[2026-10-01 23:25:11] ERROR: GET /api/chat/channels/13/messages - Access denied 
Error: Access denied
    at authorizeChannel (D:\TaskPro\BackEnd\src\modules\community\chat.service.js:22:82)
    at async Object.getChannelMessages (D:\TaskPro\BackEnd\src\modules\community\chat.service.js:233:3)
    at async D:\TaskPro\BackEnd\src\modules\community\chat.controller.js:57:20
[2026-10-01 23:25:12] ERROR: POST /api/chat/channels/13/messages - Access denied 
Error: Access denied
    at authorizeChannel (D:\TaskPro\BackEnd\src\modules\community\chat.service.js:22:82)
    at async Object.sendChannelMessage (D:\TaskPro\BackEnd\src\modules\community\chat.service.js:266:3)
    at async D:\TaskPro\BackEnd\src\modules\community\chat.controller.js:66:19
[2026-10-01 23:25:12] ERROR: PUT /api/chat/workspaces/7 - You are not authorized to edit this group 
Error: You are not authorized to edit this group
    at Object.updateWorkspace (D:\TaskPro\BackEnd\src\modules\community\chat.service.js:328:11)
    at async D:\TaskPro\BackEnd\src\modules\community\chat.controller.js:95:23
[2026-10-01 23:25:12] ERROR: POST /api/chat/workspaces/7/members - Access denied 
Error: Access denied
    at Object.authorizeWorkspaceManager (D:\TaskPro\BackEnd\src\modules\community\chat.service.js:14:63)
    at async D:\TaskPro\BackEnd\src\modules\community\chat.controller.js:102:3
[2026-10-01 23:25:12] ERROR: POST /api/chat/workspaces/7/members - User not found 
Error: User not found
    at Object.addWorkspaceMember (D:\TaskPro\BackEnd\src\modules\community\chat.service.js:349:50)
    at async D:\TaskPro\BackEnd\src\modules\community\chat.controller.js:103:18
[2026-10-01 23:25:12] ERROR: POST /api/chat/workspaces/7/members - Invalid ID 
Error: Invalid ID
    at Object.id (D:\TaskPro\BackEnd\src\modules\community\validation.js:6:11)
    at D:\TaskPro\BackEnd\src\modules\community\chat.controller.js:103:92
[2026-10-01 23:25:12] ERROR: POST /api/chat/workspaces/join - Workspace not found 
Error: Workspace not found
    at Object.addWorkspaceMember (D:\TaskPro\BackEnd\src\modules\community\chat.service.js:344:25)
    at async D:\TaskPro\BackEnd\src\modules\community\chat.controller.js:110:18
[2026-10-01 23:25:12] ERROR: POST /api/chat/workspaces/join - Invalid ID 
Error: Invalid ID
    at Object.id (D:\TaskPro\BackEnd\src\modules\community\validation.js:6:11)
    at D:\TaskPro\BackEnd\src\modules\community\chat.controller.js:108:47
    at D:\TaskPro\BackEnd\src\utils\catchAsync.js:9:25
    at Layer.handleRequest (D:\TaskPro\BackEnd\node_modules\router\lib\layer.js:152:17)
    at next (D:\TaskPro\BackEnd\node_modules\router\lib\route.js:157:13)
    at Route.dispatch (D:\TaskPro\BackEnd\node_modules\router\lib\route.js:117:3)
    at handle (D:\TaskPro\BackEnd\node_modules\router\index.js:435:11)
    at Layer.handleRequest (D:\TaskPro\BackEnd\node_modules\router\lib\layer.js:152:17)
    at D:\TaskPro\BackEnd\node_modules\router\index.js:295:15
    at processParams (D:\TaskPro\BackEnd\node_modules\router\index.js:582:12)
[2026-10-01 23:25:12] ERROR: POST /api/chat/channels/13/messages - Text must not be empty 
Error: Text must not be empty
    at text (D:\TaskPro\BackEnd\src\modules\community\validation.js:11:57)
    at validateIds (D:\TaskPro\BackEnd\src\modules\community\validation.js:22:42)
    at Layer.handleRequest (D:\TaskPro\BackEnd\node_modules\router\lib\layer.js:152:17)
    at trimPrefix (D:\TaskPro\BackEnd\node_modules\router\index.js:342:13)
    at D:\TaskPro\BackEnd\node_modules\router\index.js:297:9
    at processParams (D:\TaskPro\BackEnd\node_modules\router\index.js:582:12)
    at next (D:\TaskPro\BackEnd\node_modules\router\index.js:291:5)
    at authenticate (D:\TaskPro\BackEnd\src\middlewares\authMiddleware.js:44:5)
[2026-10-01 23:25:12] ERROR: GET /api/chat/channels/13/messages?cursor=abc - Invalid ID 
Error: Invalid ID
    at id (D:\TaskPro\BackEnd\src\modules\community\validation.js:6:11)
    at validateIds (D:\TaskPro\BackEnd\src\modules\community\validation.js:19:41)
    at Layer.handleRequest (D:\TaskPro\BackEnd\node_modules\router\lib\layer.js:152:17)
    at trimPrefix (D:\TaskPro\BackEnd\node_modules\router\index.js:342:13)
    at D:\TaskPro\BackEnd\node_modules\router\index.js:297:9
    at processParams (D:\TaskPro\BackEnd\node_modules\router\index.js:582:12)
    at next (D:\TaskPro\BackEnd\node_modules\router\index.js:291:5)
    at authenticate (D:\TaskPro\BackEnd\src\middlewares\authMiddleware.js:44:5)
[2026-10-01 23:25:12] ERROR: GET /api/chat/channels/13/messages?cursor=121 - Invalid channel cursor 
Error: Invalid channel cursor
    at Object.getChannelMessages (D:\TaskPro\BackEnd\src\modules\community\chat.service.js:249:58)
    at async D:\TaskPro\BackEnd\src\modules\community\chat.controller.js:57:20
[2026-10-01 23:25:12] ERROR: POST /api/chat/channels/13/messages - Invalid message type 
Error: Invalid message type
    at Object.sendChannelMessage (D:\TaskPro\BackEnd\src\modules\community\chat.service.js:267:61)
    at async D:\TaskPro\BackEnd\src\modules\community\chat.controller.js:66:19
[2026-10-01 23:25:12] ERROR: GET /api/chat/channels/2147483647/messages - Channel not found 
Error: Channel not found
    at authorizeChannel (D:\TaskPro\BackEnd\src\modules\community\chat.service.js:20:23)
    at async Object.getChannelMessages (D:\TaskPro\BackEnd\src\modules\community\chat.service.js:233:3)
    at async D:\TaskPro\BackEnd\src\modules\community\chat.controller.js:57:20
[2026-10-01 23:25:12] ERROR: PUT /api/discussions/13 - You can only edit your own discussions 
Error: You can only edit your own discussions
    at Object.updateDiscussion (D:\TaskPro\BackEnd\src\modules\community\discussion.service.js:167:11)
    at async D:\TaskPro\BackEnd\src\modules\community\discussion.controller.js:45:22
[2026-10-01 23:25:12] ERROR: DELETE /api/discussions/13 - You can only delete your own discussions 
Error: You can only delete your own discussions
    at Object.deleteDiscussion (D:\TaskPro\BackEnd\src\modules\community\discussion.service.js:199:11)
    at async D:\TaskPro\BackEnd\src\modules\community\discussion.controller.js:54:18
[2026-10-01 23:25:12] ERROR: PUT /api/discussions/13/resolve - Only the author can mark discussions as resolved 
Error: Only the author can mark discussions as resolved
    at Object.toggleResolved (D:\TaskPro\BackEnd\src\modules\community\discussion.service.js:219:11)
    at async D:\TaskPro\BackEnd\src\modules\community\discussion.controller.js:63:22
[2026-10-01 23:25:12] ERROR: POST /api/discussions/13/replies - Text must not be empty 
Error: Text must not be empty
    at text (D:\TaskPro\BackEnd\src\modules\community\validation.js:11:57)
    at validateIds (D:\TaskPro\BackEnd\src\modules\community\validation.js:22:42)
    at Layer.handleRequest (D:\TaskPro\BackEnd\node_modules\router\lib\layer.js:152:17)
    at trimPrefix (D:\TaskPro\BackEnd\node_modules\router\index.js:342:13)
    at D:\TaskPro\BackEnd\node_modules\router\index.js:297:9
    at processParams (D:\TaskPro\BackEnd\node_modules\router\index.js:582:12)
    at next (D:\TaskPro\BackEnd\node_modules\router\index.js:291:5)
    at authenticate (D:\TaskPro\BackEnd\src\middlewares\authMiddleware.js:44:5)
[2026-10-01 23:25:13] ERROR: POST /api/discussions/14/replies - Parent reply not found in this discussion 
Error: Parent reply not found in this discussion
    at Object.createReply (D:\TaskPro\BackEnd\src\modules\community\discussion.service.js:261:13)
    at async D:\TaskPro\BackEnd\src\modules\community\discussion.controller.js:79:17
[2026-10-01 23:25:13] ERROR: PUT /api/discussions/replies/13 - You can only edit your own replies 
Error: You can only edit your own replies
    at Object.updateReply (D:\TaskPro\BackEnd\src\modules\community\discussion.service.js:296:11)
    at async D:\TaskPro\BackEnd\src\modules\community\discussion.controller.js:88:17
[2026-10-01 23:25:13] ERROR: DELETE /api/discussions/replies/13 - You can only delete your own replies 
Error: You can only delete your own replies
    at Object.deleteReply (D:\TaskPro\BackEnd\src\modules\community\discussion.service.js:325:11)
    at async D:\TaskPro\BackEnd\src\modules\community\discussion.controller.js:97:18
[2026-10-01 23:25:13] ERROR: GET /api/discussions/abc - Invalid ID 
Error: Invalid ID
    at Object.id (D:\TaskPro\BackEnd\src\modules\community\validation.js:6:11)
    at D:\TaskPro\BackEnd\src\modules\community\discussion.routes.js:29:86
    at paramCallback (D:\TaskPro\BackEnd\node_modules\router\index.js:649:19)
    at param (D:\TaskPro\BackEnd\node_modules\router\index.js:629:5)
    at processParams (D:\TaskPro\BackEnd\node_modules\router\index.js:664:3)
    at next (D:\TaskPro\BackEnd\node_modules\router\index.js:291:5)
    at validateIds (D:\TaskPro\BackEnd\src\modules\community\validation.js:24:5)
    at Layer.handleRequest (D:\TaskPro\BackEnd\node_modules\router\lib\layer.js:152:17)
    at trimPrefix (D:\TaskPro\BackEnd\node_modules\router\index.js:342:13)
    at D:\TaskPro\BackEnd\node_modules\router\index.js:297:9
[2026-10-01 23:25:13] ERROR: GET /api/discussions?problemId=abc - Invalid ID 
Error: Invalid ID
    at id (D:\TaskPro\BackEnd\src\modules\community\validation.js:6:11)
    at validateIds (D:\TaskPro\BackEnd\src\modules\community\validation.js:20:44)
    at Layer.handleRequest (D:\TaskPro\BackEnd\node_modules\router\lib\layer.js:152:17)
    at trimPrefix (D:\TaskPro\BackEnd\node_modules\router\index.js:342:13)
    at D:\TaskPro\BackEnd\node_modules\router\index.js:297:9
    at processParams (D:\TaskPro\BackEnd\node_modules\router\index.js:582:12)
    at next (D:\TaskPro\BackEnd\node_modules\router\index.js:291:5)
    at authenticate (D:\TaskPro\BackEnd\src\middlewares\authMiddleware.js:44:5)
[2026-10-01 23:25:13] ERROR: PUT /api/discussions/replies/2147483647 - Reply not found 
Error: Reply not found
    at Object.updateReply (D:\TaskPro\BackEnd\src\modules\community\discussion.service.js:292:11)
    at async D:\TaskPro\BackEnd\src\modules\community\discussion.controller.js:88:17
[2026-10-01 23:25:13] ERROR: GET /api/discussions/2147483647 - Discussion not found 
Error: Discussion not found
    at Object.getDiscussionById (D:\TaskPro\BackEnd\src\modules\community\discussion.service.js:151:11)
    at async D:\TaskPro\BackEnd\src\modules\community\discussion.controller.js:38:22
[2026-10-01 23:25:13] ERROR: GET /api/discussions/13 - Discussion not found 
Error: Discussion not found
    at Object.getDiscussionById (D:\TaskPro\BackEnd\src\modules\community\discussion.service.js:151:11)
    at async D:\TaskPro\BackEnd\src\modules\community\discussion.controller.js:38:22
[2026-10-01 23:25:13] ERROR: PUT /api/notifications/71/read - Access denied 
Error: Access denied
    at Object.markAsRead (D:\TaskPro\BackEnd\src\modules\community\notification.service.js:61:11)
    at async D:\TaskPro\BackEnd\src\modules\community\notification.controller.js:31:24
[2026-10-01 23:25:13] ERROR: DELETE /api/notifications/71 - Access denied 
Error: Access denied
    at Object.deleteNotification (D:\TaskPro\BackEnd\src\modules\community\notification.service.js:89:11)
    at async D:\TaskPro\BackEnd\src\modules\community\notification.controller.js:44:18
[2026-10-01 23:25:13] ERROR: DELETE /api/notifications/71 - Notification not found 
Error: Notification not found
    at Object.deleteNotification (D:\TaskPro\BackEnd\src\modules\community\notification.service.js:85:11)
    at async D:\TaskPro\BackEnd\src\modules\community\notification.controller.js:44:18
[2026-10-01 23:25:13] ERROR: PUT /api/notifications/abc/read - Invalid ID 
Error: Invalid ID
    at Object.id (D:\TaskPro\BackEnd\src\modules\community\validation.js:6:11)
    at D:\TaskPro\BackEnd\src\modules\community\notification.routes.js:24:79
    at paramCallback (D:\TaskPro\BackEnd\node_modules\router\index.js:649:19)
    at param (D:\TaskPro\BackEnd\node_modules\router\index.js:629:5)
    at processParams (D:\TaskPro\BackEnd\node_modules\router\index.js:664:3)
    at next (D:\TaskPro\BackEnd\node_modules\router\index.js:291:5)
    at authenticate (D:\TaskPro\BackEnd\src\middlewares\authMiddleware.js:44:5)
[2026-10-01 23:25:13] ERROR: PUT /api/notifications/2147483647/read - Notification not found 
Error: Notification not found
    at Object.markAsRead (D:\TaskPro\BackEnd\src\modules\community\notification.service.js:57:11)
    at async D:\TaskPro\BackEnd\src\modules\community\notification.controller.js:31:24
[2026-10-01 23:25:31] ERROR: POST /api/courses - courseName is required 
Error: courseName is required
    at invalid (D:\TaskPro\BackEnd\src\modules\courses\course.controller.js:6:48)
    at validateCourseBody (D:\TaskPro\BackEnd\src\modules\courses\course.controller.js:9:67)
    at D:\TaskPro\BackEnd\src\modules\courses\course.controller.js:32:3
    at D:\TaskPro\BackEnd\src\utils\catchAsync.js:9:25
    at Layer.handleRequest (D:\TaskPro\BackEnd\node_modules\router\lib\layer.js:152:17)
    at next (D:\TaskPro\BackEnd\node_modules\router\lib\route.js:157:13)
    at multerMiddleware (D:\TaskPro\BackEnd\node_modules\multer\lib\make-middleware.js:18:41)
    at Layer.handleRequest (D:\TaskPro\BackEnd\node_modules\router\lib\layer.js:152:17)
    at next (D:\TaskPro\BackEnd\node_modules\router\lib\route.js:157:13)
    at D:\TaskPro\BackEnd\src\middlewares\authMiddleware.js:74:5
[2026-10-01 23:25:31] ERROR: PUT /api/courses/cmupu4gnk0001ewcczr30qe07 - You are not authorized to update this course 
Error: You are not authorized to update this course
    at courseError (D:\TaskPro\BackEnd\src\modules\courses\course.service.js:8:60)
    at Object.updateCourse (D:\TaskPro\BackEnd\src\modules\courses\course.service.js:264:11)
    at async D:\TaskPro\BackEnd\src\modules\courses\course.controller.js:77:18
[2026-10-01 23:25:31] ERROR: POST /api/courses - Course with this code already exists 
Error: Course with this code already exists
    at courseError (D:\TaskPro\BackEnd\src\modules\courses\course.service.js:8:60)
    at Object.createCourse (D:\TaskPro\BackEnd\src\modules\courses\course.service.js:29:11)
    at async D:\TaskPro\BackEnd\src\modules\courses\course.controller.js:37:18
[2026-10-01 23:25:31] ERROR: PUT /api/courses/cmupu4gnk0001ewcczr30qe07 - Invalid price 
Error: Invalid price
    at invalid (D:\TaskPro\BackEnd\src\modules\courses\course.controller.js:6:48)
    at validateCourseBody (D:\TaskPro\BackEnd\src\modules\courses\course.controller.js:17:141)
    at D:\TaskPro\BackEnd\src\modules\courses\course.controller.js:66:3
    at D:\TaskPro\BackEnd\src\utils\catchAsync.js:9:25
    at Layer.handleRequest (D:\TaskPro\BackEnd\node_modules\router\lib\layer.js:152:17)
    at next (D:\TaskPro\BackEnd\node_modules\router\lib\route.js:157:13)
    at multerMiddleware (D:\TaskPro\BackEnd\node_modules\multer\lib\make-middleware.js:18:41)
    at Layer.handleRequest (D:\TaskPro\BackEnd\node_modules\router\lib\layer.js:152:17)
    at next (D:\TaskPro\BackEnd\node_modules\router\lib\route.js:157:13)
    at D:\TaskPro\BackEnd\src\middlewares\authMiddleware.js:74:5
[2026-10-01 23:25:31] ERROR: PUT /api/courses/cmupu4gnk0001ewcczr30qe07 - Invalid duration 
Error: Invalid duration
    at invalid (D:\TaskPro\BackEnd\src\modules\courses\course.controller.js:6:48)
    at validateCourseBody (D:\TaskPro\BackEnd\src\modules\courses\course.controller.js:17:141)
    at D:\TaskPro\BackEnd\src\modules\courses\course.controller.js:66:3
    at D:\TaskPro\BackEnd\src\utils\catchAsync.js:9:25
    at Layer.handleRequest (D:\TaskPro\BackEnd\node_modules\router\lib\layer.js:152:17)
    at next (D:\TaskPro\BackEnd\node_modules\router\lib\route.js:157:13)
    at multerMiddleware (D:\TaskPro\BackEnd\node_modules\multer\lib\make-middleware.js:18:41)
    at Layer.handleRequest (D:\TaskPro\BackEnd\node_modules\router\lib\layer.js:152:17)
    at next (D:\TaskPro\BackEnd\node_modules\router\lib\route.js:157:13)
    at D:\TaskPro\BackEnd\src\middlewares\authMiddleware.js:74:5
[2026-10-01 23:25:31] ERROR: PUT /api/courses/cmupu4gnk0001ewcczr30qe07 - Category not found 
Error: Category not found
    at courseError (D:\TaskPro\BackEnd\src\modules\courses\course.service.js:8:60)
    at Object.updateCourse (D:\TaskPro\BackEnd\src\modules\courses\course.service.js:283:13)
    at async D:\TaskPro\BackEnd\src\modules\courses\course.controller.js:77:18
[2026-10-01 23:25:31] ERROR: PUT /api/courses/cmupu4gnk0001ewcczr30qe07 - Invalid publication status 
Error: Invalid publication status
    at invalid (D:\TaskPro\BackEnd\src\modules\courses\course.controller.js:6:48)
    at validateCourseBody (D:\TaskPro\BackEnd\src\modules\courses\course.controller.js:26:56)
    at D:\TaskPro\BackEnd\src\modules\courses\course.controller.js:66:3
    at D:\TaskPro\BackEnd\src\utils\catchAsync.js:9:25
    at Layer.handleRequest (D:\TaskPro\BackEnd\node_modules\router\lib\layer.js:152:17)
    at next (D:\TaskPro\BackEnd\node_modules\router\lib\route.js:157:13)
    at multerMiddleware (D:\TaskPro\BackEnd\node_modules\multer\lib\make-middleware.js:18:41)
    at Layer.handleRequest (D:\TaskPro\BackEnd\node_modules\router\lib\layer.js:152:17)
    at next (D:\TaskPro\BackEnd\node_modules\router\lib\route.js:157:13)
    at D:\TaskPro\BackEnd\src\middlewares\authMiddleware.js:74:5
[2026-10-01 23:25:31] ERROR: GET /api/courses/cmupu4gnk0001ewcczr30qe07 - Course not found 
Error: Course not found
    at courseError (D:\TaskPro\BackEnd\src\modules\courses\course.service.js:8:60)
    at Object.getCourseById (D:\TaskPro\BackEnd\src\modules\courses\course.service.js:222:11)
    at async D:\TaskPro\BackEnd\src\modules\courses\course.controller.js:61:18
[2026-10-01 23:26:25] ERROR: POST /api/chat - Invalid ID 
Error: Invalid ID
    at id (D:\TaskPro\BackEnd\src\modules\community\validation.js:6:11)
    at Object.getOrCreateConversation (D:\TaskPro\BackEnd\src\modules\community\chat.service.js:72:18)
    at D:\TaskPro\BackEnd\src\modules\community\chat.controller.js:19:42
    at D:\TaskPro\BackEnd\src\utils\catchAsync.js:9:25
    at Layer.handleRequest (D:\TaskPro\BackEnd\node_modules\router\lib\layer.js:152:17)
    at next (D:\TaskPro\BackEnd\node_modules\router\lib\route.js:157:13)
    at Route.dispatch (D:\TaskPro\BackEnd\node_modules\router\lib\route.js:117:3)
    at handle (D:\TaskPro\BackEnd\node_modules\router\index.js:435:11)
    at Layer.handleRequest (D:\TaskPro\BackEnd\node_modules\router\lib\layer.js:152:17)
    at D:\TaskPro\BackEnd\node_modules\router\index.js:295:15
[2026-10-01 23:26:25] ERROR: POST /api/chat - Invalid ID 
Error: Invalid ID
    at id (D:\TaskPro\BackEnd\src\modules\community\validation.js:6:11)
    at validateIds (D:\TaskPro\BackEnd\src\modules\community\validation.js:17:68)
    at Layer.handleRequest (D:\TaskPro\BackEnd\node_modules\router\lib\layer.js:152:17)
    at trimPrefix (D:\TaskPro\BackEnd\node_modules\router\index.js:342:13)
    at D:\TaskPro\BackEnd\node_modules\router\index.js:297:9
    at processParams (D:\TaskPro\BackEnd\node_modules\router\index.js:582:12)
    at next (D:\TaskPro\BackEnd\node_modules\router\index.js:291:5)
    at authenticate (D:\TaskPro\BackEnd\src\middlewares\authMiddleware.js:44:5)
[2026-10-01 23:26:25] ERROR: POST /api/chat - Invalid ID 
Error: Invalid ID
    at id (D:\TaskPro\BackEnd\src\modules\community\validation.js:6:11)
    at validateIds (D:\TaskPro\BackEnd\src\modules\community\validation.js:17:68)
    at Layer.handleRequest (D:\TaskPro\BackEnd\node_modules\router\lib\layer.js:152:17)
    at trimPrefix (D:\TaskPro\BackEnd\node_modules\router\index.js:342:13)
    at D:\TaskPro\BackEnd\node_modules\router\index.js:297:9
    at processParams (D:\TaskPro\BackEnd\node_modules\router\index.js:582:12)
    at next (D:\TaskPro\BackEnd\node_modules\router\index.js:291:5)
    at authenticate (D:\TaskPro\BackEnd\src\middlewares\authMiddleware.js:44:5)
[2026-10-01 23:26:25] ERROR: POST /api/chat - Invalid ID 
Error: Invalid ID
    at id (D:\TaskPro\BackEnd\src\modules\community\validation.js:6:11)
    at validateIds (D:\TaskPro\BackEnd\src\modules\community\validation.js:17:68)
    at Layer.handleRequest (D:\TaskPro\BackEnd\node_modules\router\lib\layer.js:152:17)
    at trimPrefix (D:\TaskPro\BackEnd\node_modules\router\index.js:342:13)
    at D:\TaskPro\BackEnd\node_modules\router\index.js:297:9
    at processParams (D:\TaskPro\BackEnd\node_modules\router\index.js:582:12)
    at next (D:\TaskPro\BackEnd\node_modules\router\index.js:291:5)
    at authenticate (D:\TaskPro\BackEnd\src\middlewares\authMiddleware.js:44:5)
[2026-10-01 23:26:25] ERROR: POST /api/chat - Invalid ID 
Error: Invalid ID
    at id (D:\TaskPro\BackEnd\src\modules\community\validation.js:6:11)
    at validateIds (D:\TaskPro\BackEnd\src\modules\community\validation.js:17:68)
    at Layer.handleRequest (D:\TaskPro\BackEnd\node_modules\router\lib\layer.js:152:17)
    at trimPrefix (D:\TaskPro\BackEnd\node_modules\router\index.js:342:13)
    at D:\TaskPro\BackEnd\node_modules\router\index.js:297:9
    at processParams (D:\TaskPro\BackEnd\node_modules\router\index.js:582:12)
    at next (D:\TaskPro\BackEnd\node_modules\router\index.js:291:5)
    at authenticate (D:\TaskPro\BackEnd\src\middlewares\authMiddleware.js:44:5)
[2026-10-01 23:26:25] ERROR: POST /api/chat - Invalid ID 
Error: Invalid ID
    at id (D:\TaskPro\BackEnd\src\modules\community\validation.js:6:11)
    at validateIds (D:\TaskPro\BackEnd\src\modules\community\validation.js:17:68)
    at Layer.handleRequest (D:\TaskPro\BackEnd\node_modules\router\lib\layer.js:152:17)
    at trimPrefix (D:\TaskPro\BackEnd\node_modules\router\index.js:342:13)
    at D:\TaskPro\BackEnd\node_modules\router\index.js:297:9
    at processParams (D:\TaskPro\BackEnd\node_modules\router\index.js:582:12)
    at next (D:\TaskPro\BackEnd\node_modules\router\index.js:291:5)
    at authenticate (D:\TaskPro\BackEnd\src\middlewares\authMiddleware.js:44:5)
[2026-10-01 23:26:25] ERROR: POST /api/chat - Invalid ID 
Error: Invalid ID
    at id (D:\TaskPro\BackEnd\src\modules\community\validation.js:6:11)
    at validateIds (D:\TaskPro\BackEnd\src\modules\community\validation.js:17:68)
    at Layer.handleRequest (D:\TaskPro\BackEnd\node_modules\router\lib\layer.js:152:17)
    at trimPrefix (D:\TaskPro\BackEnd\node_modules\router\index.js:342:13)
    at D:\TaskPro\BackEnd\node_modules\router\index.js:297:9
    at processParams (D:\TaskPro\BackEnd\node_modules\router\index.js:582:12)
    at next (D:\TaskPro\BackEnd\node_modules\router\index.js:291:5)
    at authenticate (D:\TaskPro\BackEnd\src\middlewares\authMiddleware.js:44:5)
[2026-10-01 23:26:26] ERROR: POST /api/chat - Cannot chat with yourself 
Error: Cannot chat with yourself
    at Object.getOrCreateConversation (D:\TaskPro\BackEnd\src\modules\community\chat.service.js:73:38)
    at D:\TaskPro\BackEnd\src\modules\community\chat.controller.js:19:42
    at D:\TaskPro\BackEnd\src\utils\catchAsync.js:9:25
    at Layer.handleRequest (D:\TaskPro\BackEnd\node_modules\router\lib\layer.js:152:17)
    at next (D:\TaskPro\BackEnd\node_modules\router\lib\route.js:157:13)
    at Route.dispatch (D:\TaskPro\BackEnd\node_modules\router\lib\route.js:117:3)
    at handle (D:\TaskPro\BackEnd\node_modules\router\index.js:435:11)
    at Layer.handleRequest (D:\TaskPro\BackEnd\node_modules\router\lib\layer.js:152:17)
    at D:\TaskPro\BackEnd\node_modules\router\index.js:295:15
    at processParams (D:\TaskPro\BackEnd\node_modules\router\index.js:582:12)
[2026-10-01 23:26:26] ERROR: POST /api/chat - User not found 
Error: User not found
    at Object.getOrCreateConversation (D:\TaskPro\BackEnd\src\modules\community\chat.service.js:75:42)
    at async D:\TaskPro\BackEnd\src\modules\community\chat.controller.js:19:24
[2026-10-01 23:26:26] ERROR: GET /api/chat/18/messages - Not authorized to view this conversation 
Error: Not authorized to view this conversation
    at Object.getMessages (D:\TaskPro\BackEnd\src\modules\community\chat.service.js:134:11)
    at async D:\TaskPro\BackEnd\src\modules\community\chat.controller.js:30:20
[2026-10-01 23:26:26] ERROR: POST /api/chat/18/messages - Not part of this conversation 
Error: Not part of this conversation
    at Object.sendMessage (D:\TaskPro\BackEnd\src\modules\community\chat.service.js:166:11)
    at async D:\TaskPro\BackEnd\src\modules\community\chat.controller.js:39:19
[2026-10-01 23:26:26] ERROR: DELETE /api/chat/18/messages - Access denied 
Error: Access denied
    at requireParticipant (D:\TaskPro\BackEnd\src\modules\community\chat.service.js:8:27)
    at async Object.clearConversation (D:\TaskPro\BackEnd\src\modules\community\chat.service.js:379:3)
    at async D:\TaskPro\BackEnd\src\modules\community\chat.controller.js:124:3
[2026-10-01 23:26:26] ERROR: DELETE /api/chat/18 - Access denied 
Error: Access denied
    at requireParticipant (D:\TaskPro\BackEnd\src\modules\community\chat.service.js:8:27)
    at async Object.deleteConversation (D:\TaskPro\BackEnd\src\modules\community\chat.service.js:367:3)
    at async D:\TaskPro\BackEnd\src\modules\community\chat.controller.js:117:3
[2026-10-01 23:26:26] ERROR: POST /api/chat/18/messages - Text must not be empty 
Error: Text must not be empty
    at text (D:\TaskPro\BackEnd\src\modules\community\validation.js:11:57)
    at validateIds (D:\TaskPro\BackEnd\src\modules\community\validation.js:22:42)
    at Layer.handleRequest (D:\TaskPro\BackEnd\node_modules\router\lib\layer.js:152:17)
    at trimPrefix (D:\TaskPro\BackEnd\node_modules\router\index.js:342:13)
    at D:\TaskPro\BackEnd\node_modules\router\index.js:297:9
    at processParams (D:\TaskPro\BackEnd\node_modules\router\index.js:582:12)
    at next (D:\TaskPro\BackEnd\node_modules\router\index.js:291:5)
    at authenticate (D:\TaskPro\BackEnd\src\middlewares\authMiddleware.js:44:5)
[2026-10-01 23:26:27] ERROR: GET /api/chat/abc/messages - Invalid ID 
Error: Invalid ID
    at Object.id (D:\TaskPro\BackEnd\src\modules\community\validation.js:6:11)
    at D:\TaskPro\BackEnd\src\modules\community\chat.routes.js:29:79
    at paramCallback (D:\TaskPro\BackEnd\node_modules\router\index.js:649:19)
    at param (D:\TaskPro\BackEnd\node_modules\router\index.js:629:5)
    at processParams (D:\TaskPro\BackEnd\node_modules\router\index.js:664:3)
    at next (D:\TaskPro\BackEnd\node_modules\router\index.js:291:5)
    at validateIds (D:\TaskPro\BackEnd\src\modules\community\validation.js:24:5)
    at Layer.handleRequest (D:\TaskPro\BackEnd\node_modules\router\lib\layer.js:152:17)
    at trimPrefix (D:\TaskPro\BackEnd\node_modules\router\index.js:342:13)
    at D:\TaskPro\BackEnd\node_modules\router\index.js:297:9
[2026-10-01 23:26:27] ERROR: GET /api/chat/2147483647/messages - Conversation not found 
Error: Conversation not found
    at Object.getMessages (D:\TaskPro\BackEnd\src\modules\community\chat.service.js:125:83)
    at async D:\TaskPro\BackEnd\src\modules\community\chat.controller.js:30:20
[2026-10-01 23:26:27] ERROR: POST /api/chat/workspaces - Text must not be empty 
Error: Text must not be empty
    at text (D:\TaskPro\BackEnd\src\modules\community\validation.js:11:57)
    at validateIds (D:\TaskPro\BackEnd\src\modules\community\validation.js:22:42)
    at Layer.handleRequest (D:\TaskPro\BackEnd\node_modules\router\lib\layer.js:152:17)
    at trimPrefix (D:\TaskPro\BackEnd\node_modules\router\index.js:342:13)
    at D:\TaskPro\BackEnd\node_modules\router\index.js:297:9
    at processParams (D:\TaskPro\BackEnd\node_modules\router\index.js:582:12)
    at next (D:\TaskPro\BackEnd\node_modules\router\index.js:291:5)
    at authenticate (D:\TaskPro\BackEnd\src\middlewares\authMiddleware.js:44:5)
[2026-10-01 23:26:28] ERROR: GET /api/chat/channels/17/messages - Access denied 
Error: Access denied
    at authorizeChannel (D:\TaskPro\BackEnd\src\modules\community\chat.service.js:22:82)
    at async Object.getChannelMessages (D:\TaskPro\BackEnd\src\modules\community\chat.service.js:233:3)
    at async D:\TaskPro\BackEnd\src\modules\community\chat.controller.js:57:20
[2026-10-01 23:26:28] ERROR: POST /api/chat/channels/17/messages - Access denied 
Error: Access denied
    at authorizeChannel (D:\TaskPro\BackEnd\src\modules\community\chat.service.js:22:82)
    at async Object.sendChannelMessage (D:\TaskPro\BackEnd\src\modules\community\chat.service.js:266:3)
    at async D:\TaskPro\BackEnd\src\modules\community\chat.controller.js:66:19
[2026-10-01 23:26:28] ERROR: PUT /api/chat/workspaces/9 - You are not authorized to edit this group 
Error: You are not authorized to edit this group
    at Object.updateWorkspace (D:\TaskPro\BackEnd\src\modules\community\chat.service.js:328:11)
    at async D:\TaskPro\BackEnd\src\modules\community\chat.controller.js:95:23
[2026-10-01 23:26:28] ERROR: POST /api/chat/workspaces/9/members - Access denied 
Error: Access denied
    at Object.authorizeWorkspaceManager (D:\TaskPro\BackEnd\src\modules\community\chat.service.js:14:63)
    at async D:\TaskPro\BackEnd\src\modules\community\chat.controller.js:102:3
[2026-10-01 23:26:29] ERROR: POST /api/chat/workspaces/9/members - User not found 
Error: User not found
    at Object.addWorkspaceMember (D:\TaskPro\BackEnd\src\modules\community\chat.service.js:349:50)
    at async D:\TaskPro\BackEnd\src\modules\community\chat.controller.js:103:18
[2026-10-01 23:26:29] ERROR: POST /api/chat/workspaces/9/members - Invalid ID 
Error: Invalid ID
    at Object.id (D:\TaskPro\BackEnd\src\modules\community\validation.js:6:11)
    at D:\TaskPro\BackEnd\src\modules\community\chat.controller.js:103:92
[2026-10-01 23:26:30] ERROR: POST /api/chat/workspaces/join - Workspace not found 
Error: Workspace not found
    at Object.addWorkspaceMember (D:\TaskPro\BackEnd\src\modules\community\chat.service.js:344:25)
    at async D:\TaskPro\BackEnd\src\modules\community\chat.controller.js:110:18
[2026-10-01 23:26:30] ERROR: POST /api/chat/workspaces/join - Invalid ID 
Error: Invalid ID
    at Object.id (D:\TaskPro\BackEnd\src\modules\community\validation.js:6:11)
    at D:\TaskPro\BackEnd\src\modules\community\chat.controller.js:108:47
    at D:\TaskPro\BackEnd\src\utils\catchAsync.js:9:25
    at Layer.handleRequest (D:\TaskPro\BackEnd\node_modules\router\lib\layer.js:152:17)
    at next (D:\TaskPro\BackEnd\node_modules\router\lib\route.js:157:13)
    at Route.dispatch (D:\TaskPro\BackEnd\node_modules\router\lib\route.js:117:3)
    at handle (D:\TaskPro\BackEnd\node_modules\router\index.js:435:11)
    at Layer.handleRequest (D:\TaskPro\BackEnd\node_modules\router\lib\layer.js:152:17)
    at D:\TaskPro\BackEnd\node_modules\router\index.js:295:15
    at processParams (D:\TaskPro\BackEnd\node_modules\router\index.js:582:12)
[2026-10-01 23:26:30] ERROR: POST /api/chat/channels/17/messages - Text must not be empty 
Error: Text must not be empty
    at text (D:\TaskPro\BackEnd\src\modules\community\validation.js:11:57)
    at validateIds (D:\TaskPro\BackEnd\src\modules\community\validation.js:22:42)
    at Layer.handleRequest (D:\TaskPro\BackEnd\node_modules\router\lib\layer.js:152:17)
    at trimPrefix (D:\TaskPro\BackEnd\node_modules\router\index.js:342:13)
    at D:\TaskPro\BackEnd\node_modules\router\index.js:297:9
    at processParams (D:\TaskPro\BackEnd\node_modules\router\index.js:582:12)
    at next (D:\TaskPro\BackEnd\node_modules\router\index.js:291:5)
    at authenticate (D:\TaskPro\BackEnd\src\middlewares\authMiddleware.js:44:5)
[2026-10-01 23:26:30] ERROR: GET /api/chat/channels/17/messages?cursor=abc - Invalid ID 
Error: Invalid ID
    at id (D:\TaskPro\BackEnd\src\modules\community\validation.js:6:11)
    at validateIds (D:\TaskPro\BackEnd\src\modules\community\validation.js:19:41)
    at Layer.handleRequest (D:\TaskPro\BackEnd\node_modules\router\lib\layer.js:152:17)
    at trimPrefix (D:\TaskPro\BackEnd\node_modules\router\index.js:342:13)
    at D:\TaskPro\BackEnd\node_modules\router\index.js:297:9
    at processParams (D:\TaskPro\BackEnd\node_modules\router\index.js:582:12)
    at next (D:\TaskPro\BackEnd\node_modules\router\index.js:291:5)
    at authenticate (D:\TaskPro\BackEnd\src\middlewares\authMiddleware.js:44:5)
[2026-10-01 23:26:30] ERROR: GET /api/chat/channels/17/messages?cursor=178 - Invalid channel cursor 
Error: Invalid channel cursor
    at Object.getChannelMessages (D:\TaskPro\BackEnd\src\modules\community\chat.service.js:249:58)
    at async D:\TaskPro\BackEnd\src\modules\community\chat.controller.js:57:20
[2026-10-01 23:26:30] ERROR: POST /api/chat/channels/17/messages - Invalid message type 
Error: Invalid message type
    at Object.sendChannelMessage (D:\TaskPro\BackEnd\src\modules\community\chat.service.js:267:61)
    at async D:\TaskPro\BackEnd\src\modules\community\chat.controller.js:66:19
[2026-10-01 23:26:30] ERROR: GET /api/chat/channels/2147483647/messages - Channel not found 
Error: Channel not found
    at authorizeChannel (D:\TaskPro\BackEnd\src\modules\community\chat.service.js:20:23)
    at async Object.getChannelMessages (D:\TaskPro\BackEnd\src\modules\community\chat.service.js:233:3)
    at async D:\TaskPro\BackEnd\src\modules\community\chat.controller.js:57:20
[2026-10-01 23:26:31] ERROR: PUT /api/discussions/15 - You can only edit your own discussions 
Error: You can only edit your own discussions
    at Object.updateDiscussion (D:\TaskPro\BackEnd\src\modules\community\discussion.service.js:167:11)
    at async D:\TaskPro\BackEnd\src\modules\community\discussion.controller.js:45:22
[2026-10-01 23:26:31] ERROR: DELETE /api/discussions/15 - You can only delete your own discussions 
Error: You can only delete your own discussions
    at Object.deleteDiscussion (D:\TaskPro\BackEnd\src\modules\community\discussion.service.js:199:11)
    at async D:\TaskPro\BackEnd\src\modules\community\discussion.controller.js:54:18
[2026-10-01 23:26:31] ERROR: PUT /api/discussions/15/resolve - Only the author can mark discussions as resolved 
Error: Only the author can mark discussions as resolved
    at Object.toggleResolved (D:\TaskPro\BackEnd\src\modules\community\discussion.service.js:219:11)
    at async D:\TaskPro\BackEnd\src\modules\community\discussion.controller.js:63:22
[2026-10-01 23:26:31] ERROR: POST /api/discussions/15/replies - Text must not be empty 
Error: Text must not be empty
    at text (D:\TaskPro\BackEnd\src\modules\community\validation.js:11:57)
    at validateIds (D:\TaskPro\BackEnd\src\modules\community\validation.js:22:42)
    at Layer.handleRequest (D:\TaskPro\BackEnd\node_modules\router\lib\layer.js:152:17)
    at trimPrefix (D:\TaskPro\BackEnd\node_modules\router\index.js:342:13)
    at D:\TaskPro\BackEnd\node_modules\router\index.js:297:9
    at processParams (D:\TaskPro\BackEnd\node_modules\router\index.js:582:12)
    at next (D:\TaskPro\BackEnd\node_modules\router\index.js:291:5)
    at authenticate (D:\TaskPro\BackEnd\src\middlewares\authMiddleware.js:44:5)
[2026-10-01 23:26:32] ERROR: POST /api/discussions/16/replies - Parent reply not found in this discussion 
Error: Parent reply not found in this discussion
    at Object.createReply (D:\TaskPro\BackEnd\src\modules\community\discussion.service.js:261:13)
    at async D:\TaskPro\BackEnd\src\modules\community\discussion.controller.js:79:17
[2026-10-01 23:26:32] ERROR: PUT /api/discussions/replies/15 - You can only edit your own replies 
Error: You can only edit your own replies
    at Object.updateReply (D:\TaskPro\BackEnd\src\modules\community\discussion.service.js:296:11)
    at async D:\TaskPro\BackEnd\src\modules\community\discussion.controller.js:88:17
[2026-10-01 23:26:32] ERROR: DELETE /api/discussions/replies/15 - You can only delete your own replies 
Error: You can only delete your own replies
    at Object.deleteReply (D:\TaskPro\BackEnd\src\modules\community\discussion.service.js:325:11)
    at async D:\TaskPro\BackEnd\src\modules\community\discussion.controller.js:97:18
[2026-10-01 23:26:32] ERROR: GET /api/discussions/abc - Invalid ID 
Error: Invalid ID
    at Object.id (D:\TaskPro\BackEnd\src\modules\community\validation.js:6:11)
    at D:\TaskPro\BackEnd\src\modules\community\discussion.routes.js:29:86
    at paramCallback (D:\TaskPro\BackEnd\node_modules\router\index.js:649:19)
    at param (D:\TaskPro\BackEnd\node_modules\router\index.js:629:5)
    at processParams (D:\TaskPro\BackEnd\node_modules\router\index.js:664:3)
    at next (D:\TaskPro\BackEnd\node_modules\router\index.js:291:5)
    at validateIds (D:\TaskPro\BackEnd\src\modules\community\validation.js:24:5)
    at Layer.handleRequest (D:\TaskPro\BackEnd\node_modules\router\lib\layer.js:152:17)
    at trimPrefix (D:\TaskPro\BackEnd\node_modules\router\index.js:342:13)
    at D:\TaskPro\BackEnd\node_modules\router\index.js:297:9
[2026-10-01 23:26:32] ERROR: GET /api/discussions?problemId=abc - Invalid ID 
Error: Invalid ID
    at id (D:\TaskPro\BackEnd\src\modules\community\validation.js:6:11)
    at validateIds (D:\TaskPro\BackEnd\src\modules\community\validation.js:20:44)
    at Layer.handleRequest (D:\TaskPro\BackEnd\node_modules\router\lib\layer.js:152:17)
    at trimPrefix (D:\TaskPro\BackEnd\node_modules\router\index.js:342:13)
    at D:\TaskPro\BackEnd\node_modules\router\index.js:297:9
    at processParams (D:\TaskPro\BackEnd\node_modules\router\index.js:582:12)
    at next (D:\TaskPro\BackEnd\node_modules\router\index.js:291:5)
    at authenticate (D:\TaskPro\BackEnd\src\middlewares\authMiddleware.js:44:5)
[2026-10-01 23:26:32] ERROR: PUT /api/discussions/replies/2147483647 - Reply not found 
Error: Reply not found
    at Object.updateReply (D:\TaskPro\BackEnd\src\modules\community\discussion.service.js:292:11)
    at async D:\TaskPro\BackEnd\src\modules\community\discussion.controller.js:88:17
[2026-10-01 23:26:32] ERROR: GET /api/discussions/2147483647 - Discussion not found 
Error: Discussion not found
    at Object.getDiscussionById (D:\TaskPro\BackEnd\src\modules\community\discussion.service.js:151:11)
    at async D:\TaskPro\BackEnd\src\modules\community\discussion.controller.js:38:22
[2026-10-01 23:26:32] ERROR: GET /api/discussions/15 - Discussion not found 
Error: Discussion not found
    at Object.getDiscussionById (D:\TaskPro\BackEnd\src\modules\community\discussion.service.js:151:11)
    at async D:\TaskPro\BackEnd\src\modules\community\discussion.controller.js:38:22
[2026-10-01 23:26:32] ERROR: PUT /api/notifications/76/read - Access denied 
Error: Access denied
    at Object.markAsRead (D:\TaskPro\BackEnd\src\modules\community\notification.service.js:61:11)
    at async D:\TaskPro\BackEnd\src\modules\community\notification.controller.js:31:24
[2026-10-01 23:26:32] ERROR: DELETE /api/notifications/76 - Access denied 
Error: Access denied
    at Object.deleteNotification (D:\TaskPro\BackEnd\src\modules\community\notification.service.js:89:11)
    at async D:\TaskPro\BackEnd\src\modules\community\notification.controller.js:44:18
[2026-10-01 23:26:33] ERROR: DELETE /api/notifications/76 - Notification not found 
Error: Notification not found
    at Object.deleteNotification (D:\TaskPro\BackEnd\src\modules\community\notification.service.js:85:11)
    at async D:\TaskPro\BackEnd\src\modules\community\notification.controller.js:44:18
[2026-10-01 23:26:33] ERROR: PUT /api/notifications/abc/read - Invalid ID 
Error: Invalid ID
    at Object.id (D:\TaskPro\BackEnd\src\modules\community\validation.js:6:11)
    at D:\TaskPro\BackEnd\src\modules\community\notification.routes.js:24:79
    at paramCallback (D:\TaskPro\BackEnd\node_modules\router\index.js:649:19)
    at param (D:\TaskPro\BackEnd\node_modules\router\index.js:629:5)
    at processParams (D:\TaskPro\BackEnd\node_modules\router\index.js:664:3)
    at next (D:\TaskPro\BackEnd\node_modules\router\index.js:291:5)
    at authenticate (D:\TaskPro\BackEnd\src\middlewares\authMiddleware.js:44:5)
[2026-10-01 23:26:33] ERROR: PUT /api/notifications/2147483647/read - Notification not found 
Error: Notification not found
    at Object.markAsRead (D:\TaskPro\BackEnd\src\modules\community\notification.service.js:57:11)
    at async D:\TaskPro\BackEnd\src\modules\community\notification.controller.js:31:24
[2026-10-01 23:26:37] ERROR: POST /api/chat - User not found 
Error: User not found
    at Object.getOrCreateConversation (D:\TaskPro\BackEnd\src\modules\community\chat.service.js:75:42)
    at async D:\TaskPro\BackEnd\src\modules\community\chat.controller.js:19:24
[2026-10-01 23:26:41] ERROR: POST /api/admin/users - fullName is required 
Error: fullName is required
    at userError (D:\TaskPro\BackEnd\src\modules\admin\admin.service.js:5:64)
    at validateUserData (D:\TaskPro\BackEnd\src\modules\admin\admin.service.js:13:73)
    at Object.createUser (D:\TaskPro\BackEnd\src\modules\admin\admin.service.js:258:9)
    at D:\TaskPro\BackEnd\src\modules\admin\admin.controller.js:38:35
    at D:\TaskPro\BackEnd\src\utils\catchAsync.js:9:25
    at Layer.handleRequest (D:\TaskPro\BackEnd\node_modules\router\lib\layer.js:152:17)
    at next (D:\TaskPro\BackEnd\node_modules\router\lib\route.js:157:13)
    at Route.dispatch (D:\TaskPro\BackEnd\node_modules\router\lib\route.js:117:3)
    at handle (D:\TaskPro\BackEnd\node_modules\router\index.js:435:11)
    at Layer.handleRequest (D:\TaskPro\BackEnd\node_modules\router\lib\layer.js:152:17)
[2026-10-01 23:26:41] ERROR: POST /api/admin/users - Invalid email address 
Error: Invalid email address
    at userError (D:\TaskPro\BackEnd\src\modules\admin\admin.service.js:5:64)
    at validateUserData (D:\TaskPro\BackEnd\src\modules\admin\admin.service.js:19:63)
    at Object.createUser (D:\TaskPro\BackEnd\src\modules\admin\admin.service.js:258:9)
    at D:\TaskPro\BackEnd\src\modules\admin\admin.controller.js:38:35
    at D:\TaskPro\BackEnd\src\utils\catchAsync.js:9:25
    at Layer.handleRequest (D:\TaskPro\BackEnd\node_modules\router\lib\layer.js:152:17)
    at next (D:\TaskPro\BackEnd\node_modules\router\lib\route.js:157:13)
    at Route.dispatch (D:\TaskPro\BackEnd\node_modules\router\lib\route.js:117:3)
    at handle (D:\TaskPro\BackEnd\node_modules\router\index.js:435:11)
    at Layer.handleRequest (D:\TaskPro\BackEnd\node_modules\router\lib\layer.js:152:17)
[2026-10-01 23:26:41] ERROR: POST /api/admin/users - Invalid role 
Error: Invalid role
    at userError (D:\TaskPro\BackEnd\src\modules\admin\admin.service.js:5:64)
    at validateUserData (D:\TaskPro\BackEnd\src\modules\admin\admin.service.js:25:116)
    at async Object.createUser (D:\TaskPro\BackEnd\src\modules\admin\admin.service.js:258:3)
    at async D:\TaskPro\BackEnd\src\modules\admin\admin.controller.js:38:16
[2026-10-01 23:26:42] ERROR: POST /api/admin/users - Email, username, or mobile already registered 
Error: Email, username, or mobile already registered
    at userError (D:\TaskPro\BackEnd\src\modules\admin\admin.service.js:5:64)
    at validateUserData (D:\TaskPro\BackEnd\src\modules\admin\admin.service.js:28:142)
    at async Object.createUser (D:\TaskPro\BackEnd\src\modules\admin\admin.service.js:258:3)
    at async D:\TaskPro\BackEnd\src\modules\admin\admin.controller.js:38:16
[2026-10-01 23:26:42] ERROR: PUT /api/admin/users/129 - fullName is required 
Error: fullName is required
    at userError (D:\TaskPro\BackEnd\src\modules\admin\admin.service.js:5:64)
    at validateUserData (D:\TaskPro\BackEnd\src\modules\admin\admin.service.js:13:73)
    at Object.updateUser (D:\TaskPro\BackEnd\src\modules\admin\admin.service.js:299:9)
    at async D:\TaskPro\BackEnd\src\modules\admin\admin.controller.js:43:16
[2026-10-01 23:26:42] ERROR: PUT /api/admin/users/129 - Email, username, or mobile already registered 
Error: Email, username, or mobile already registered
    at userError (D:\TaskPro\BackEnd\src\modules\admin\admin.service.js:5:64)
    at validateUserData (D:\TaskPro\BackEnd\src\modules\admin\admin.service.js:28:142)
    at async Object.updateUser (D:\TaskPro\BackEnd\src\modules\admin\admin.service.js:299:3)
    at async D:\TaskPro\BackEnd\src\modules\admin\admin.controller.js:43:16
[2026-10-01 23:26:42] ERROR: PUT /api/admin/users/129 - isActive must be a boolean 
Error: isActive must be a boolean
    at userError (D:\TaskPro\BackEnd\src\modules\admin\admin.service.js:5:64)
    at validateUserData (D:\TaskPro\BackEnd\src\modules\admin\admin.service.js:21:80)
    at Object.updateUser (D:\TaskPro\BackEnd\src\modules\admin\admin.service.js:299:9)
    at async D:\TaskPro\BackEnd\src\modules\admin\admin.controller.js:43:16
[2026-10-01 23:26:42] ERROR: PUT /api/admin/users/99999999 - User not found 
Error: User not found
    at userError (D:\TaskPro\BackEnd\src\modules\admin\admin.service.js:5:64)
    at Object.updateUser (D:\TaskPro\BackEnd\src\modules\admin\admin.service.js:298:67)
    at async D:\TaskPro\BackEnd\src\modules\admin\admin.controller.js:43:16
[2026-10-01 23:26:42] ERROR: DELETE /api/admin/users/99999999 - User not found 
Error: User not found
    at userError (D:\TaskPro\BackEnd\src\modules\admin\admin.service.js:5:64)
    at Object.deleteUser (D:\TaskPro\BackEnd\src\modules\admin\admin.service.js:326:11)
    at async D:\TaskPro\BackEnd\src\modules\admin\admin.controller.js:48:18
[2026-10-01 23:26:43] ERROR: GET /api/enrollments/course/3/students - You can only view students in your own courses 
Error: You can only view students in your own courses
    at getCourseEnrollments (D:\TaskPro\BackEnd\src\modules\learning\enrollment.service.js:172:25)
    at async Object.getCourseEnrollments (D:\TaskPro\BackEnd\src\modules\learning\validation.js:18:16)
    at async D:\TaskPro\BackEnd\src\modules\learning\enrollment.controller.js:32:5
[2026-10-01 23:27:09] ERROR: POST /api/follows/request - Invalid user or request ID 
Error: Invalid user or request ID
    at networkError (D:\TaskPro\BackEnd\src\modules\community\follow.service.js:2:67)
    at validId (D:\TaskPro\BackEnd\src\modules\community\follow.service.js:4:134)
    at Object.sendFollowRequest (D:\TaskPro\BackEnd\src\modules\community\follow.service.js:13:14)
    at D:\TaskPro\BackEnd\src\modules\community\follow.controller.js:9:45
    at D:\TaskPro\BackEnd\src\utils\catchAsync.js:9:25
    at Layer.handleRequest (D:\TaskPro\BackEnd\node_modules\router\lib\layer.js:152:17)
    at next (D:\TaskPro\BackEnd\node_modules\router\lib\route.js:157:13)
    at Route.dispatch (D:\TaskPro\BackEnd\node_modules\router\lib\route.js:117:3)
    at handle (D:\TaskPro\BackEnd\node_modules\router\index.js:435:11)
    at Layer.handleRequest (D:\TaskPro\BackEnd\node_modules\router\lib\layer.js:152:17)
[2026-10-01 23:27:09] ERROR: POST /api/follows/request - Invalid user or request ID 
Error: Invalid user or request ID
    at networkError (D:\TaskPro\BackEnd\src\modules\community\follow.service.js:2:67)
    at validId (D:\TaskPro\BackEnd\src\modules\community\follow.service.js:4:134)
    at Object.sendFollowRequest (D:\TaskPro\BackEnd\src\modules\community\follow.service.js:13:14)
    at D:\TaskPro\BackEnd\src\modules\community\follow.controller.js:9:45
    at D:\TaskPro\BackEnd\src\utils\catchAsync.js:9:25
    at Layer.handleRequest (D:\TaskPro\BackEnd\node_modules\router\lib\layer.js:152:17)
    at next (D:\TaskPro\BackEnd\node_modules\router\lib\route.js:157:13)
    at Route.dispatch (D:\TaskPro\BackEnd\node_modules\router\lib\route.js:117:3)
    at handle (D:\TaskPro\BackEnd\node_modules\router\index.js:435:11)
    at Layer.handleRequest (D:\TaskPro\BackEnd\node_modules\router\lib\layer.js:152:17)
[2026-10-01 23:27:09] ERROR: POST /api/follows/request - Invalid user or request ID 
Error: Invalid user or request ID
    at networkError (D:\TaskPro\BackEnd\src\modules\community\follow.service.js:2:67)
    at validId (D:\TaskPro\BackEnd\src\modules\community\follow.service.js:4:134)
    at Object.sendFollowRequest (D:\TaskPro\BackEnd\src\modules\community\follow.service.js:13:14)
    at D:\TaskPro\BackEnd\src\modules\community\follow.controller.js:9:45
    at D:\TaskPro\BackEnd\src\utils\catchAsync.js:9:25
    at Layer.handleRequest (D:\TaskPro\BackEnd\node_modules\router\lib\layer.js:152:17)
    at next (D:\TaskPro\BackEnd\node_modules\router\lib\route.js:157:13)
    at Route.dispatch (D:\TaskPro\BackEnd\node_modules\router\lib\route.js:117:3)
    at handle (D:\TaskPro\BackEnd\node_modules\router\index.js:435:11)
    at Layer.handleRequest (D:\TaskPro\BackEnd\node_modules\router\lib\layer.js:152:17)
[2026-10-01 23:27:09] ERROR: POST /api/follows/request - Invalid user or request ID 
Error: Invalid user or request ID
    at networkError (D:\TaskPro\BackEnd\src\modules\community\follow.service.js:2:67)
    at validId (D:\TaskPro\BackEnd\src\modules\community\follow.service.js:4:134)
    at Object.sendFollowRequest (D:\TaskPro\BackEnd\src\modules\community\follow.service.js:13:14)
    at D:\TaskPro\BackEnd\src\modules\community\follow.controller.js:9:45
    at D:\TaskPro\BackEnd\src\utils\catchAsync.js:9:25
    at Layer.handleRequest (D:\TaskPro\BackEnd\node_modules\router\lib\layer.js:152:17)
    at next (D:\TaskPro\BackEnd\node_modules\router\lib\route.js:157:13)
    at Route.dispatch (D:\TaskPro\BackEnd\node_modules\router\lib\route.js:117:3)
    at handle (D:\TaskPro\BackEnd\node_modules\router\index.js:435:11)
    at Layer.handleRequest (D:\TaskPro\BackEnd\node_modules\router\lib\layer.js:152:17)
[2026-10-01 23:27:09] ERROR: POST /api/follows/request - Invalid user or request ID 
Error: Invalid user or request ID
    at networkError (D:\TaskPro\BackEnd\src\modules\community\follow.service.js:2:67)
    at validId (D:\TaskPro\BackEnd\src\modules\community\follow.service.js:4:134)
    at Object.sendFollowRequest (D:\TaskPro\BackEnd\src\modules\community\follow.service.js:13:14)
    at D:\TaskPro\BackEnd\src\modules\community\follow.controller.js:9:45
    at D:\TaskPro\BackEnd\src\utils\catchAsync.js:9:25
    at Layer.handleRequest (D:\TaskPro\BackEnd\node_modules\router\lib\layer.js:152:17)
    at next (D:\TaskPro\BackEnd\node_modules\router\lib\route.js:157:13)
    at Route.dispatch (D:\TaskPro\BackEnd\node_modules\router\lib\route.js:117:3)
    at handle (D:\TaskPro\BackEnd\node_modules\router\index.js:435:11)
    at Layer.handleRequest (D:\TaskPro\BackEnd\node_modules\router\lib\layer.js:152:17)
[2026-10-01 23:27:09] ERROR: POST /api/follows/request - Invalid user or request ID 
Error: Invalid user or request ID
    at networkError (D:\TaskPro\BackEnd\src\modules\community\follow.service.js:2:67)
    at validId (D:\TaskPro\BackEnd\src\modules\community\follow.service.js:4:134)
    at Object.sendFollowRequest (D:\TaskPro\BackEnd\src\modules\community\follow.service.js:13:14)
    at D:\TaskPro\BackEnd\src\modules\community\follow.controller.js:9:45
    at D:\TaskPro\BackEnd\src\utils\catchAsync.js:9:25
    at Layer.handleRequest (D:\TaskPro\BackEnd\node_modules\router\lib\layer.js:152:17)
    at next (D:\TaskPro\BackEnd\node_modules\router\lib\route.js:157:13)
    at Route.dispatch (D:\TaskPro\BackEnd\node_modules\router\lib\route.js:117:3)
    at handle (D:\TaskPro\BackEnd\node_modules\router\index.js:435:11)
    at Layer.handleRequest (D:\TaskPro\BackEnd\node_modules\router\lib\layer.js:152:17)
[2026-10-01 23:27:09] ERROR: POST /api/follows/request - Invalid user or request ID 
Error: Invalid user or request ID
    at networkError (D:\TaskPro\BackEnd\src\modules\community\follow.service.js:2:67)
    at validId (D:\TaskPro\BackEnd\src\modules\community\follow.service.js:4:134)
    at Object.sendFollowRequest (D:\TaskPro\BackEnd\src\modules\community\follow.service.js:13:14)
    at D:\TaskPro\BackEnd\src\modules\community\follow.controller.js:9:45
    at D:\TaskPro\BackEnd\src\utils\catchAsync.js:9:25
    at Layer.handleRequest (D:\TaskPro\BackEnd\node_modules\router\lib\layer.js:152:17)
    at next (D:\TaskPro\BackEnd\node_modules\router\lib\route.js:157:13)
    at Route.dispatch (D:\TaskPro\BackEnd\node_modules\router\lib\route.js:117:3)
    at handle (D:\TaskPro\BackEnd\node_modules\router\index.js:435:11)
    at Layer.handleRequest (D:\TaskPro\BackEnd\node_modules\router\lib\layer.js:152:17)
[2026-10-01 23:27:09] ERROR: POST /api/follows/request - You cannot follow yourself 
Error: You cannot follow yourself
    at networkError (D:\TaskPro\BackEnd\src\modules\community\follow.service.js:2:67)
    at Object.sendFollowRequest (D:\TaskPro\BackEnd\src\modules\community\follow.service.js:16:11)
    at async D:\TaskPro\BackEnd\src\modules\community\follow.controller.js:9:25
[2026-10-01 23:27:09] ERROR: POST /api/follows/request - Target user not found 
Error: Target user not found
    at networkError (D:\TaskPro\BackEnd\src\modules\community\follow.service.js:2:67)
    at activeTarget (D:\TaskPro\BackEnd\src\modules\community\follow.service.js:9:38)
    at async Object.sendFollowRequest (D:\TaskPro\BackEnd\src\modules\community\follow.service.js:14:3)
    at async D:\TaskPro\BackEnd\src\modules\community\follow.controller.js:9:25
[2026-10-01 23:27:09] ERROR: POST /api/follows/request - Follow request already pending 
Error: Follow request already pending
    at networkError (D:\TaskPro\BackEnd\src\modules\community\follow.service.js:2:67)
    at Object.sendFollowRequest (D:\TaskPro\BackEnd\src\modules\community\follow.service.js:45:13)
    at async D:\TaskPro\BackEnd\src\modules\community\follow.controller.js:9:25
[2026-10-01 23:27:10] ERROR: PUT /api/follows/request/12 - Not authorized to respond to this request 
Error: Not authorized to respond to this request
    at networkError (D:\TaskPro\BackEnd\src\modules\community\follow.service.js:2:67)
    at Object.respondToRequest (D:\TaskPro\BackEnd\src\modules\community\follow.service.js:98:11)
    at async D:\TaskPro\BackEnd\src\modules\community\follow.controller.js:27:18
[2026-10-01 23:27:10] ERROR: PUT /api/follows/request/12 - Invalid status 
Error: Invalid status
    at networkError (D:\TaskPro\BackEnd\src\modules\community\follow.service.js:2:67)
    at Object.respondToRequest (D:\TaskPro\BackEnd\src\modules\community\follow.service.js:86:11)
    at D:\TaskPro\BackEnd\src\modules\community\follow.controller.js:27:38
    at D:\TaskPro\BackEnd\src\utils\catchAsync.js:9:25
    at Layer.handleRequest (D:\TaskPro\BackEnd\node_modules\router\lib\layer.js:152:17)
    at next (D:\TaskPro\BackEnd\node_modules\router\lib\route.js:157:13)
    at Route.dispatch (D:\TaskPro\BackEnd\node_modules\router\lib\route.js:117:3)
    at handle (D:\TaskPro\BackEnd\node_modules\router\index.js:435:11)
    at Layer.handleRequest (D:\TaskPro\BackEnd\node_modules\router\lib\layer.js:152:17)
    at D:\TaskPro\BackEnd\node_modules\router\index.js:295:15
[2026-10-01 23:27:10] ERROR: PUT /api/follows/request/abc - Invalid user or request ID 
Error: Invalid user or request ID
    at networkError (D:\TaskPro\BackEnd\src\modules\community\follow.service.js:2:67)
    at validId (D:\TaskPro\BackEnd\src\modules\community\follow.service.js:4:134)
    at Object.respondToRequest (D:\TaskPro\BackEnd\src\modules\community\follow.service.js:84:15)
    at D:\TaskPro\BackEnd\src\modules\community\follow.controller.js:27:38
    at D:\TaskPro\BackEnd\src\utils\catchAsync.js:9:25
    at Layer.handleRequest (D:\TaskPro\BackEnd\node_modules\router\lib\layer.js:152:17)
    at next (D:\TaskPro\BackEnd\node_modules\router\lib\route.js:157:13)
    at Route.dispatch (D:\TaskPro\BackEnd\node_modules\router\lib\route.js:117:3)
    at handle (D:\TaskPro\BackEnd\node_modules\router\index.js:435:11)
    at Layer.handleRequest (D:\TaskPro\BackEnd\node_modules\router\lib\layer.js:152:17)
[2026-10-01 23:27:10] ERROR: PUT /api/follows/request/99999999 - Follow request not found 
Error: Follow request not found
    at networkError (D:\TaskPro\BackEnd\src\modules\community\follow.service.js:2:67)
    at Object.respondToRequest (D:\TaskPro\BackEnd\src\modules\community\follow.service.js:94:11)
    at async D:\TaskPro\BackEnd\src\modules\community\follow.controller.js:27:18
[2026-10-01 23:27:10] ERROR: PUT /api/follows/request/12 - Request has already been reviewed 
Error: Request has already been reviewed
    at networkError (D:\TaskPro\BackEnd\src\modules\community\follow.service.js:2:67)
    at Object.respondToRequest (D:\TaskPro\BackEnd\src\modules\community\follow.service.js:101:43)
    at async D:\TaskPro\BackEnd\src\modules\community\follow.controller.js:27:18
[2026-10-01 23:27:10] ERROR: PUT /api/follows/request/12 - Request has already been reviewed 
Error: Request has already been reviewed
    at networkError (D:\TaskPro\BackEnd\src\modules\community\follow.service.js:2:67)
    at Object.respondToRequest (D:\TaskPro\BackEnd\src\modules\community\follow.service.js:101:43)
    at async D:\TaskPro\BackEnd\src\modules\community\follow.controller.js:27:18
[2026-10-01 23:27:10] ERROR: POST /api/follows/request - You are already following this user 
Error: You are already following this user
    at networkError (D:\TaskPro\BackEnd\src\modules\community\follow.service.js:2:67)
    at Object.sendFollowRequest (D:\TaskPro\BackEnd\src\modules\community\follow.service.js:30:11)
    at async D:\TaskPro\BackEnd\src\modules\community\follow.controller.js:9:25
[2026-10-01 23:27:10] ERROR: DELETE /api/follows/request/13 - Not authorized to cancel this request 
Error: Not authorized to cancel this request
    at networkError (D:\TaskPro\BackEnd\src\modules\community\follow.service.js:2:67)
    at Object.cancelRequest (D:\TaskPro\BackEnd\src\modules\community\follow.service.js:209:45)
    at async D:\TaskPro\BackEnd\src\modules\community\follow.routes.js:25:75
[2026-10-01 23:27:10] ERROR: DELETE /api/follows/request/13 - Not authorized to cancel this request 
Error: Not authorized to cancel this request
    at networkError (D:\TaskPro\BackEnd\src\modules\community\follow.service.js:2:67)
    at Object.cancelRequest (D:\TaskPro\BackEnd\src\modules\community\follow.service.js:209:45)
    at async D:\TaskPro\BackEnd\src\modules\community\follow.routes.js:25:75
[2026-10-01 23:27:10] ERROR: DELETE /api/follows/request/13 - Follow request not found 
Error: Follow request not found
    at networkError (D:\TaskPro\BackEnd\src\modules\community\follow.service.js:2:67)
    at Object.cancelRequest (D:\TaskPro\BackEnd\src\modules\community\follow.service.js:208:23)
    at async D:\TaskPro\BackEnd\src\modules\community\follow.routes.js:25:75
[2026-10-01 23:27:10] ERROR: DELETE /api/follows/request/14 - Only pending requests can be cancelled 
Error: Only pending requests can be cancelled
    at networkError (D:\TaskPro\BackEnd\src\modules\community\follow.service.js:2:67)
    at Object.cancelRequest (D:\TaskPro\BackEnd\src\modules\community\follow.service.js:210:43)
    at async D:\TaskPro\BackEnd\src\modules\community\follow.routes.js:25:75
[2026-10-01 23:27:10] ERROR: DELETE /api/follows/following/abc - Invalid user or request ID 
Error: Invalid user or request ID
    at networkError (D:\TaskPro\BackEnd\src\modules\community\follow.service.js:2:67)
    at validId (D:\TaskPro\BackEnd\src\modules\community\follow.service.js:4:134)
    at Object.removeConnection (D:\TaskPro\BackEnd\src\modules\community\follow.service.js:195:14)
    at D:\TaskPro\BackEnd\src\modules\community\follow.routes.js:27:102
    at D:\TaskPro\BackEnd\src\utils\catchAsync.js:9:25
    at Layer.handleRequest (D:\TaskPro\BackEnd\node_modules\router\lib\layer.js:152:17)
    at next (D:\TaskPro\BackEnd\node_modules\router\lib\route.js:157:13)
    at Route.dispatch (D:\TaskPro\BackEnd\node_modules\router\lib\route.js:117:3)
    at handle (D:\TaskPro\BackEnd\node_modules\router\index.js:435:11)
    at Layer.handleRequest (D:\TaskPro\BackEnd\node_modules\router\lib\layer.js:152:17)
[2026-10-01 23:27:10] ERROR: PUT /api/follows/request/15 - Request has already been reviewed 
Error: Request has already been reviewed
    at networkError (D:\TaskPro\BackEnd\src\modules\community\follow.service.js:2:67)
    at D:\TaskPro\BackEnd\src\modules\community\follow.service.js:105:31
    at async Proxy._transactionWithCallback (D:\TaskPro\BackEnd\node_modules\@prisma\client\runtime\library.js:130:8120)
    at async D:\TaskPro\BackEnd\src\modules\community\follow.controller.js:27:18
[2026-10-01 23:27:10] ERROR: POST /api/follows/toggle - Invalid user or request ID 
Error: Invalid user or request ID
    at networkError (D:\TaskPro\BackEnd\src\modules\community\follow.service.js:2:67)
    at validId (D:\TaskPro\BackEnd\src\modules\community\follow.service.js:4:134)
    at Object.toggleFollow (D:\TaskPro\BackEnd\src\modules\community\follow.service.js:149:14)
    at D:\TaskPro\BackEnd\src\modules\community\follow.controller.js:51:38
    at D:\TaskPro\BackEnd\src\utils\catchAsync.js:9:25
    at Layer.handleRequest (D:\TaskPro\BackEnd\node_modules\router\lib\layer.js:152:17)
    at next (D:\TaskPro\BackEnd\node_modules\router\lib\route.js:157:13)
    at Route.dispatch (D:\TaskPro\BackEnd\node_modules\router\lib\route.js:117:3)
    at handle (D:\TaskPro\BackEnd\node_modules\router\index.js:435:11)
    at Layer.handleRequest (D:\TaskPro\BackEnd\node_modules\router\lib\layer.js:152:17)
[2026-10-01 23:27:10] ERROR: POST /api/follows/toggle - You cannot follow yourself 
Error: You cannot follow yourself
    at networkError (D:\TaskPro\BackEnd\src\modules\community\follow.service.js:2:67)
    at Object.toggleFollow (D:\TaskPro\BackEnd\src\modules\community\follow.service.js:151:11)
    at D:\TaskPro\BackEnd\src\modules\community\follow.controller.js:51:38
    at D:\TaskPro\BackEnd\src\utils\catchAsync.js:9:25
    at Layer.handleRequest (D:\TaskPro\BackEnd\node_modules\router\lib\layer.js:152:17)
    at next (D:\TaskPro\BackEnd\node_modules\router\lib\route.js:157:13)
    at Route.dispatch (D:\TaskPro\BackEnd\node_modules\router\lib\route.js:117:3)
    at handle (D:\TaskPro\BackEnd\node_modules\router\index.js:435:11)
    at Layer.handleRequest (D:\TaskPro\BackEnd\node_modules\router\lib\layer.js:152:17)
    at D:\TaskPro\BackEnd\node_modules\router\index.js:295:15
[2026-10-01 23:27:10] ERROR: POST /api/follows/request - Target user not found 
Error: Target user not found
    at networkError (D:\TaskPro\BackEnd\src\modules\community\follow.service.js:2:67)
    at activeTarget (D:\TaskPro\BackEnd\src\modules\community\follow.service.js:9:38)
    at async Object.sendFollowRequest (D:\TaskPro\BackEnd\src\modules\community\follow.service.js:14:3)
    at async D:\TaskPro\BackEnd\src\modules\community\follow.controller.js:9:25
[2026-10-01 23:27:10] ERROR: POST /api/follows/toggle - Target user not found 
Error: Target user not found
    at networkError (D:\TaskPro\BackEnd\src\modules\community\follow.service.js:2:67)
    at Object.toggleFollow (D:\TaskPro\BackEnd\src\modules\community\follow.service.js:158:50)
    at async D:\TaskPro\BackEnd\src\modules\community\follow.controller.js:51:18
[2026-10-01 23:28:12] ERROR: POST /api/chat - Invalid ID 
Error: Invalid ID
    at id (D:\TaskPro\BackEnd\src\modules\community\validation.js:6:11)
    at Object.getOrCreateConversation (D:\TaskPro\BackEnd\src\modules\community\chat.service.js:72:18)
    at D:\TaskPro\BackEnd\src\modules\community\chat.controller.js:19:42
    at D:\TaskPro\BackEnd\src\utils\catchAsync.js:9:25
    at Layer.handleRequest (D:\TaskPro\BackEnd\node_modules\router\lib\layer.js:152:17)
    at next (D:\TaskPro\BackEnd\node_modules\router\lib\route.js:157:13)
    at Route.dispatch (D:\TaskPro\BackEnd\node_modules\router\lib\route.js:117:3)
    at handle (D:\TaskPro\BackEnd\node_modules\router\index.js:435:11)
    at Layer.handleRequest (D:\TaskPro\BackEnd\node_modules\router\lib\layer.js:152:17)
    at D:\TaskPro\BackEnd\node_modules\router\index.js:295:15
[2026-10-01 23:28:12] ERROR: POST /api/chat - Invalid ID 
Error: Invalid ID
    at id (D:\TaskPro\BackEnd\src\modules\community\validation.js:6:11)
    at validateIds (D:\TaskPro\BackEnd\src\modules\community\validation.js:17:68)
    at Layer.handleRequest (D:\TaskPro\BackEnd\node_modules\router\lib\layer.js:152:17)
    at trimPrefix (D:\TaskPro\BackEnd\node_modules\router\index.js:342:13)
    at D:\TaskPro\BackEnd\node_modules\router\index.js:297:9
    at processParams (D:\TaskPro\BackEnd\node_modules\router\index.js:582:12)
    at next (D:\TaskPro\BackEnd\node_modules\router\index.js:291:5)
    at authenticate (D:\TaskPro\BackEnd\src\middlewares\authMiddleware.js:44:5)
[2026-10-01 23:28:12] ERROR: POST /api/chat - Invalid ID 
Error: Invalid ID
    at id (D:\TaskPro\BackEnd\src\modules\community\validation.js:6:11)
    at validateIds (D:\TaskPro\BackEnd\src\modules\community\validation.js:17:68)
    at Layer.handleRequest (D:\TaskPro\BackEnd\node_modules\router\lib\layer.js:152:17)
    at trimPrefix (D:\TaskPro\BackEnd\node_modules\router\index.js:342:13)
    at D:\TaskPro\BackEnd\node_modules\router\index.js:297:9
    at processParams (D:\TaskPro\BackEnd\node_modules\router\index.js:582:12)
    at next (D:\TaskPro\BackEnd\node_modules\router\index.js:291:5)
    at authenticate (D:\TaskPro\BackEnd\src\middlewares\authMiddleware.js:44:5)
[2026-10-01 23:28:12] ERROR: POST /api/chat - Invalid ID 
Error: Invalid ID
    at id (D:\TaskPro\BackEnd\src\modules\community\validation.js:6:11)
    at validateIds (D:\TaskPro\BackEnd\src\modules\community\validation.js:17:68)
    at Layer.handleRequest (D:\TaskPro\BackEnd\node_modules\router\lib\layer.js:152:17)
    at trimPrefix (D:\TaskPro\BackEnd\node_modules\router\index.js:342:13)
    at D:\TaskPro\BackEnd\node_modules\router\index.js:297:9
    at processParams (D:\TaskPro\BackEnd\node_modules\router\index.js:582:12)
    at next (D:\TaskPro\BackEnd\node_modules\router\index.js:291:5)
    at authenticate (D:\TaskPro\BackEnd\src\middlewares\authMiddleware.js:44:5)
[2026-10-01 23:28:12] ERROR: POST /api/chat - Invalid ID 
Error: Invalid ID
    at id (D:\TaskPro\BackEnd\src\modules\community\validation.js:6:11)
    at validateIds (D:\TaskPro\BackEnd\src\modules\community\validation.js:17:68)
    at Layer.handleRequest (D:\TaskPro\BackEnd\node_modules\router\lib\layer.js:152:17)
    at trimPrefix (D:\TaskPro\BackEnd\node_modules\router\index.js:342:13)
    at D:\TaskPro\BackEnd\node_modules\router\index.js:297:9
    at processParams (D:\TaskPro\BackEnd\node_modules\router\index.js:582:12)
    at next (D:\TaskPro\BackEnd\node_modules\router\index.js:291:5)
    at authenticate (D:\TaskPro\BackEnd\src\middlewares\authMiddleware.js:44:5)
[2026-10-01 23:28:12] ERROR: POST /api/chat - Invalid ID 
Error: Invalid ID
    at id (D:\TaskPro\BackEnd\src\modules\community\validation.js:6:11)
    at validateIds (D:\TaskPro\BackEnd\src\modules\community\validation.js:17:68)
    at Layer.handleRequest (D:\TaskPro\BackEnd\node_modules\router\lib\layer.js:152:17)
    at trimPrefix (D:\TaskPro\BackEnd\node_modules\router\index.js:342:13)
    at D:\TaskPro\BackEnd\node_modules\router\index.js:297:9
    at processParams (D:\TaskPro\BackEnd\node_modules\router\index.js:582:12)
    at next (D:\TaskPro\BackEnd\node_modules\router\index.js:291:5)
    at authenticate (D:\TaskPro\BackEnd\src\middlewares\authMiddleware.js:44:5)
[2026-10-01 23:28:12] ERROR: POST /api/chat - Invalid ID 
Error: Invalid ID
    at id (D:\TaskPro\BackEnd\src\modules\community\validation.js:6:11)
    at validateIds (D:\TaskPro\BackEnd\src\modules\community\validation.js:17:68)
    at Layer.handleRequest (D:\TaskPro\BackEnd\node_modules\router\lib\layer.js:152:17)
    at trimPrefix (D:\TaskPro\BackEnd\node_modules\router\index.js:342:13)
    at D:\TaskPro\BackEnd\node_modules\router\index.js:297:9
    at processParams (D:\TaskPro\BackEnd\node_modules\router\index.js:582:12)
    at next (D:\TaskPro\BackEnd\node_modules\router\index.js:291:5)
    at authenticate (D:\TaskPro\BackEnd\src\middlewares\authMiddleware.js:44:5)
[2026-10-01 23:28:12] ERROR: POST /api/chat - Cannot chat with yourself 
Error: Cannot chat with yourself
    at Object.getOrCreateConversation (D:\TaskPro\BackEnd\src\modules\community\chat.service.js:73:38)
    at D:\TaskPro\BackEnd\src\modules\community\chat.controller.js:19:42
    at D:\TaskPro\BackEnd\src\utils\catchAsync.js:9:25
    at Layer.handleRequest (D:\TaskPro\BackEnd\node_modules\router\lib\layer.js:152:17)
    at next (D:\TaskPro\BackEnd\node_modules\router\lib\route.js:157:13)
    at Route.dispatch (D:\TaskPro\BackEnd\node_modules\router\lib\route.js:117:3)
    at handle (D:\TaskPro\BackEnd\node_modules\router\index.js:435:11)
    at Layer.handleRequest (D:\TaskPro\BackEnd\node_modules\router\lib\layer.js:152:17)
    at D:\TaskPro\BackEnd\node_modules\router\index.js:295:15
    at processParams (D:\TaskPro\BackEnd\node_modules\router\index.js:582:12)
[2026-10-01 23:28:12] ERROR: POST /api/chat - User not found 
Error: User not found
    at Object.getOrCreateConversation (D:\TaskPro\BackEnd\src\modules\community\chat.service.js:75:42)
    at async D:\TaskPro\BackEnd\src\modules\community\chat.controller.js:19:24
[2026-10-01 23:28:12] ERROR: GET /api/chat/20/messages - Not authorized to view this conversation 
Error: Not authorized to view this conversation
    at Object.getMessages (D:\TaskPro\BackEnd\src\modules\community\chat.service.js:134:11)
    at async D:\TaskPro\BackEnd\src\modules\community\chat.controller.js:30:20
[2026-10-01 23:28:12] ERROR: POST /api/chat/20/messages - Not part of this conversation 
Error: Not part of this conversation
    at Object.sendMessage (D:\TaskPro\BackEnd\src\modules\community\chat.service.js:166:11)
    at async D:\TaskPro\BackEnd\src\modules\community\chat.controller.js:39:19
[2026-10-01 23:28:12] ERROR: DELETE /api/chat/20/messages - Access denied 
Error: Access denied
    at requireParticipant (D:\TaskPro\BackEnd\src\modules\community\chat.service.js:8:27)
    at async Object.clearConversation (D:\TaskPro\BackEnd\src\modules\community\chat.service.js:379:3)
    at async D:\TaskPro\BackEnd\src\modules\community\chat.controller.js:124:3
[2026-10-01 23:28:12] ERROR: DELETE /api/chat/20 - Access denied 
Error: Access denied
    at requireParticipant (D:\TaskPro\BackEnd\src\modules\community\chat.service.js:8:27)
    at async Object.deleteConversation (D:\TaskPro\BackEnd\src\modules\community\chat.service.js:367:3)
    at async D:\TaskPro\BackEnd\src\modules\community\chat.controller.js:117:3
[2026-10-01 23:28:12] ERROR: POST /api/chat/20/messages - Text must not be empty 
Error: Text must not be empty
    at text (D:\TaskPro\BackEnd\src\modules\community\validation.js:11:57)
    at validateIds (D:\TaskPro\BackEnd\src\modules\community\validation.js:22:42)
    at Layer.handleRequest (D:\TaskPro\BackEnd\node_modules\router\lib\layer.js:152:17)
    at trimPrefix (D:\TaskPro\BackEnd\node_modules\router\index.js:342:13)
    at D:\TaskPro\BackEnd\node_modules\router\index.js:297:9
    at processParams (D:\TaskPro\BackEnd\node_modules\router\index.js:582:12)
    at next (D:\TaskPro\BackEnd\node_modules\router\index.js:291:5)
    at authenticate (D:\TaskPro\BackEnd\src\middlewares\authMiddleware.js:44:5)
[2026-10-01 23:28:13] ERROR: GET /api/chat/abc/messages - Invalid ID 
Error: Invalid ID
    at Object.id (D:\TaskPro\BackEnd\src\modules\community\validation.js:6:11)
    at D:\TaskPro\BackEnd\src\modules\community\chat.routes.js:29:79
    at paramCallback (D:\TaskPro\BackEnd\node_modules\router\index.js:649:19)
    at param (D:\TaskPro\BackEnd\node_modules\router\index.js:629:5)
    at processParams (D:\TaskPro\BackEnd\node_modules\router\index.js:664:3)
    at next (D:\TaskPro\BackEnd\node_modules\router\index.js:291:5)
    at validateIds (D:\TaskPro\BackEnd\src\modules\community\validation.js:24:5)
    at Layer.handleRequest (D:\TaskPro\BackEnd\node_modules\router\lib\layer.js:152:17)
    at trimPrefix (D:\TaskPro\BackEnd\node_modules\router\index.js:342:13)
    at D:\TaskPro\BackEnd\node_modules\router\index.js:297:9
[2026-10-01 23:28:13] ERROR: GET /api/chat/2147483647/messages - Conversation not found 
Error: Conversation not found
    at Object.getMessages (D:\TaskPro\BackEnd\src\modules\community\chat.service.js:125:83)
    at async D:\TaskPro\BackEnd\src\modules\community\chat.controller.js:30:20
[2026-10-01 23:28:13] ERROR: POST /api/chat/workspaces - Text must not be empty 
Error: Text must not be empty
    at text (D:\TaskPro\BackEnd\src\modules\community\validation.js:11:57)
    at validateIds (D:\TaskPro\BackEnd\src\modules\community\validation.js:22:42)
    at Layer.handleRequest (D:\TaskPro\BackEnd\node_modules\router\lib\layer.js:152:17)
    at trimPrefix (D:\TaskPro\BackEnd\node_modules\router\index.js:342:13)
    at D:\TaskPro\BackEnd\node_modules\router\index.js:297:9
    at processParams (D:\TaskPro\BackEnd\node_modules\router\index.js:582:12)
    at next (D:\TaskPro\BackEnd\node_modules\router\index.js:291:5)
    at authenticate (D:\TaskPro\BackEnd\src\middlewares\authMiddleware.js:44:5)
[2026-10-01 23:28:13] ERROR: GET /api/chat/channels/21/messages - Access denied 
Error: Access denied
    at authorizeChannel (D:\TaskPro\BackEnd\src\modules\community\chat.service.js:22:82)
    at async Object.getChannelMessages (D:\TaskPro\BackEnd\src\modules\community\chat.service.js:233:3)
    at async D:\TaskPro\BackEnd\src\modules\community\chat.controller.js:57:20
[2026-10-01 23:28:13] ERROR: POST /api/chat/channels/21/messages - Access denied 
Error: Access denied
    at authorizeChannel (D:\TaskPro\BackEnd\src\modules\community\chat.service.js:22:82)
    at async Object.sendChannelMessage (D:\TaskPro\BackEnd\src\modules\community\chat.service.js:266:3)
    at async D:\TaskPro\BackEnd\src\modules\community\chat.controller.js:66:19
[2026-10-01 23:28:13] ERROR: PUT /api/chat/workspaces/11 - You are not authorized to edit this group 
Error: You are not authorized to edit this group
    at Object.updateWorkspace (D:\TaskPro\BackEnd\src\modules\community\chat.service.js:328:11)
    at async D:\TaskPro\BackEnd\src\modules\community\chat.controller.js:95:23
[2026-10-01 23:28:13] ERROR: POST /api/chat/workspaces/11/members - Access denied 
Error: Access denied
    at Object.authorizeWorkspaceManager (D:\TaskPro\BackEnd\src\modules\community\chat.service.js:14:63)
    at async D:\TaskPro\BackEnd\src\modules\community\chat.controller.js:102:3
[2026-10-01 23:28:13] ERROR: POST /api/chat/workspaces/11/members - User not found 
Error: User not found
    at Object.addWorkspaceMember (D:\TaskPro\BackEnd\src\modules\community\chat.service.js:349:50)
    at async D:\TaskPro\BackEnd\src\modules\community\chat.controller.js:103:18
[2026-10-01 23:28:13] ERROR: POST /api/chat/workspaces/11/members - Invalid ID 
Error: Invalid ID
    at Object.id (D:\TaskPro\BackEnd\src\modules\community\validation.js:6:11)
    at D:\TaskPro\BackEnd\src\modules\community\chat.controller.js:103:92
[2026-10-01 23:28:13] ERROR: POST /api/chat/workspaces/join - Workspace not found 
Error: Workspace not found
    at Object.addWorkspaceMember (D:\TaskPro\BackEnd\src\modules\community\chat.service.js:344:25)
    at async D:\TaskPro\BackEnd\src\modules\community\chat.controller.js:110:18
[2026-10-01 23:28:13] ERROR: POST /api/chat/workspaces/join - Invalid ID 
Error: Invalid ID
    at Object.id (D:\TaskPro\BackEnd\src\modules\community\validation.js:6:11)
    at D:\TaskPro\BackEnd\src\modules\community\chat.controller.js:108:47
    at D:\TaskPro\BackEnd\src\utils\catchAsync.js:9:25
    at Layer.handleRequest (D:\TaskPro\BackEnd\node_modules\router\lib\layer.js:152:17)
    at next (D:\TaskPro\BackEnd\node_modules\router\lib\route.js:157:13)
    at Route.dispatch (D:\TaskPro\BackEnd\node_modules\router\lib\route.js:117:3)
    at handle (D:\TaskPro\BackEnd\node_modules\router\index.js:435:11)
    at Layer.handleRequest (D:\TaskPro\BackEnd\node_modules\router\lib\layer.js:152:17)
    at D:\TaskPro\BackEnd\node_modules\router\index.js:295:15
    at processParams (D:\TaskPro\BackEnd\node_modules\router\index.js:582:12)
[2026-10-01 23:28:13] ERROR: POST /api/chat/channels/21/messages - Text must not be empty 
Error: Text must not be empty
    at text (D:\TaskPro\BackEnd\src\modules\community\validation.js:11:57)
    at validateIds (D:\TaskPro\BackEnd\src\modules\community\validation.js:22:42)
    at Layer.handleRequest (D:\TaskPro\BackEnd\node_modules\router\lib\layer.js:152:17)
    at trimPrefix (D:\TaskPro\BackEnd\node_modules\router\index.js:342:13)
    at D:\TaskPro\BackEnd\node_modules\router\index.js:297:9
    at processParams (D:\TaskPro\BackEnd\node_modules\router\index.js:582:12)
    at next (D:\TaskPro\BackEnd\node_modules\router\index.js:291:5)
    at authenticate (D:\TaskPro\BackEnd\src\middlewares\authMiddleware.js:44:5)
[2026-10-01 23:28:13] ERROR: GET /api/chat/channels/21/messages?cursor=abc - Invalid ID 
Error: Invalid ID
    at id (D:\TaskPro\BackEnd\src\modules\community\validation.js:6:11)
    at validateIds (D:\TaskPro\BackEnd\src\modules\community\validation.js:19:41)
    at Layer.handleRequest (D:\TaskPro\BackEnd\node_modules\router\lib\layer.js:152:17)
    at trimPrefix (D:\TaskPro\BackEnd\node_modules\router\index.js:342:13)
    at D:\TaskPro\BackEnd\node_modules\router\index.js:297:9
    at processParams (D:\TaskPro\BackEnd\node_modules\router\index.js:582:12)
    at next (D:\TaskPro\BackEnd\node_modules\router\index.js:291:5)
    at authenticate (D:\TaskPro\BackEnd\src\middlewares\authMiddleware.js:44:5)
[2026-10-01 23:28:13] ERROR: GET /api/chat/channels/21/messages?cursor=237 - Invalid channel cursor 
Error: Invalid channel cursor
    at Object.getChannelMessages (D:\TaskPro\BackEnd\src\modules\community\chat.service.js:249:58)
    at async D:\TaskPro\BackEnd\src\modules\community\chat.controller.js:57:20
[2026-10-01 23:28:13] ERROR: POST /api/chat/channels/21/messages - Invalid message type 
Error: Invalid message type
    at Object.sendChannelMessage (D:\TaskPro\BackEnd\src\modules\community\chat.service.js:267:61)
    at async D:\TaskPro\BackEnd\src\modules\community\chat.controller.js:66:19
[2026-10-01 23:28:13] ERROR: GET /api/chat/channels/2147483647/messages - Channel not found 
Error: Channel not found
    at authorizeChannel (D:\TaskPro\BackEnd\src\modules\community\chat.service.js:20:23)
    at async Object.getChannelMessages (D:\TaskPro\BackEnd\src\modules\community\chat.service.js:233:3)
    at async D:\TaskPro\BackEnd\src\modules\community\chat.controller.js:57:20
[2026-10-01 23:28:14] ERROR: PUT /api/discussions/17 - You can only edit your own discussions 
Error: You can only edit your own discussions
    at Object.updateDiscussion (D:\TaskPro\BackEnd\src\modules\community\discussion.service.js:167:11)
    at async D:\TaskPro\BackEnd\src\modules\community\discussion.controller.js:45:22
[2026-10-01 23:28:14] ERROR: DELETE /api/discussions/17 - You can only delete your own discussions 
Error: You can only delete your own discussions
    at Object.deleteDiscussion (D:\TaskPro\BackEnd\src\modules\community\discussion.service.js:199:11)
    at async D:\TaskPro\BackEnd\src\modules\community\discussion.controller.js:54:18
[2026-10-01 23:28:14] ERROR: PUT /api/discussions/17/resolve - Only the author can mark discussions as resolved 
Error: Only the author can mark discussions as resolved
    at Object.toggleResolved (D:\TaskPro\BackEnd\src\modules\community\discussion.service.js:219:11)
    at async D:\TaskPro\BackEnd\src\modules\community\discussion.controller.js:63:22
[2026-10-01 23:28:14] ERROR: POST /api/discussions/17/replies - Text must not be empty 
Error: Text must not be empty
    at text (D:\TaskPro\BackEnd\src\modules\community\validation.js:11:57)
    at validateIds (D:\TaskPro\BackEnd\src\modules\community\validation.js:22:42)
    at Layer.handleRequest (D:\TaskPro\BackEnd\node_modules\router\lib\layer.js:152:17)
    at trimPrefix (D:\TaskPro\BackEnd\node_modules\router\index.js:342:13)
    at D:\TaskPro\BackEnd\node_modules\router\index.js:297:9
    at processParams (D:\TaskPro\BackEnd\node_modules\router\index.js:582:12)
    at next (D:\TaskPro\BackEnd\node_modules\router\index.js:291:5)
    at authenticate (D:\TaskPro\BackEnd\src\middlewares\authMiddleware.js:44:5)
[2026-10-01 23:28:14] ERROR: POST /api/discussions/18/replies - Parent reply not found in this discussion 
Error: Parent reply not found in this discussion
    at Object.createReply (D:\TaskPro\BackEnd\src\modules\community\discussion.service.js:261:13)
    at async D:\TaskPro\BackEnd\src\modules\community\discussion.controller.js:79:17
[2026-10-01 23:28:14] ERROR: PUT /api/discussions/replies/17 - You can only edit your own replies 
Error: You can only edit your own replies
    at Object.updateReply (D:\TaskPro\BackEnd\src\modules\community\discussion.service.js:296:11)
    at async D:\TaskPro\BackEnd\src\modules\community\discussion.controller.js:88:17
[2026-10-01 23:28:14] ERROR: DELETE /api/discussions/replies/17 - You can only delete your own replies 
Error: You can only delete your own replies
    at Object.deleteReply (D:\TaskPro\BackEnd\src\modules\community\discussion.service.js:325:11)
    at async D:\TaskPro\BackEnd\src\modules\community\discussion.controller.js:97:18
[2026-10-01 23:28:14] ERROR: GET /api/discussions/abc - Invalid ID 
Error: Invalid ID
    at Object.id (D:\TaskPro\BackEnd\src\modules\community\validation.js:6:11)
    at D:\TaskPro\BackEnd\src\modules\community\discussion.routes.js:29:86
    at paramCallback (D:\TaskPro\BackEnd\node_modules\router\index.js:649:19)
    at param (D:\TaskPro\BackEnd\node_modules\router\index.js:629:5)
    at processParams (D:\TaskPro\BackEnd\node_modules\router\index.js:664:3)
    at next (D:\TaskPro\BackEnd\node_modules\router\index.js:291:5)
    at validateIds (D:\TaskPro\BackEnd\src\modules\community\validation.js:24:5)
    at Layer.handleRequest (D:\TaskPro\BackEnd\node_modules\router\lib\layer.js:152:17)
    at trimPrefix (D:\TaskPro\BackEnd\node_modules\router\index.js:342:13)
    at D:\TaskPro\BackEnd\node_modules\router\index.js:297:9
[2026-10-01 23:28:14] ERROR: GET /api/discussions?problemId=abc - Invalid ID 
Error: Invalid ID
    at id (D:\TaskPro\BackEnd\src\modules\community\validation.js:6:11)
    at validateIds (D:\TaskPro\BackEnd\src\modules\community\validation.js:20:44)
    at Layer.handleRequest (D:\TaskPro\BackEnd\node_modules\router\lib\layer.js:152:17)
    at trimPrefix (D:\TaskPro\BackEnd\node_modules\router\index.js:342:13)
    at D:\TaskPro\BackEnd\node_modules\router\index.js:297:9
    at processParams (D:\TaskPro\BackEnd\node_modules\router\index.js:582:12)
    at next (D:\TaskPro\BackEnd\node_modules\router\index.js:291:5)
    at authenticate (D:\TaskPro\BackEnd\src\middlewares\authMiddleware.js:44:5)
[2026-10-01 23:28:14] ERROR: PUT /api/discussions/replies/2147483647 - Reply not found 
Error: Reply not found
    at Object.updateReply (D:\TaskPro\BackEnd\src\modules\community\discussion.service.js:292:11)
    at async D:\TaskPro\BackEnd\src\modules\community\discussion.controller.js:88:17
[2026-10-01 23:28:14] ERROR: GET /api/discussions/2147483647 - Discussion not found 
Error: Discussion not found
    at Object.getDiscussionById (D:\TaskPro\BackEnd\src\modules\community\discussion.service.js:151:11)
    at async D:\TaskPro\BackEnd\src\modules\community\discussion.controller.js:38:22
[2026-10-01 23:28:14] ERROR: GET /api/discussions/17 - Discussion not found 
Error: Discussion not found
    at Object.getDiscussionById (D:\TaskPro\BackEnd\src\modules\community\discussion.service.js:151:11)
    at async D:\TaskPro\BackEnd\src\modules\community\discussion.controller.js:38:22
[2026-10-01 23:28:15] ERROR: PUT /api/notifications/81/read - Access denied 
Error: Access denied
    at Object.markAsRead (D:\TaskPro\BackEnd\src\modules\community\notification.service.js:61:11)
    at async D:\TaskPro\BackEnd\src\modules\community\notification.controller.js:31:24
[2026-10-01 23:28:15] ERROR: DELETE /api/notifications/81 - Access denied 
Error: Access denied
    at Object.deleteNotification (D:\TaskPro\BackEnd\src\modules\community\notification.service.js:89:11)
    at async D:\TaskPro\BackEnd\src\modules\community\notification.controller.js:44:18
[2026-10-01 23:28:15] ERROR: DELETE /api/notifications/81 - Notification not found 
Error: Notification not found
    at Object.deleteNotification (D:\TaskPro\BackEnd\src\modules\community\notification.service.js:85:11)
    at async D:\TaskPro\BackEnd\src\modules\community\notification.controller.js:44:18
[2026-10-01 23:28:15] ERROR: PUT /api/notifications/abc/read - Invalid ID 
Error: Invalid ID
    at Object.id (D:\TaskPro\BackEnd\src\modules\community\validation.js:6:11)
    at D:\TaskPro\BackEnd\src\modules\community\notification.routes.js:24:79
    at paramCallback (D:\TaskPro\BackEnd\node_modules\router\index.js:649:19)
    at param (D:\TaskPro\BackEnd\node_modules\router\index.js:629:5)
    at processParams (D:\TaskPro\BackEnd\node_modules\router\index.js:664:3)
    at next (D:\TaskPro\BackEnd\node_modules\router\index.js:291:5)
    at authenticate (D:\TaskPro\BackEnd\src\middlewares\authMiddleware.js:44:5)
[2026-10-01 23:28:15] ERROR: PUT /api/notifications/2147483647/read - Notification not found 
Error: Notification not found
    at Object.markAsRead (D:\TaskPro\BackEnd\src\modules\community\notification.service.js:57:11)
    at async D:\TaskPro\BackEnd\src\modules\community\notification.controller.js:31:24
[2026-10-01 23:28:19] ERROR: POST /api/chat - User not found 
Error: User not found
    at Object.getOrCreateConversation (D:\TaskPro\BackEnd\src\modules\community\chat.service.js:75:42)
    at async D:\TaskPro\BackEnd\src\modules\community\chat.controller.js:19:24
[2026-10-01 23:30:14] ERROR: POST /api/chat - Invalid ID 
Error: Invalid ID
    at id (D:\TaskPro\BackEnd\src\modules\community\validation.js:6:11)
    at Object.getOrCreateConversation (D:\TaskPro\BackEnd\src\modules\community\chat.service.js:72:18)
    at D:\TaskPro\BackEnd\src\modules\community\chat.controller.js:19:42
    at D:\TaskPro\BackEnd\src\utils\catchAsync.js:9:25
    at Layer.handleRequest (D:\TaskPro\BackEnd\node_modules\router\lib\layer.js:152:17)
    at next (D:\TaskPro\BackEnd\node_modules\router\lib\route.js:157:13)
    at Route.dispatch (D:\TaskPro\BackEnd\node_modules\router\lib\route.js:117:3)
    at handle (D:\TaskPro\BackEnd\node_modules\router\index.js:435:11)
    at Layer.handleRequest (D:\TaskPro\BackEnd\node_modules\router\lib\layer.js:152:17)
    at D:\TaskPro\BackEnd\node_modules\router\index.js:295:15
[2026-10-01 23:30:14] ERROR: POST /api/chat - Invalid ID 
Error: Invalid ID
    at id (D:\TaskPro\BackEnd\src\modules\community\validation.js:6:11)
    at validateIds (D:\TaskPro\BackEnd\src\modules\community\validation.js:17:68)
    at Layer.handleRequest (D:\TaskPro\BackEnd\node_modules\router\lib\layer.js:152:17)
    at trimPrefix (D:\TaskPro\BackEnd\node_modules\router\index.js:342:13)
    at D:\TaskPro\BackEnd\node_modules\router\index.js:297:9
    at processParams (D:\TaskPro\BackEnd\node_modules\router\index.js:582:12)
    at next (D:\TaskPro\BackEnd\node_modules\router\index.js:291:5)
    at authenticate (D:\TaskPro\BackEnd\src\middlewares\authMiddleware.js:44:5)
[2026-10-01 23:30:14] ERROR: POST /api/chat - Invalid ID 
Error: Invalid ID
    at id (D:\TaskPro\BackEnd\src\modules\community\validation.js:6:11)
    at validateIds (D:\TaskPro\BackEnd\src\modules\community\validation.js:17:68)
    at Layer.handleRequest (D:\TaskPro\BackEnd\node_modules\router\lib\layer.js:152:17)
    at trimPrefix (D:\TaskPro\BackEnd\node_modules\router\index.js:342:13)
    at D:\TaskPro\BackEnd\node_modules\router\index.js:297:9
    at processParams (D:\TaskPro\BackEnd\node_modules\router\index.js:582:12)
    at next (D:\TaskPro\BackEnd\node_modules\router\index.js:291:5)
    at authenticate (D:\TaskPro\BackEnd\src\middlewares\authMiddleware.js:44:5)
[2026-10-01 23:30:14] ERROR: POST /api/chat - Invalid ID 
Error: Invalid ID
    at id (D:\TaskPro\BackEnd\src\modules\community\validation.js:6:11)
    at validateIds (D:\TaskPro\BackEnd\src\modules\community\validation.js:17:68)
    at Layer.handleRequest (D:\TaskPro\BackEnd\node_modules\router\lib\layer.js:152:17)
    at trimPrefix (D:\TaskPro\BackEnd\node_modules\router\index.js:342:13)
    at D:\TaskPro\BackEnd\node_modules\router\index.js:297:9
    at processParams (D:\TaskPro\BackEnd\node_modules\router\index.js:582:12)
    at next (D:\TaskPro\BackEnd\node_modules\router\index.js:291:5)
    at authenticate (D:\TaskPro\BackEnd\src\middlewares\authMiddleware.js:44:5)
[2026-10-01 23:30:15] ERROR: POST /api/chat - Invalid ID 
Error: Invalid ID
    at id (D:\TaskPro\BackEnd\src\modules\community\validation.js:6:11)
    at validateIds (D:\TaskPro\BackEnd\src\modules\community\validation.js:17:68)
    at Layer.handleRequest (D:\TaskPro\BackEnd\node_modules\router\lib\layer.js:152:17)
    at trimPrefix (D:\TaskPro\BackEnd\node_modules\router\index.js:342:13)
    at D:\TaskPro\BackEnd\node_modules\router\index.js:297:9
    at processParams (D:\TaskPro\BackEnd\node_modules\router\index.js:582:12)
    at next (D:\TaskPro\BackEnd\node_modules\router\index.js:291:5)
    at authenticate (D:\TaskPro\BackEnd\src\middlewares\authMiddleware.js:44:5)
[2026-10-01 23:30:15] ERROR: POST /api/chat - Invalid ID 
Error: Invalid ID
    at id (D:\TaskPro\BackEnd\src\modules\community\validation.js:6:11)
    at validateIds (D:\TaskPro\BackEnd\src\modules\community\validation.js:17:68)
    at Layer.handleRequest (D:\TaskPro\BackEnd\node_modules\router\lib\layer.js:152:17)
    at trimPrefix (D:\TaskPro\BackEnd\node_modules\router\index.js:342:13)
    at D:\TaskPro\BackEnd\node_modules\router\index.js:297:9
    at processParams (D:\TaskPro\BackEnd\node_modules\router\index.js:582:12)
    at next (D:\TaskPro\BackEnd\node_modules\router\index.js:291:5)
    at authenticate (D:\TaskPro\BackEnd\src\middlewares\authMiddleware.js:44:5)
[2026-10-01 23:30:15] ERROR: POST /api/chat - Invalid ID 
Error: Invalid ID
    at id (D:\TaskPro\BackEnd\src\modules\community\validation.js:6:11)
    at validateIds (D:\TaskPro\BackEnd\src\modules\community\validation.js:17:68)
    at Layer.handleRequest (D:\TaskPro\BackEnd\node_modules\router\lib\layer.js:152:17)
    at trimPrefix (D:\TaskPro\BackEnd\node_modules\router\index.js:342:13)
    at D:\TaskPro\BackEnd\node_modules\router\index.js:297:9
    at processParams (D:\TaskPro\BackEnd\node_modules\router\index.js:582:12)
    at next (D:\TaskPro\BackEnd\node_modules\router\index.js:291:5)
    at authenticate (D:\TaskPro\BackEnd\src\middlewares\authMiddleware.js:44:5)
[2026-10-01 23:30:15] ERROR: POST /api/chat - Cannot chat with yourself 
Error: Cannot chat with yourself
    at Object.getOrCreateConversation (D:\TaskPro\BackEnd\src\modules\community\chat.service.js:73:38)
    at D:\TaskPro\BackEnd\src\modules\community\chat.controller.js:19:42
    at D:\TaskPro\BackEnd\src\utils\catchAsync.js:9:25
    at Layer.handleRequest (D:\TaskPro\BackEnd\node_modules\router\lib\layer.js:152:17)
    at next (D:\TaskPro\BackEnd\node_modules\router\lib\route.js:157:13)
    at Route.dispatch (D:\TaskPro\BackEnd\node_modules\router\lib\route.js:117:3)
    at handle (D:\TaskPro\BackEnd\node_modules\router\index.js:435:11)
    at Layer.handleRequest (D:\TaskPro\BackEnd\node_modules\router\lib\layer.js:152:17)
    at D:\TaskPro\BackEnd\node_modules\router\index.js:295:15
    at processParams (D:\TaskPro\BackEnd\node_modules\router\index.js:582:12)
[2026-10-01 23:30:15] ERROR: POST /api/chat - User not found 
Error: User not found
    at Object.getOrCreateConversation (D:\TaskPro\BackEnd\src\modules\community\chat.service.js:75:42)
    at async D:\TaskPro\BackEnd\src\modules\community\chat.controller.js:19:24
[2026-10-01 23:30:15] ERROR: GET /api/chat/22/messages - Not authorized to view this conversation 
Error: Not authorized to view this conversation
    at Object.getMessages (D:\TaskPro\BackEnd\src\modules\community\chat.service.js:134:11)
    at async D:\TaskPro\BackEnd\src\modules\community\chat.controller.js:30:20
[2026-10-01 23:30:15] ERROR: POST /api/chat/22/messages - Not part of this conversation 
Error: Not part of this conversation
    at Object.sendMessage (D:\TaskPro\BackEnd\src\modules\community\chat.service.js:166:11)
    at async D:\TaskPro\BackEnd\src\modules\community\chat.controller.js:39:19
[2026-10-01 23:30:15] ERROR: DELETE /api/chat/22/messages - Access denied 
Error: Access denied
    at requireParticipant (D:\TaskPro\BackEnd\src\modules\community\chat.service.js:8:27)
    at async Object.clearConversation (D:\TaskPro\BackEnd\src\modules\community\chat.service.js:379:3)
    at async D:\TaskPro\BackEnd\src\modules\community\chat.controller.js:124:3
[2026-10-01 23:30:15] ERROR: DELETE /api/chat/22 - Access denied 
Error: Access denied
    at requireParticipant (D:\TaskPro\BackEnd\src\modules\community\chat.service.js:8:27)
    at async Object.deleteConversation (D:\TaskPro\BackEnd\src\modules\community\chat.service.js:367:3)
    at async D:\TaskPro\BackEnd\src\modules\community\chat.controller.js:117:3
[2026-10-01 23:30:15] ERROR: POST /api/chat/22/messages - Text must not be empty 
Error: Text must not be empty
    at text (D:\TaskPro\BackEnd\src\modules\community\validation.js:11:57)
    at validateIds (D:\TaskPro\BackEnd\src\modules\community\validation.js:22:42)
    at Layer.handleRequest (D:\TaskPro\BackEnd\node_modules\router\lib\layer.js:152:17)
    at trimPrefix (D:\TaskPro\BackEnd\node_modules\router\index.js:342:13)
    at D:\TaskPro\BackEnd\node_modules\router\index.js:297:9
    at processParams (D:\TaskPro\BackEnd\node_modules\router\index.js:582:12)
    at next (D:\TaskPro\BackEnd\node_modules\router\index.js:291:5)
    at authenticate (D:\TaskPro\BackEnd\src\middlewares\authMiddleware.js:44:5)
[2026-10-01 23:30:15] ERROR: GET /api/chat/abc/messages - Invalid ID 
Error: Invalid ID
    at Object.id (D:\TaskPro\BackEnd\src\modules\community\validation.js:6:11)
    at D:\TaskPro\BackEnd\src\modules\community\chat.routes.js:29:79
    at paramCallback (D:\TaskPro\BackEnd\node_modules\router\index.js:649:19)
    at param (D:\TaskPro\BackEnd\node_modules\router\index.js:629:5)
    at processParams (D:\TaskPro\BackEnd\node_modules\router\index.js:664:3)
    at next (D:\TaskPro\BackEnd\node_modules\router\index.js:291:5)
    at validateIds (D:\TaskPro\BackEnd\src\modules\community\validation.js:24:5)
    at Layer.handleRequest (D:\TaskPro\BackEnd\node_modules\router\lib\layer.js:152:17)
    at trimPrefix (D:\TaskPro\BackEnd\node_modules\router\index.js:342:13)
    at D:\TaskPro\BackEnd\node_modules\router\index.js:297:9
[2026-10-01 23:30:15] ERROR: GET /api/chat/2147483647/messages - Conversation not found 
Error: Conversation not found
    at Object.getMessages (D:\TaskPro\BackEnd\src\modules\community\chat.service.js:125:83)
    at async D:\TaskPro\BackEnd\src\modules\community\chat.controller.js:30:20
[2026-10-01 23:30:15] ERROR: POST /api/chat/workspaces - Text must not be empty 
Error: Text must not be empty
    at text (D:\TaskPro\BackEnd\src\modules\community\validation.js:11:57)
    at validateIds (D:\TaskPro\BackEnd\src\modules\community\validation.js:22:42)
    at Layer.handleRequest (D:\TaskPro\BackEnd\node_modules\router\lib\layer.js:152:17)
    at trimPrefix (D:\TaskPro\BackEnd\node_modules\router\index.js:342:13)
    at D:\TaskPro\BackEnd\node_modules\router\index.js:297:9
    at processParams (D:\TaskPro\BackEnd\node_modules\router\index.js:582:12)
    at next (D:\TaskPro\BackEnd\node_modules\router\index.js:291:5)
    at authenticate (D:\TaskPro\BackEnd\src\middlewares\authMiddleware.js:44:5)
[2026-10-01 23:30:15] ERROR: GET /api/chat/channels/25/messages - Access denied 
Error: Access denied
    at authorizeChannel (D:\TaskPro\BackEnd\src\modules\community\chat.service.js:22:82)
    at async Object.getChannelMessages (D:\TaskPro\BackEnd\src\modules\community\chat.service.js:233:3)
    at async D:\TaskPro\BackEnd\src\modules\community\chat.controller.js:57:20
[2026-10-01 23:30:15] ERROR: POST /api/chat/channels/25/messages - Access denied 
Error: Access denied
    at authorizeChannel (D:\TaskPro\BackEnd\src\modules\community\chat.service.js:22:82)
    at async Object.sendChannelMessage (D:\TaskPro\BackEnd\src\modules\community\chat.service.js:266:3)
    at async D:\TaskPro\BackEnd\src\modules\community\chat.controller.js:66:19
[2026-10-01 23:30:15] ERROR: PUT /api/chat/workspaces/13 - You are not authorized to edit this group 
Error: You are not authorized to edit this group
    at Object.updateWorkspace (D:\TaskPro\BackEnd\src\modules\community\chat.service.js:328:11)
    at async D:\TaskPro\BackEnd\src\modules\community\chat.controller.js:95:23
[2026-10-01 23:30:15] ERROR: POST /api/chat/workspaces/13/members - Access denied 
Error: Access denied
    at Object.authorizeWorkspaceManager (D:\TaskPro\BackEnd\src\modules\community\chat.service.js:14:63)
    at async D:\TaskPro\BackEnd\src\modules\community\chat.controller.js:102:3
[2026-10-01 23:30:15] ERROR: POST /api/chat/workspaces/13/members - User not found 
Error: User not found
    at Object.addWorkspaceMember (D:\TaskPro\BackEnd\src\modules\community\chat.service.js:349:50)
    at async D:\TaskPro\BackEnd\src\modules\community\chat.controller.js:103:18
[2026-10-01 23:30:15] ERROR: POST /api/chat/workspaces/13/members - Invalid ID 
Error: Invalid ID
    at Object.id (D:\TaskPro\BackEnd\src\modules\community\validation.js:6:11)
    at D:\TaskPro\BackEnd\src\modules\community\chat.controller.js:103:92
[2026-10-01 23:30:15] ERROR: POST /api/chat/workspaces/join - Workspace not found 
Error: Workspace not found
    at Object.addWorkspaceMember (D:\TaskPro\BackEnd\src\modules\community\chat.service.js:344:25)
    at async D:\TaskPro\BackEnd\src\modules\community\chat.controller.js:110:18
[2026-10-01 23:30:15] ERROR: POST /api/chat/workspaces/join - Invalid ID 
Error: Invalid ID
    at Object.id (D:\TaskPro\BackEnd\src\modules\community\validation.js:6:11)
    at D:\TaskPro\BackEnd\src\modules\community\chat.controller.js:108:47
    at D:\TaskPro\BackEnd\src\utils\catchAsync.js:9:25
    at Layer.handleRequest (D:\TaskPro\BackEnd\node_modules\router\lib\layer.js:152:17)
    at next (D:\TaskPro\BackEnd\node_modules\router\lib\route.js:157:13)
    at Route.dispatch (D:\TaskPro\BackEnd\node_modules\router\lib\route.js:117:3)
    at handle (D:\TaskPro\BackEnd\node_modules\router\index.js:435:11)
    at Layer.handleRequest (D:\TaskPro\BackEnd\node_modules\router\lib\layer.js:152:17)
    at D:\TaskPro\BackEnd\node_modules\router\index.js:295:15
    at processParams (D:\TaskPro\BackEnd\node_modules\router\index.js:582:12)
[2026-10-01 23:30:15] ERROR: POST /api/chat/channels/25/messages - Text must not be empty 
Error: Text must not be empty
    at text (D:\TaskPro\BackEnd\src\modules\community\validation.js:11:57)
    at validateIds (D:\TaskPro\BackEnd\src\modules\community\validation.js:22:42)
    at Layer.handleRequest (D:\TaskPro\BackEnd\node_modules\router\lib\layer.js:152:17)
    at trimPrefix (D:\TaskPro\BackEnd\node_modules\router\index.js:342:13)
    at D:\TaskPro\BackEnd\node_modules\router\index.js:297:9
    at processParams (D:\TaskPro\BackEnd\node_modules\router\index.js:582:12)
    at next (D:\TaskPro\BackEnd\node_modules\router\index.js:291:5)
    at authenticate (D:\TaskPro\BackEnd\src\middlewares\authMiddleware.js:44:5)
[2026-10-01 23:30:15] ERROR: GET /api/chat/channels/25/messages?cursor=abc - Invalid ID 
Error: Invalid ID
    at id (D:\TaskPro\BackEnd\src\modules\community\validation.js:6:11)
    at validateIds (D:\TaskPro\BackEnd\src\modules\community\validation.js:19:41)
    at Layer.handleRequest (D:\TaskPro\BackEnd\node_modules\router\lib\layer.js:152:17)
    at trimPrefix (D:\TaskPro\BackEnd\node_modules\router\index.js:342:13)
    at D:\TaskPro\BackEnd\node_modules\router\index.js:297:9
    at processParams (D:\TaskPro\BackEnd\node_modules\router\index.js:582:12)
    at next (D:\TaskPro\BackEnd\node_modules\router\index.js:291:5)
    at authenticate (D:\TaskPro\BackEnd\src\middlewares\authMiddleware.js:44:5)
[2026-10-01 23:30:15] ERROR: GET /api/chat/channels/25/messages?cursor=296 - Invalid channel cursor 
Error: Invalid channel cursor
    at Object.getChannelMessages (D:\TaskPro\BackEnd\src\modules\community\chat.service.js:249:58)
    at async D:\TaskPro\BackEnd\src\modules\community\chat.controller.js:57:20
[2026-10-01 23:30:16] ERROR: POST /api/chat/channels/25/messages - Invalid message type 
Error: Invalid message type
    at Object.sendChannelMessage (D:\TaskPro\BackEnd\src\modules\community\chat.service.js:267:61)
    at async D:\TaskPro\BackEnd\src\modules\community\chat.controller.js:66:19
[2026-10-01 23:30:16] ERROR: GET /api/chat/channels/2147483647/messages - Channel not found 
Error: Channel not found
    at authorizeChannel (D:\TaskPro\BackEnd\src\modules\community\chat.service.js:20:23)
    at async Object.getChannelMessages (D:\TaskPro\BackEnd\src\modules\community\chat.service.js:233:3)
    at async D:\TaskPro\BackEnd\src\modules\community\chat.controller.js:57:20
[2026-10-01 23:30:16] ERROR: PUT /api/discussions/19 - You can only edit your own discussions 
Error: You can only edit your own discussions
    at Object.updateDiscussion (D:\TaskPro\BackEnd\src\modules\community\discussion.service.js:167:11)
    at async D:\TaskPro\BackEnd\src\modules\community\discussion.controller.js:45:22
[2026-10-01 23:30:16] ERROR: DELETE /api/discussions/19 - You can only delete your own discussions 
Error: You can only delete your own discussions
    at Object.deleteDiscussion (D:\TaskPro\BackEnd\src\modules\community\discussion.service.js:199:11)
    at async D:\TaskPro\BackEnd\src\modules\community\discussion.controller.js:54:18
[2026-10-01 23:30:16] ERROR: PUT /api/discussions/19/resolve - Only the author can mark discussions as resolved 
Error: Only the author can mark discussions as resolved
    at Object.toggleResolved (D:\TaskPro\BackEnd\src\modules\community\discussion.service.js:219:11)
    at async D:\TaskPro\BackEnd\src\modules\community\discussion.controller.js:63:22
[2026-10-01 23:30:16] ERROR: POST /api/discussions/19/replies - Text must not be empty 
Error: Text must not be empty
    at text (D:\TaskPro\BackEnd\src\modules\community\validation.js:11:57)
    at validateIds (D:\TaskPro\BackEnd\src\modules\community\validation.js:22:42)
    at Layer.handleRequest (D:\TaskPro\BackEnd\node_modules\router\lib\layer.js:152:17)
    at trimPrefix (D:\TaskPro\BackEnd\node_modules\router\index.js:342:13)
    at D:\TaskPro\BackEnd\node_modules\router\index.js:297:9
    at processParams (D:\TaskPro\BackEnd\node_modules\router\index.js:582:12)
    at next (D:\TaskPro\BackEnd\node_modules\router\index.js:291:5)
    at authenticate (D:\TaskPro\BackEnd\src\middlewares\authMiddleware.js:44:5)
[2026-10-01 23:30:16] ERROR: POST /api/discussions/20/replies - Parent reply not found in this discussion 
Error: Parent reply not found in this discussion
    at Object.createReply (D:\TaskPro\BackEnd\src\modules\community\discussion.service.js:261:13)
    at async D:\TaskPro\BackEnd\src\modules\community\discussion.controller.js:79:17
[2026-10-01 23:30:16] ERROR: PUT /api/discussions/replies/19 - You can only edit your own replies 
Error: You can only edit your own replies
    at Object.updateReply (D:\TaskPro\BackEnd\src\modules\community\discussion.service.js:296:11)
    at async D:\TaskPro\BackEnd\src\modules\community\discussion.controller.js:88:17
[2026-10-01 23:30:16] ERROR: DELETE /api/discussions/replies/19 - You can only delete your own replies 
Error: You can only delete your own replies
    at Object.deleteReply (D:\TaskPro\BackEnd\src\modules\community\discussion.service.js:325:11)
    at async D:\TaskPro\BackEnd\src\modules\community\discussion.controller.js:97:18
[2026-10-01 23:30:16] ERROR: GET /api/discussions/abc - Invalid ID 
Error: Invalid ID
    at Object.id (D:\TaskPro\BackEnd\src\modules\community\validation.js:6:11)
    at D:\TaskPro\BackEnd\src\modules\community\discussion.routes.js:29:86
    at paramCallback (D:\TaskPro\BackEnd\node_modules\router\index.js:649:19)
    at param (D:\TaskPro\BackEnd\node_modules\router\index.js:629:5)
    at processParams (D:\TaskPro\BackEnd\node_modules\router\index.js:664:3)
    at next (D:\TaskPro\BackEnd\node_modules\router\index.js:291:5)
    at validateIds (D:\TaskPro\BackEnd\src\modules\community\validation.js:24:5)
    at Layer.handleRequest (D:\TaskPro\BackEnd\node_modules\router\lib\layer.js:152:17)
    at trimPrefix (D:\TaskPro\BackEnd\node_modules\router\index.js:342:13)
    at D:\TaskPro\BackEnd\node_modules\router\index.js:297:9
[2026-10-01 23:30:16] ERROR: GET /api/discussions?problemId=abc - Invalid ID 
Error: Invalid ID
    at id (D:\TaskPro\BackEnd\src\modules\community\validation.js:6:11)
    at validateIds (D:\TaskPro\BackEnd\src\modules\community\validation.js:20:44)
    at Layer.handleRequest (D:\TaskPro\BackEnd\node_modules\router\lib\layer.js:152:17)
    at trimPrefix (D:\TaskPro\BackEnd\node_modules\router\index.js:342:13)
    at D:\TaskPro\BackEnd\node_modules\router\index.js:297:9
    at processParams (D:\TaskPro\BackEnd\node_modules\router\index.js:582:12)
    at next (D:\TaskPro\BackEnd\node_modules\router\index.js:291:5)
    at authenticate (D:\TaskPro\BackEnd\src\middlewares\authMiddleware.js:44:5)
[2026-10-01 23:30:16] ERROR: PUT /api/discussions/replies/2147483647 - Reply not found 
Error: Reply not found
    at Object.updateReply (D:\TaskPro\BackEnd\src\modules\community\discussion.service.js:292:11)
    at async D:\TaskPro\BackEnd\src\modules\community\discussion.controller.js:88:17
[2026-10-01 23:30:16] ERROR: GET /api/discussions/2147483647 - Discussion not found 
Error: Discussion not found
    at Object.getDiscussionById (D:\TaskPro\BackEnd\src\modules\community\discussion.service.js:151:11)
    at async D:\TaskPro\BackEnd\src\modules\community\discussion.controller.js:38:22
[2026-10-01 23:30:16] ERROR: GET /api/discussions/19 - Discussion not found 
Error: Discussion not found
    at Object.getDiscussionById (D:\TaskPro\BackEnd\src\modules\community\discussion.service.js:151:11)
    at async D:\TaskPro\BackEnd\src\modules\community\discussion.controller.js:38:22
[2026-10-01 23:30:17] ERROR: PUT /api/notifications/88/read - Access denied 
Error: Access denied
    at Object.markAsRead (D:\TaskPro\BackEnd\src\modules\community\notification.service.js:61:11)
    at async D:\TaskPro\BackEnd\src\modules\community\notification.controller.js:31:24
[2026-10-01 23:30:17] ERROR: DELETE /api/notifications/88 - Access denied 
Error: Access denied
    at Object.deleteNotification (D:\TaskPro\BackEnd\src\modules\community\notification.service.js:89:11)
    at async D:\TaskPro\BackEnd\src\modules\community\notification.controller.js:44:18
[2026-10-01 23:30:17] ERROR: DELETE /api/notifications/88 - Notification not found 
Error: Notification not found
    at Object.deleteNotification (D:\TaskPro\BackEnd\src\modules\community\notification.service.js:85:11)
    at async D:\TaskPro\BackEnd\src\modules\community\notification.controller.js:44:18
[2026-10-01 23:30:17] ERROR: PUT /api/notifications/abc/read - Invalid ID 
Error: Invalid ID
    at Object.id (D:\TaskPro\BackEnd\src\modules\community\validation.js:6:11)
    at D:\TaskPro\BackEnd\src\modules\community\notification.routes.js:24:79
    at paramCallback (D:\TaskPro\BackEnd\node_modules\router\index.js:649:19)
    at param (D:\TaskPro\BackEnd\node_modules\router\index.js:629:5)
    at processParams (D:\TaskPro\BackEnd\node_modules\router\index.js:664:3)
    at next (D:\TaskPro\BackEnd\node_modules\router\index.js:291:5)
    at authenticate (D:\TaskPro\BackEnd\src\middlewares\authMiddleware.js:44:5)
[2026-10-01 23:30:17] ERROR: PUT /api/notifications/2147483647/read - Notification not found 
Error: Notification not found
    at Object.markAsRead (D:\TaskPro\BackEnd\src\modules\community\notification.service.js:57:11)
    at async D:\TaskPro\BackEnd\src\modules\community\notification.controller.js:31:24
[2026-10-01 23:30:23] ERROR: POST /api/chat - User not found 
Error: User not found
    at Object.getOrCreateConversation (D:\TaskPro\BackEnd\src\modules\community\chat.service.js:75:42)
    at async D:\TaskPro\BackEnd\src\modules\community\chat.controller.js:19:24
[2026-10-01 23:31:37] ERROR: POST /api/chat - Invalid ID 
Error: Invalid ID
    at id (D:\TaskPro\BackEnd\src\modules\community\validation.js:6:11)
    at Object.getOrCreateConversation (D:\TaskPro\BackEnd\src\modules\community\chat.service.js:72:18)
    at D:\TaskPro\BackEnd\src\modules\community\chat.controller.js:19:42
    at D:\TaskPro\BackEnd\src\utils\catchAsync.js:9:25
    at Layer.handleRequest (D:\TaskPro\BackEnd\node_modules\router\lib\layer.js:152:17)
    at next (D:\TaskPro\BackEnd\node_modules\router\lib\route.js:157:13)
    at Route.dispatch (D:\TaskPro\BackEnd\node_modules\router\lib\route.js:117:3)
    at handle (D:\TaskPro\BackEnd\node_modules\router\index.js:435:11)
    at Layer.handleRequest (D:\TaskPro\BackEnd\node_modules\router\lib\layer.js:152:17)
    at D:\TaskPro\BackEnd\node_modules\router\index.js:295:15
[2026-10-01 23:31:37] ERROR: POST /api/chat - Invalid ID 
Error: Invalid ID
    at id (D:\TaskPro\BackEnd\src\modules\community\validation.js:6:11)
    at validateIds (D:\TaskPro\BackEnd\src\modules\community\validation.js:17:68)
    at Layer.handleRequest (D:\TaskPro\BackEnd\node_modules\router\lib\layer.js:152:17)
    at trimPrefix (D:\TaskPro\BackEnd\node_modules\router\index.js:342:13)
    at D:\TaskPro\BackEnd\node_modules\router\index.js:297:9
    at processParams (D:\TaskPro\BackEnd\node_modules\router\index.js:582:12)
    at next (D:\TaskPro\BackEnd\node_modules\router\index.js:291:5)
    at authenticate (D:\TaskPro\BackEnd\src\middlewares\authMiddleware.js:44:5)
[2026-10-01 23:31:37] ERROR: POST /api/chat - Invalid ID 
Error: Invalid ID
    at id (D:\TaskPro\BackEnd\src\modules\community\validation.js:6:11)
    at validateIds (D:\TaskPro\BackEnd\src\modules\community\validation.js:17:68)
    at Layer.handleRequest (D:\TaskPro\BackEnd\node_modules\router\lib\layer.js:152:17)
    at trimPrefix (D:\TaskPro\BackEnd\node_modules\router\index.js:342:13)
    at D:\TaskPro\BackEnd\node_modules\router\index.js:297:9
    at processParams (D:\TaskPro\BackEnd\node_modules\router\index.js:582:12)
    at next (D:\TaskPro\BackEnd\node_modules\router\index.js:291:5)
    at authenticate (D:\TaskPro\BackEnd\src\middlewares\authMiddleware.js:44:5)
[2026-10-01 23:31:37] ERROR: POST /api/chat - Invalid ID 
Error: Invalid ID
    at id (D:\TaskPro\BackEnd\src\modules\community\validation.js:6:11)
    at validateIds (D:\TaskPro\BackEnd\src\modules\community\validation.js:17:68)
    at Layer.handleRequest (D:\TaskPro\BackEnd\node_modules\router\lib\layer.js:152:17)
    at trimPrefix (D:\TaskPro\BackEnd\node_modules\router\index.js:342:13)
    at D:\TaskPro\BackEnd\node_modules\router\index.js:297:9
    at processParams (D:\TaskPro\BackEnd\node_modules\router\index.js:582:12)
    at next (D:\TaskPro\BackEnd\node_modules\router\index.js:291:5)
    at authenticate (D:\TaskPro\BackEnd\src\middlewares\authMiddleware.js:44:5)
[2026-10-01 23:31:37] ERROR: POST /api/chat - Invalid ID 
Error: Invalid ID
    at id (D:\TaskPro\BackEnd\src\modules\community\validation.js:6:11)
    at validateIds (D:\TaskPro\BackEnd\src\modules\community\validation.js:17:68)
    at Layer.handleRequest (D:\TaskPro\BackEnd\node_modules\router\lib\layer.js:152:17)
    at trimPrefix (D:\TaskPro\BackEnd\node_modules\router\index.js:342:13)
    at D:\TaskPro\BackEnd\node_modules\router\index.js:297:9
    at processParams (D:\TaskPro\BackEnd\node_modules\router\index.js:582:12)
    at next (D:\TaskPro\BackEnd\node_modules\router\index.js:291:5)
    at authenticate (D:\TaskPro\BackEnd\src\middlewares\authMiddleware.js:44:5)
[2026-10-01 23:31:37] ERROR: POST /api/chat - Invalid ID 
Error: Invalid ID
    at id (D:\TaskPro\BackEnd\src\modules\community\validation.js:6:11)
    at validateIds (D:\TaskPro\BackEnd\src\modules\community\validation.js:17:68)
    at Layer.handleRequest (D:\TaskPro\BackEnd\node_modules\router\lib\layer.js:152:17)
    at trimPrefix (D:\TaskPro\BackEnd\node_modules\router\index.js:342:13)
    at D:\TaskPro\BackEnd\node_modules\router\index.js:297:9
    at processParams (D:\TaskPro\BackEnd\node_modules\router\index.js:582:12)
    at next (D:\TaskPro\BackEnd\node_modules\router\index.js:291:5)
    at authenticate (D:\TaskPro\BackEnd\src\middlewares\authMiddleware.js:44:5)
[2026-10-01 23:31:37] ERROR: POST /api/chat - Invalid ID 
Error: Invalid ID
    at id (D:\TaskPro\BackEnd\src\modules\community\validation.js:6:11)
    at validateIds (D:\TaskPro\BackEnd\src\modules\community\validation.js:17:68)
    at Layer.handleRequest (D:\TaskPro\BackEnd\node_modules\router\lib\layer.js:152:17)
    at trimPrefix (D:\TaskPro\BackEnd\node_modules\router\index.js:342:13)
    at D:\TaskPro\BackEnd\node_modules\router\index.js:297:9
    at processParams (D:\TaskPro\BackEnd\node_modules\router\index.js:582:12)
    at next (D:\TaskPro\BackEnd\node_modules\router\index.js:291:5)
    at authenticate (D:\TaskPro\BackEnd\src\middlewares\authMiddleware.js:44:5)
[2026-10-01 23:31:37] ERROR: POST /api/chat - Cannot chat with yourself 
Error: Cannot chat with yourself
    at Object.getOrCreateConversation (D:\TaskPro\BackEnd\src\modules\community\chat.service.js:73:38)
    at D:\TaskPro\BackEnd\src\modules\community\chat.controller.js:19:42
    at D:\TaskPro\BackEnd\src\utils\catchAsync.js:9:25
    at Layer.handleRequest (D:\TaskPro\BackEnd\node_modules\router\lib\layer.js:152:17)
    at next (D:\TaskPro\BackEnd\node_modules\router\lib\route.js:157:13)
    at Route.dispatch (D:\TaskPro\BackEnd\node_modules\router\lib\route.js:117:3)
    at handle (D:\TaskPro\BackEnd\node_modules\router\index.js:435:11)
    at Layer.handleRequest (D:\TaskPro\BackEnd\node_modules\router\lib\layer.js:152:17)
    at D:\TaskPro\BackEnd\node_modules\router\index.js:295:15
    at processParams (D:\TaskPro\BackEnd\node_modules\router\index.js:582:12)
[2026-10-01 23:31:37] ERROR: POST /api/chat - User not found 
Error: User not found
    at Object.getOrCreateConversation (D:\TaskPro\BackEnd\src\modules\community\chat.service.js:75:42)
    at async D:\TaskPro\BackEnd\src\modules\community\chat.controller.js:19:24
[2026-10-01 23:31:38] ERROR: GET /api/chat/24/messages - Not authorized to view this conversation 
Error: Not authorized to view this conversation
    at Object.getMessages (D:\TaskPro\BackEnd\src\modules\community\chat.service.js:134:11)
    at async D:\TaskPro\BackEnd\src\modules\community\chat.controller.js:30:20
[2026-10-01 23:31:38] ERROR: POST /api/chat/24/messages - Not part of this conversation 
Error: Not part of this conversation
    at Object.sendMessage (D:\TaskPro\BackEnd\src\modules\community\chat.service.js:166:11)
    at async D:\TaskPro\BackEnd\src\modules\community\chat.controller.js:39:19
[2026-10-01 23:31:38] ERROR: DELETE /api/chat/24/messages - Access denied 
Error: Access denied
    at requireParticipant (D:\TaskPro\BackEnd\src\modules\community\chat.service.js:8:27)
    at async Object.clearConversation (D:\TaskPro\BackEnd\src\modules\community\chat.service.js:379:3)
    at async D:\TaskPro\BackEnd\src\modules\community\chat.controller.js:124:3
[2026-10-01 23:31:38] ERROR: DELETE /api/chat/24 - Access denied 
Error: Access denied
    at requireParticipant (D:\TaskPro\BackEnd\src\modules\community\chat.service.js:8:27)
    at async Object.deleteConversation (D:\TaskPro\BackEnd\src\modules\community\chat.service.js:367:3)
    at async D:\TaskPro\BackEnd\src\modules\community\chat.controller.js:117:3
[2026-10-01 23:31:38] ERROR: POST /api/chat/24/messages - Text must not be empty 
Error: Text must not be empty
    at text (D:\TaskPro\BackEnd\src\modules\community\validation.js:11:57)
    at validateIds (D:\TaskPro\BackEnd\src\modules\community\validation.js:22:42)
    at Layer.handleRequest (D:\TaskPro\BackEnd\node_modules\router\lib\layer.js:152:17)
    at trimPrefix (D:\TaskPro\BackEnd\node_modules\router\index.js:342:13)
    at D:\TaskPro\BackEnd\node_modules\router\index.js:297:9
    at processParams (D:\TaskPro\BackEnd\node_modules\router\index.js:582:12)
    at next (D:\TaskPro\BackEnd\node_modules\router\index.js:291:5)
    at authenticate (D:\TaskPro\BackEnd\src\middlewares\authMiddleware.js:44:5)
[2026-10-01 23:31:38] ERROR: GET /api/chat/abc/messages - Invalid ID 
Error: Invalid ID
    at Object.id (D:\TaskPro\BackEnd\src\modules\community\validation.js:6:11)
    at D:\TaskPro\BackEnd\src\modules\community\chat.routes.js:29:79
    at paramCallback (D:\TaskPro\BackEnd\node_modules\router\index.js:649:19)
    at param (D:\TaskPro\BackEnd\node_modules\router\index.js:629:5)
    at processParams (D:\TaskPro\BackEnd\node_modules\router\index.js:664:3)
    at next (D:\TaskPro\BackEnd\node_modules\router\index.js:291:5)
    at validateIds (D:\TaskPro\BackEnd\src\modules\community\validation.js:24:5)
    at Layer.handleRequest (D:\TaskPro\BackEnd\node_modules\router\lib\layer.js:152:17)
    at trimPrefix (D:\TaskPro\BackEnd\node_modules\router\index.js:342:13)
    at D:\TaskPro\BackEnd\node_modules\router\index.js:297:9
[2026-10-01 23:31:38] ERROR: GET /api/chat/2147483647/messages - Conversation not found 
Error: Conversation not found
    at Object.getMessages (D:\TaskPro\BackEnd\src\modules\community\chat.service.js:125:83)
    at async D:\TaskPro\BackEnd\src\modules\community\chat.controller.js:30:20
[2026-10-01 23:31:38] ERROR: POST /api/chat/workspaces - Text must not be empty 
Error: Text must not be empty
    at text (D:\TaskPro\BackEnd\src\modules\community\validation.js:11:57)
    at validateIds (D:\TaskPro\BackEnd\src\modules\community\validation.js:22:42)
    at Layer.handleRequest (D:\TaskPro\BackEnd\node_modules\router\lib\layer.js:152:17)
    at trimPrefix (D:\TaskPro\BackEnd\node_modules\router\index.js:342:13)
    at D:\TaskPro\BackEnd\node_modules\router\index.js:297:9
    at processParams (D:\TaskPro\BackEnd\node_modules\router\index.js:582:12)
    at next (D:\TaskPro\BackEnd\node_modules\router\index.js:291:5)
    at authenticate (D:\TaskPro\BackEnd\src\middlewares\authMiddleware.js:44:5)
[2026-10-01 23:31:38] ERROR: GET /api/chat/channels/29/messages - Access denied 
Error: Access denied
    at authorizeChannel (D:\TaskPro\BackEnd\src\modules\community\chat.service.js:22:82)
    at async Object.getChannelMessages (D:\TaskPro\BackEnd\src\modules\community\chat.service.js:233:3)
    at async D:\TaskPro\BackEnd\src\modules\community\chat.controller.js:57:20
[2026-10-01 23:31:38] ERROR: POST /api/chat/channels/29/messages - Access denied 
Error: Access denied
    at authorizeChannel (D:\TaskPro\BackEnd\src\modules\community\chat.service.js:22:82)
    at async Object.sendChannelMessage (D:\TaskPro\BackEnd\src\modules\community\chat.service.js:266:3)
    at async D:\TaskPro\BackEnd\src\modules\community\chat.controller.js:66:19
[2026-10-01 23:31:38] ERROR: PUT /api/chat/workspaces/15 - You are not authorized to edit this group 
Error: You are not authorized to edit this group
    at Object.updateWorkspace (D:\TaskPro\BackEnd\src\modules\community\chat.service.js:328:11)
    at async D:\TaskPro\BackEnd\src\modules\community\chat.controller.js:95:23
[2026-10-01 23:31:38] ERROR: POST /api/chat/workspaces/15/members - Access denied 
Error: Access denied
    at Object.authorizeWorkspaceManager (D:\TaskPro\BackEnd\src\modules\community\chat.service.js:14:63)
    at async D:\TaskPro\BackEnd\src\modules\community\chat.controller.js:102:3
[2026-10-01 23:31:38] ERROR: POST /api/chat/workspaces/15/members - User not found 
Error: User not found
    at Object.addWorkspaceMember (D:\TaskPro\BackEnd\src\modules\community\chat.service.js:349:50)
    at async D:\TaskPro\BackEnd\src\modules\community\chat.controller.js:103:18
[2026-10-01 23:31:38] ERROR: POST /api/chat/workspaces/15/members - Invalid ID 
Error: Invalid ID
    at Object.id (D:\TaskPro\BackEnd\src\modules\community\validation.js:6:11)
    at D:\TaskPro\BackEnd\src\modules\community\chat.controller.js:103:92
[2026-10-01 23:31:38] ERROR: POST /api/chat/workspaces/join - Workspace not found 
Error: Workspace not found
    at Object.addWorkspaceMember (D:\TaskPro\BackEnd\src\modules\community\chat.service.js:344:25)
    at async D:\TaskPro\BackEnd\src\modules\community\chat.controller.js:110:18
[2026-10-01 23:31:38] ERROR: POST /api/chat/workspaces/join - Invalid ID 
Error: Invalid ID
    at Object.id (D:\TaskPro\BackEnd\src\modules\community\validation.js:6:11)
    at D:\TaskPro\BackEnd\src\modules\community\chat.controller.js:108:47
    at D:\TaskPro\BackEnd\src\utils\catchAsync.js:9:25
    at Layer.handleRequest (D:\TaskPro\BackEnd\node_modules\router\lib\layer.js:152:17)
    at next (D:\TaskPro\BackEnd\node_modules\router\lib\route.js:157:13)
    at Route.dispatch (D:\TaskPro\BackEnd\node_modules\router\lib\route.js:117:3)
    at handle (D:\TaskPro\BackEnd\node_modules\router\index.js:435:11)
    at Layer.handleRequest (D:\TaskPro\BackEnd\node_modules\router\lib\layer.js:152:17)
    at D:\TaskPro\BackEnd\node_modules\router\index.js:295:15
    at processParams (D:\TaskPro\BackEnd\node_modules\router\index.js:582:12)
[2026-10-01 23:31:38] ERROR: POST /api/chat/channels/29/messages - Text must not be empty 
Error: Text must not be empty
    at text (D:\TaskPro\BackEnd\src\modules\community\validation.js:11:57)
    at validateIds (D:\TaskPro\BackEnd\src\modules\community\validation.js:22:42)
    at Layer.handleRequest (D:\TaskPro\BackEnd\node_modules\router\lib\layer.js:152:17)
    at trimPrefix (D:\TaskPro\BackEnd\node_modules\router\index.js:342:13)
    at D:\TaskPro\BackEnd\node_modules\router\index.js:297:9
    at processParams (D:\TaskPro\BackEnd\node_modules\router\index.js:582:12)
    at next (D:\TaskPro\BackEnd\node_modules\router\index.js:291:5)
    at authenticate (D:\TaskPro\BackEnd\src\middlewares\authMiddleware.js:44:5)
[2026-10-01 23:31:38] ERROR: GET /api/chat/channels/29/messages?cursor=abc - Invalid ID 
Error: Invalid ID
    at id (D:\TaskPro\BackEnd\src\modules\community\validation.js:6:11)
    at validateIds (D:\TaskPro\BackEnd\src\modules\community\validation.js:19:41)
    at Layer.handleRequest (D:\TaskPro\BackEnd\node_modules\router\lib\layer.js:152:17)
    at trimPrefix (D:\TaskPro\BackEnd\node_modules\router\index.js:342:13)
    at D:\TaskPro\BackEnd\node_modules\router\index.js:297:9
    at processParams (D:\TaskPro\BackEnd\node_modules\router\index.js:582:12)
    at next (D:\TaskPro\BackEnd\node_modules\router\index.js:291:5)
    at authenticate (D:\TaskPro\BackEnd\src\middlewares\authMiddleware.js:44:5)
[2026-10-01 23:31:38] ERROR: GET /api/chat/channels/29/messages?cursor=356 - Invalid channel cursor 
Error: Invalid channel cursor
    at Object.getChannelMessages (D:\TaskPro\BackEnd\src\modules\community\chat.service.js:249:58)
    at async D:\TaskPro\BackEnd\src\modules\community\chat.controller.js:57:20
[2026-10-01 23:31:38] ERROR: POST /api/chat/channels/29/messages - Invalid message type 
Error: Invalid message type
    at Object.sendChannelMessage (D:\TaskPro\BackEnd\src\modules\community\chat.service.js:267:61)
    at async D:\TaskPro\BackEnd\src\modules\community\chat.controller.js:66:19
[2026-10-01 23:31:38] ERROR: GET /api/chat/channels/2147483647/messages - Channel not found 
Error: Channel not found
    at authorizeChannel (D:\TaskPro\BackEnd\src\modules\community\chat.service.js:20:23)
    at async Object.getChannelMessages (D:\TaskPro\BackEnd\src\modules\community\chat.service.js:233:3)
    at async D:\TaskPro\BackEnd\src\modules\community\chat.controller.js:57:20
[2026-10-01 23:31:39] ERROR: PUT /api/discussions/21 - You can only edit your own discussions 
Error: You can only edit your own discussions
    at Object.updateDiscussion (D:\TaskPro\BackEnd\src\modules\community\discussion.service.js:167:11)
    at async D:\TaskPro\BackEnd\src\modules\community\discussion.controller.js:45:22
[2026-10-01 23:31:39] ERROR: DELETE /api/discussions/21 - You can only delete your own discussions 
Error: You can only delete your own discussions
    at Object.deleteDiscussion (D:\TaskPro\BackEnd\src\modules\community\discussion.service.js:199:11)
    at async D:\TaskPro\BackEnd\src\modules\community\discussion.controller.js:54:18
[2026-10-01 23:31:39] ERROR: PUT /api/discussions/21/resolve - Only the author can mark discussions as resolved 
Error: Only the author can mark discussions as resolved
    at Object.toggleResolved (D:\TaskPro\BackEnd\src\modules\community\discussion.service.js:219:11)
    at async D:\TaskPro\BackEnd\src\modules\community\discussion.controller.js:63:22
[2026-10-01 23:31:39] ERROR: POST /api/discussions/21/replies - Text must not be empty 
Error: Text must not be empty
    at text (D:\TaskPro\BackEnd\src\modules\community\validation.js:11:57)
    at validateIds (D:\TaskPro\BackEnd\src\modules\community\validation.js:22:42)
    at Layer.handleRequest (D:\TaskPro\BackEnd\node_modules\router\lib\layer.js:152:17)
    at trimPrefix (D:\TaskPro\BackEnd\node_modules\router\index.js:342:13)
    at D:\TaskPro\BackEnd\node_modules\router\index.js:297:9
    at processParams (D:\TaskPro\BackEnd\node_modules\router\index.js:582:12)
    at next (D:\TaskPro\BackEnd\node_modules\router\index.js:291:5)
    at authenticate (D:\TaskPro\BackEnd\src\middlewares\authMiddleware.js:44:5)
[2026-10-01 23:31:39] ERROR: POST /api/discussions/22/replies - Parent reply not found in this discussion 
Error: Parent reply not found in this discussion
    at Object.createReply (D:\TaskPro\BackEnd\src\modules\community\discussion.service.js:261:13)
    at async D:\TaskPro\BackEnd\src\modules\community\discussion.controller.js:79:17
[2026-10-01 23:31:39] ERROR: PUT /api/discussions/replies/21 - You can only edit your own replies 
Error: You can only edit your own replies
    at Object.updateReply (D:\TaskPro\BackEnd\src\modules\community\discussion.service.js:296:11)
    at async D:\TaskPro\BackEnd\src\modules\community\discussion.controller.js:88:17
[2026-10-01 23:31:39] ERROR: DELETE /api/discussions/replies/21 - You can only delete your own replies 
Error: You can only delete your own replies
    at Object.deleteReply (D:\TaskPro\BackEnd\src\modules\community\discussion.service.js:325:11)
    at async D:\TaskPro\BackEnd\src\modules\community\discussion.controller.js:97:18
[2026-10-01 23:31:39] ERROR: GET /api/discussions/abc - Invalid ID 
Error: Invalid ID
    at Object.id (D:\TaskPro\BackEnd\src\modules\community\validation.js:6:11)
    at D:\TaskPro\BackEnd\src\modules\community\discussion.routes.js:29:86
    at paramCallback (D:\TaskPro\BackEnd\node_modules\router\index.js:649:19)
    at param (D:\TaskPro\BackEnd\node_modules\router\index.js:629:5)
    at processParams (D:\TaskPro\BackEnd\node_modules\router\index.js:664:3)
    at next (D:\TaskPro\BackEnd\node_modules\router\index.js:291:5)
    at validateIds (D:\TaskPro\BackEnd\src\modules\community\validation.js:24:5)
    at Layer.handleRequest (D:\TaskPro\BackEnd\node_modules\router\lib\layer.js:152:17)
    at trimPrefix (D:\TaskPro\BackEnd\node_modules\router\index.js:342:13)
    at D:\TaskPro\BackEnd\node_modules\router\index.js:297:9
[2026-10-01 23:31:39] ERROR: GET /api/discussions?problemId=abc - Invalid ID 
Error: Invalid ID
    at id (D:\TaskPro\BackEnd\src\modules\community\validation.js:6:11)
    at validateIds (D:\TaskPro\BackEnd\src\modules\community\validation.js:20:44)
    at Layer.handleRequest (D:\TaskPro\BackEnd\node_modules\router\lib\layer.js:152:17)
    at trimPrefix (D:\TaskPro\BackEnd\node_modules\router\index.js:342:13)
    at D:\TaskPro\BackEnd\node_modules\router\index.js:297:9
    at processParams (D:\TaskPro\BackEnd\node_modules\router\index.js:582:12)
    at next (D:\TaskPro\BackEnd\node_modules\router\index.js:291:5)
    at authenticate (D:\TaskPro\BackEnd\src\middlewares\authMiddleware.js:44:5)
[2026-10-01 23:31:39] ERROR: PUT /api/discussions/replies/2147483647 - Reply not found 
Error: Reply not found
    at Object.updateReply (D:\TaskPro\BackEnd\src\modules\community\discussion.service.js:292:11)
    at async D:\TaskPro\BackEnd\src\modules\community\discussion.controller.js:88:17
[2026-10-01 23:31:39] ERROR: GET /api/discussions/2147483647 - Discussion not found 
Error: Discussion not found
    at Object.getDiscussionById (D:\TaskPro\BackEnd\src\modules\community\discussion.service.js:151:11)
    at async D:\TaskPro\BackEnd\src\modules\community\discussion.controller.js:38:22
[2026-10-01 23:31:39] ERROR: GET /api/discussions/21 - Discussion not found 
Error: Discussion not found
    at Object.getDiscussionById (D:\TaskPro\BackEnd\src\modules\community\discussion.service.js:151:11)
    at async D:\TaskPro\BackEnd\src\modules\community\discussion.controller.js:38:22
[2026-10-01 23:31:40] ERROR: PUT /api/notifications/95/read - Access denied 
Error: Access denied
    at Object.markAsRead (D:\TaskPro\BackEnd\src\modules\community\notification.service.js:61:11)
    at async D:\TaskPro\BackEnd\src\modules\community\notification.controller.js:31:24
[2026-10-01 23:31:40] ERROR: DELETE /api/notifications/95 - Access denied 
Error: Access denied
    at Object.deleteNotification (D:\TaskPro\BackEnd\src\modules\community\notification.service.js:89:11)
    at async D:\TaskPro\BackEnd\src\modules\community\notification.controller.js:44:18
[2026-10-01 23:31:40] ERROR: DELETE /api/notifications/95 - Notification not found 
Error: Notification not found
    at Object.deleteNotification (D:\TaskPro\BackEnd\src\modules\community\notification.service.js:85:11)
    at async D:\TaskPro\BackEnd\src\modules\community\notification.controller.js:44:18
[2026-10-01 23:31:40] ERROR: PUT /api/notifications/abc/read - Invalid ID 
Error: Invalid ID
    at Object.id (D:\TaskPro\BackEnd\src\modules\community\validation.js:6:11)
    at D:\TaskPro\BackEnd\src\modules\community\notification.routes.js:24:79
    at paramCallback (D:\TaskPro\BackEnd\node_modules\router\index.js:649:19)
    at param (D:\TaskPro\BackEnd\node_modules\router\index.js:629:5)
    at processParams (D:\TaskPro\BackEnd\node_modules\router\index.js:664:3)
    at next (D:\TaskPro\BackEnd\node_modules\router\index.js:291:5)
    at authenticate (D:\TaskPro\BackEnd\src\middlewares\authMiddleware.js:44:5)
[2026-10-01 23:31:40] ERROR: PUT /api/notifications/2147483647/read - Notification not found 
Error: Notification not found
    at Object.markAsRead (D:\TaskPro\BackEnd\src\modules\community\notification.service.js:57:11)
    at async D:\TaskPro\BackEnd\src\modules\community\notification.controller.js:31:24
[2026-10-01 23:31:45] ERROR: POST /api/chat - User not found 
Error: User not found
    at Object.getOrCreateConversation (D:\TaskPro\BackEnd\src\modules\community\chat.service.js:75:42)
    at async D:\TaskPro\BackEnd\src\modules\community\chat.controller.js:19:24
