[2026-10-02 07:32:38] ERROR: POST /api/chat - Invalid ID 
Error: Invalid ID
    at id (D:\TaskPro\BackEnd\src\modules\community\validation.js:6:11)
    at Object.getOrCreateConversation (D:\TaskPro\BackEnd\src\modules\community\chat.service.js:72:18)
    at D:\TaskPro\BackEnd\src\modules\community\chat.controller.js:19:42
    at D:\TaskPro\BackEnd\src\utils\catchAsync.js:9:25
    at Layer.handleRequest (D:\TaskPro\BackEnd\node_modules\router\lib\layer.js:152:17)
    at next (D:\TaskPro\BackEnd\node_modules\router\lib\route.js:157:13)
    at Route.dispatch (D:\TaskPro\BackEnd\node_modules\router\lib\route.js:117:3)
    at handle (D:\TaskPro\BackEnd\node_modules\router\index.js:435:11)
    at Layer.handleRequest (D:\TaskPro\BackEnd\node_modules\router\lib\layer.js:152:17)
    at D:\TaskPro\BackEnd\node_modules\router\index.js:295:15
[2026-10-02 07:32:38] ERROR: POST /api/chat - Invalid ID 
Error: Invalid ID
    at id (D:\TaskPro\BackEnd\src\modules\community\validation.js:6:11)
    at validateIds (D:\TaskPro\BackEnd\src\modules\community\validation.js:17:68)
    at Layer.handleRequest (D:\TaskPro\BackEnd\node_modules\router\lib\layer.js:152:17)
    at trimPrefix (D:\TaskPro\BackEnd\node_modules\router\index.js:342:13)
    at D:\TaskPro\BackEnd\node_modules\router\index.js:297:9
    at processParams (D:\TaskPro\BackEnd\node_modules\router\index.js:582:12)
    at next (D:\TaskPro\BackEnd\node_modules\router\index.js:291:5)
    at authenticate (D:\TaskPro\BackEnd\src\middlewares\authMiddleware.js:44:5)
[2026-10-02 07:32:38] ERROR: POST /api/chat - Invalid ID 
Error: Invalid ID
    at id (D:\TaskPro\BackEnd\src\modules\community\validation.js:6:11)
    at validateIds (D:\TaskPro\BackEnd\src\modules\community\validation.js:17:68)
    at Layer.handleRequest (D:\TaskPro\BackEnd\node_modules\router\lib\layer.js:152:17)
    at trimPrefix (D:\TaskPro\BackEnd\node_modules\router\index.js:342:13)
    at D:\TaskPro\BackEnd\node_modules\router\index.js:297:9
    at processParams (D:\TaskPro\BackEnd\node_modules\router\index.js:582:12)
    at next (D:\TaskPro\BackEnd\node_modules\router\index.js:291:5)
    at authenticate (D:\TaskPro\BackEnd\src\middlewares\authMiddleware.js:44:5)
[2026-10-02 07:32:38] ERROR: POST /api/chat - Invalid ID 
Error: Invalid ID
    at id (D:\TaskPro\BackEnd\src\modules\community\validation.js:6:11)
    at validateIds (D:\TaskPro\BackEnd\src\modules\community\validation.js:17:68)
    at Layer.handleRequest (D:\TaskPro\BackEnd\node_modules\router\lib\layer.js:152:17)
    at trimPrefix (D:\TaskPro\BackEnd\node_modules\router\index.js:342:13)
    at D:\TaskPro\BackEnd\node_modules\router\index.js:297:9
    at processParams (D:\TaskPro\BackEnd\node_modules\router\index.js:582:12)
    at next (D:\TaskPro\BackEnd\node_modules\router\index.js:291:5)
    at authenticate (D:\TaskPro\BackEnd\src\middlewares\authMiddleware.js:44:5)
[2026-10-02 07:32:38] ERROR: POST /api/chat - Invalid ID 
Error: Invalid ID
    at id (D:\TaskPro\BackEnd\src\modules\community\validation.js:6:11)
    at validateIds (D:\TaskPro\BackEnd\src\modules\community\validation.js:17:68)
    at Layer.handleRequest (D:\TaskPro\BackEnd\node_modules\router\lib\layer.js:152:17)
    at trimPrefix (D:\TaskPro\BackEnd\node_modules\router\index.js:342:13)
    at D:\TaskPro\BackEnd\node_modules\router\index.js:297:9
    at processParams (D:\TaskPro\BackEnd\node_modules\router\index.js:582:12)
    at next (D:\TaskPro\BackEnd\node_modules\router\index.js:291:5)
    at authenticate (D:\TaskPro\BackEnd\src\middlewares\authMiddleware.js:44:5)
[2026-10-02 07:32:38] ERROR: POST /api/chat - Invalid ID 
Error: Invalid ID
    at id (D:\TaskPro\BackEnd\src\modules\community\validation.js:6:11)
    at validateIds (D:\TaskPro\BackEnd\src\modules\community\validation.js:17:68)
    at Layer.handleRequest (D:\TaskPro\BackEnd\node_modules\router\lib\layer.js:152:17)
    at trimPrefix (D:\TaskPro\BackEnd\node_modules\router\index.js:342:13)
    at D:\TaskPro\BackEnd\node_modules\router\index.js:297:9
    at processParams (D:\TaskPro\BackEnd\node_modules\router\index.js:582:12)
    at next (D:\TaskPro\BackEnd\node_modules\router\index.js:291:5)
    at authenticate (D:\TaskPro\BackEnd\src\middlewares\authMiddleware.js:44:5)
[2026-10-02 07:32:38] ERROR: POST /api/chat - Invalid ID 
Error: Invalid ID
    at id (D:\TaskPro\BackEnd\src\modules\community\validation.js:6:11)
    at validateIds (D:\TaskPro\BackEnd\src\modules\community\validation.js:17:68)
    at Layer.handleRequest (D:\TaskPro\BackEnd\node_modules\router\lib\layer.js:152:17)
    at trimPrefix (D:\TaskPro\BackEnd\node_modules\router\index.js:342:13)
    at D:\TaskPro\BackEnd\node_modules\router\index.js:297:9
    at processParams (D:\TaskPro\BackEnd\node_modules\router\index.js:582:12)
    at next (D:\TaskPro\BackEnd\node_modules\router\index.js:291:5)
    at authenticate (D:\TaskPro\BackEnd\src\middlewares\authMiddleware.js:44:5)
[2026-10-02 07:32:38] ERROR: POST /api/chat - Cannot chat with yourself 
Error: Cannot chat with yourself
    at Object.getOrCreateConversation (D:\TaskPro\BackEnd\src\modules\community\chat.service.js:73:38)
    at D:\TaskPro\BackEnd\src\modules\community\chat.controller.js:19:42
    at D:\TaskPro\BackEnd\src\utils\catchAsync.js:9:25
    at Layer.handleRequest (D:\TaskPro\BackEnd\node_modules\router\lib\layer.js:152:17)
    at next (D:\TaskPro\BackEnd\node_modules\router\lib\route.js:157:13)
    at Route.dispatch (D:\TaskPro\BackEnd\node_modules\router\lib\route.js:117:3)
    at handle (D:\TaskPro\BackEnd\node_modules\router\index.js:435:11)
    at Layer.handleRequest (D:\TaskPro\BackEnd\node_modules\router\lib\layer.js:152:17)
    at D:\TaskPro\BackEnd\node_modules\router\index.js:295:15
    at processParams (D:\TaskPro\BackEnd\node_modules\router\index.js:582:12)
[2026-10-02 07:32:38] ERROR: POST /api/chat - User not found 
Error: User not found
    at Object.getOrCreateConversation (D:\TaskPro\BackEnd\src\modules\community\chat.service.js:75:42)
    at async D:\TaskPro\BackEnd\src\modules\community\chat.controller.js:19:24
[2026-10-02 07:32:38] ERROR: GET /api/chat/26/messages - Not authorized to view this conversation 
Error: Not authorized to view this conversation
    at Object.getMessages (D:\TaskPro\BackEnd\src\modules\community\chat.service.js:134:11)
    at async D:\TaskPro\BackEnd\src\modules\community\chat.controller.js:30:20
[2026-10-02 07:32:38] ERROR: POST /api/chat/26/messages - Not part of this conversation 
Error: Not part of this conversation
    at Object.sendMessage (D:\TaskPro\BackEnd\src\modules\community\chat.service.js:166:11)
    at async D:\TaskPro\BackEnd\src\modules\community\chat.controller.js:39:19
[2026-10-02 07:32:38] ERROR: DELETE /api/chat/26/messages - Access denied 
Error: Access denied
    at requireParticipant (D:\TaskPro\BackEnd\src\modules\community\chat.service.js:8:27)
    at async Object.clearConversation (D:\TaskPro\BackEnd\src\modules\community\chat.service.js:379:3)
    at async D:\TaskPro\BackEnd\src\modules\community\chat.controller.js:124:3
[2026-10-02 07:32:38] ERROR: DELETE /api/chat/26 - Access denied 
Error: Access denied
    at requireParticipant (D:\TaskPro\BackEnd\src\modules\community\chat.service.js:8:27)
    at async Object.deleteConversation (D:\TaskPro\BackEnd\src\modules\community\chat.service.js:367:3)
    at async D:\TaskPro\BackEnd\src\modules\community\chat.controller.js:117:3
[2026-10-02 07:32:38] ERROR: POST /api/chat/26/messages - Text must not be empty 
Error: Text must not be empty
    at text (D:\TaskPro\BackEnd\src\modules\community\validation.js:11:57)
    at validateIds (D:\TaskPro\BackEnd\src\modules\community\validation.js:22:42)
    at Layer.handleRequest (D:\TaskPro\BackEnd\node_modules\router\lib\layer.js:152:17)
    at trimPrefix (D:\TaskPro\BackEnd\node_modules\router\index.js:342:13)
    at D:\TaskPro\BackEnd\node_modules\router\index.js:297:9
    at processParams (D:\TaskPro\BackEnd\node_modules\router\index.js:582:12)
    at next (D:\TaskPro\BackEnd\node_modules\router\index.js:291:5)
    at authenticate (D:\TaskPro\BackEnd\src\middlewares\authMiddleware.js:44:5)
[2026-10-02 07:32:38] ERROR: GET /api/chat/abc/messages - Invalid ID 
Error: Invalid ID
    at Object.id (D:\TaskPro\BackEnd\src\modules\community\validation.js:6:11)
    at D:\TaskPro\BackEnd\src\modules\community\chat.routes.js:29:79
    at paramCallback (D:\TaskPro\BackEnd\node_modules\router\index.js:649:19)
    at param (D:\TaskPro\BackEnd\node_modules\router\index.js:629:5)
    at processParams (D:\TaskPro\BackEnd\node_modules\router\index.js:664:3)
    at next (D:\TaskPro\BackEnd\node_modules\router\index.js:291:5)
    at validateIds (D:\TaskPro\BackEnd\src\modules\community\validation.js:24:5)
    at Layer.handleRequest (D:\TaskPro\BackEnd\node_modules\router\lib\layer.js:152:17)
    at trimPrefix (D:\TaskPro\BackEnd\node_modules\router\index.js:342:13)
    at D:\TaskPro\BackEnd\node_modules\router\index.js:297:9
[2026-10-02 07:32:38] ERROR: GET /api/chat/2147483647/messages - Conversation not found 
Error: Conversation not found
    at Object.getMessages (D:\TaskPro\BackEnd\src\modules\community\chat.service.js:125:83)
    at async D:\TaskPro\BackEnd\src\modules\community\chat.controller.js:30:20
[2026-10-02 07:32:38] ERROR: POST /api/chat/workspaces - Text must not be empty 
Error: Text must not be empty
    at text (D:\TaskPro\BackEnd\src\modules\community\validation.js:11:57)
    at validateIds (D:\TaskPro\BackEnd\src\modules\community\validation.js:22:42)
    at Layer.handleRequest (D:\TaskPro\BackEnd\node_modules\router\lib\layer.js:152:17)
    at trimPrefix (D:\TaskPro\BackEnd\node_modules\router\index.js:342:13)
    at D:\TaskPro\BackEnd\node_modules\router\index.js:297:9
    at processParams (D:\TaskPro\BackEnd\node_modules\router\index.js:582:12)
    at next (D:\TaskPro\BackEnd\node_modules\router\index.js:291:5)
    at authenticate (D:\TaskPro\BackEnd\src\middlewares\authMiddleware.js:44:5)
[2026-10-02 07:32:38] ERROR: GET /api/chat/channels/33/messages - Access denied 
Error: Access denied
    at authorizeChannel (D:\TaskPro\BackEnd\src\modules\community\chat.service.js:22:82)
    at async Object.getChannelMessages (D:\TaskPro\BackEnd\src\modules\community\chat.service.js:233:3)
    at async D:\TaskPro\BackEnd\src\modules\community\chat.controller.js:57:20
[2026-10-02 07:32:38] ERROR: POST /api/chat/channels/33/messages - Access denied 
Error: Access denied
    at authorizeChannel (D:\TaskPro\BackEnd\src\modules\community\chat.service.js:22:82)
    at async Object.sendChannelMessage (D:\TaskPro\BackEnd\src\modules\community\chat.service.js:266:3)
    at async D:\TaskPro\BackEnd\src\modules\community\chat.controller.js:66:19
[2026-10-02 07:32:38] ERROR: PUT /api/chat/workspaces/17 - You are not authorized to edit this group 
Error: You are not authorized to edit this group
    at Object.updateWorkspace (D:\TaskPro\BackEnd\src\modules\community\chat.service.js:328:11)
    at async D:\TaskPro\BackEnd\src\modules\community\chat.controller.js:95:23
[2026-10-02 07:32:38] ERROR: POST /api/chat/workspaces/17/members - Access denied 
Error: Access denied
    at Object.authorizeWorkspaceManager (D:\TaskPro\BackEnd\src\modules\community\chat.service.js:14:63)
    at async D:\TaskPro\BackEnd\src\modules\community\chat.controller.js:102:3
[2026-10-02 07:32:38] ERROR: POST /api/chat/workspaces/17/members - User not found 
Error: User not found
    at Object.addWorkspaceMember (D:\TaskPro\BackEnd\src\modules\community\chat.service.js:349:50)
    at async D:\TaskPro\BackEnd\src\modules\community\chat.controller.js:103:18
[2026-10-02 07:32:38] ERROR: POST /api/chat/workspaces/17/members - Invalid ID 
Error: Invalid ID
    at Object.id (D:\TaskPro\BackEnd\src\modules\community\validation.js:6:11)
    at D:\TaskPro\BackEnd\src\modules\community\chat.controller.js:103:92
[2026-10-02 07:32:38] ERROR: POST /api/chat/workspaces/join - Workspace not found 
Error: Workspace not found
    at Object.addWorkspaceMember (D:\TaskPro\BackEnd\src\modules\community\chat.service.js:344:25)
    at async D:\TaskPro\BackEnd\src\modules\community\chat.controller.js:110:18
[2026-10-02 07:32:38] ERROR: POST /api/chat/workspaces/join - Invalid ID 
Error: Invalid ID
    at Object.id (D:\TaskPro\BackEnd\src\modules\community\validation.js:6:11)
    at D:\TaskPro\BackEnd\src\modules\community\chat.controller.js:108:47
    at D:\TaskPro\BackEnd\src\utils\catchAsync.js:9:25
    at Layer.handleRequest (D:\TaskPro\BackEnd\node_modules\router\lib\layer.js:152:17)
    at next (D:\TaskPro\BackEnd\node_modules\router\lib\route.js:157:13)
    at Route.dispatch (D:\TaskPro\BackEnd\node_modules\router\lib\route.js:117:3)
    at handle (D:\TaskPro\BackEnd\node_modules\router\index.js:435:11)
    at Layer.handleRequest (D:\TaskPro\BackEnd\node_modules\router\lib\layer.js:152:17)
    at D:\TaskPro\BackEnd\node_modules\router\index.js:295:15
    at processParams (D:\TaskPro\BackEnd\node_modules\router\index.js:582:12)
[2026-10-02 07:32:38] ERROR: POST /api/chat/channels/33/messages - Text must not be empty 
Error: Text must not be empty
    at text (D:\TaskPro\BackEnd\src\modules\community\validation.js:11:57)
    at validateIds (D:\TaskPro\BackEnd\src\modules\community\validation.js:22:42)
    at Layer.handleRequest (D:\TaskPro\BackEnd\node_modules\router\lib\layer.js:152:17)
    at trimPrefix (D:\TaskPro\BackEnd\node_modules\router\index.js:342:13)
    at D:\TaskPro\BackEnd\node_modules\router\index.js:297:9
    at processParams (D:\TaskPro\BackEnd\node_modules\router\index.js:582:12)
    at next (D:\TaskPro\BackEnd\node_modules\router\index.js:291:5)
    at authenticate (D:\TaskPro\BackEnd\src\middlewares\authMiddleware.js:44:5)
[2026-10-02 07:32:38] ERROR: GET /api/chat/channels/33/messages?cursor=abc - Invalid ID 
Error: Invalid ID
    at id (D:\TaskPro\BackEnd\src\modules\community\validation.js:6:11)
    at validateIds (D:\TaskPro\BackEnd\src\modules\community\validation.js:19:41)
    at Layer.handleRequest (D:\TaskPro\BackEnd\node_modules\router\lib\layer.js:152:17)
    at trimPrefix (D:\TaskPro\BackEnd\node_modules\router\index.js:342:13)
    at D:\TaskPro\BackEnd\node_modules\router\index.js:297:9
    at processParams (D:\TaskPro\BackEnd\node_modules\router\index.js:582:12)
    at next (D:\TaskPro\BackEnd\node_modules\router\index.js:291:5)
    at authenticate (D:\TaskPro\BackEnd\src\middlewares\authMiddleware.js:44:5)
[2026-10-02 07:32:38] ERROR: GET /api/chat/channels/33/messages?cursor=416 - Invalid channel cursor 
Error: Invalid channel cursor
    at Object.getChannelMessages (D:\TaskPro\BackEnd\src\modules\community\chat.service.js:249:58)
    at async D:\TaskPro\BackEnd\src\modules\community\chat.controller.js:57:20
[2026-10-02 07:32:38] ERROR: POST /api/chat/channels/33/messages - Invalid message type 
Error: Invalid message type
    at Object.sendChannelMessage (D:\TaskPro\BackEnd\src\modules\community\chat.service.js:267:61)
    at async D:\TaskPro\BackEnd\src\modules\community\chat.controller.js:66:19
[2026-10-02 07:32:38] ERROR: GET /api/chat/channels/2147483647/messages - Channel not found 
Error: Channel not found
    at authorizeChannel (D:\TaskPro\BackEnd\src\modules\community\chat.service.js:20:23)
    at async Object.getChannelMessages (D:\TaskPro\BackEnd\src\modules\community\chat.service.js:233:3)
    at async D:\TaskPro\BackEnd\src\modules\community\chat.controller.js:57:20
[2026-10-02 07:32:39] ERROR: PUT /api/discussions/23 - You can only edit your own discussions 
Error: You can only edit your own discussions
    at Object.updateDiscussion (D:\TaskPro\BackEnd\src\modules\community\discussion.service.js:167:11)
    at async D:\TaskPro\BackEnd\src\modules\community\discussion.controller.js:45:22
[2026-10-02 07:32:39] ERROR: DELETE /api/discussions/23 - You can only delete your own discussions 
Error: You can only delete your own discussions
    at Object.deleteDiscussion (D:\TaskPro\BackEnd\src\modules\community\discussion.service.js:199:11)
    at async D:\TaskPro\BackEnd\src\modules\community\discussion.controller.js:54:18
[2026-10-02 07:32:39] ERROR: PUT /api/discussions/23/resolve - Only the author can mark discussions as resolved 
Error: Only the author can mark discussions as resolved
    at Object.toggleResolved (D:\TaskPro\BackEnd\src\modules\community\discussion.service.js:219:11)
    at async D:\TaskPro\BackEnd\src\modules\community\discussion.controller.js:63:22
[2026-10-02 07:32:39] ERROR: POST /api/discussions/23/replies - Text must not be empty 
Error: Text must not be empty
    at text (D:\TaskPro\BackEnd\src\modules\community\validation.js:11:57)
    at validateIds (D:\TaskPro\BackEnd\src\modules\community\validation.js:22:42)
    at Layer.handleRequest (D:\TaskPro\BackEnd\node_modules\router\lib\layer.js:152:17)
    at trimPrefix (D:\TaskPro\BackEnd\node_modules\router\index.js:342:13)
    at D:\TaskPro\BackEnd\node_modules\router\index.js:297:9
    at processParams (D:\TaskPro\BackEnd\node_modules\router\index.js:582:12)
    at next (D:\TaskPro\BackEnd\node_modules\router\index.js:291:5)
    at authenticate (D:\TaskPro\BackEnd\src\middlewares\authMiddleware.js:44:5)
[2026-10-02 07:32:39] ERROR: POST /api/discussions/24/replies - Parent reply not found in this discussion 
Error: Parent reply not found in this discussion
    at Object.createReply (D:\TaskPro\BackEnd\src\modules\community\discussion.service.js:261:13)
    at async D:\TaskPro\BackEnd\src\modules\community\discussion.controller.js:79:17
[2026-10-02 07:32:39] ERROR: PUT /api/discussions/replies/23 - You can only edit your own replies 
Error: You can only edit your own replies
    at Object.updateReply (D:\TaskPro\BackEnd\src\modules\community\discussion.service.js:296:11)
    at async D:\TaskPro\BackEnd\src\modules\community\discussion.controller.js:88:17
[2026-10-02 07:32:39] ERROR: DELETE /api/discussions/replies/23 - You can only delete your own replies 
Error: You can only delete your own replies
    at Object.deleteReply (D:\TaskPro\BackEnd\src\modules\community\discussion.service.js:325:11)
    at async D:\TaskPro\BackEnd\src\modules\community\discussion.controller.js:97:18
[2026-10-02 07:32:39] ERROR: GET /api/discussions/abc - Invalid ID 
Error: Invalid ID
    at Object.id (D:\TaskPro\BackEnd\src\modules\community\validation.js:6:11)
    at D:\TaskPro\BackEnd\src\modules\community\discussion.routes.js:29:86
    at paramCallback (D:\TaskPro\BackEnd\node_modules\router\index.js:649:19)
    at param (D:\TaskPro\BackEnd\node_modules\router\index.js:629:5)
    at processParams (D:\TaskPro\BackEnd\node_modules\router\index.js:664:3)
    at next (D:\TaskPro\BackEnd\node_modules\router\index.js:291:5)
    at validateIds (D:\TaskPro\BackEnd\src\modules\community\validation.js:24:5)
    at Layer.handleRequest (D:\TaskPro\BackEnd\node_modules\router\lib\layer.js:152:17)
    at trimPrefix (D:\TaskPro\BackEnd\node_modules\router\index.js:342:13)
    at D:\TaskPro\BackEnd\node_modules\router\index.js:297:9
[2026-10-02 07:32:39] ERROR: GET /api/discussions?problemId=abc - Invalid ID 
Error: Invalid ID
    at id (D:\TaskPro\BackEnd\src\modules\community\validation.js:6:11)
    at validateIds (D:\TaskPro\BackEnd\src\modules\community\validation.js:20:44)
    at Layer.handleRequest (D:\TaskPro\BackEnd\node_modules\router\lib\layer.js:152:17)
    at trimPrefix (D:\TaskPro\BackEnd\node_modules\router\index.js:342:13)
    at D:\TaskPro\BackEnd\node_modules\router\index.js:297:9
    at processParams (D:\TaskPro\BackEnd\node_modules\router\index.js:582:12)
    at next (D:\TaskPro\BackEnd\node_modules\router\index.js:291:5)
    at authenticate (D:\TaskPro\BackEnd\src\middlewares\authMiddleware.js:44:5)
[2026-10-02 07:32:39] ERROR: PUT /api/discussions/replies/2147483647 - Reply not found 
Error: Reply not found
    at Object.updateReply (D:\TaskPro\BackEnd\src\modules\community\discussion.service.js:292:11)
    at async D:\TaskPro\BackEnd\src\modules\community\discussion.controller.js:88:17
[2026-10-02 07:32:39] ERROR: GET /api/discussions/2147483647 - Discussion not found 
Error: Discussion not found
    at Object.getDiscussionById (D:\TaskPro\BackEnd\src\modules\community\discussion.service.js:151:11)
    at async D:\TaskPro\BackEnd\src\modules\community\discussion.controller.js:38:22
[2026-10-02 07:32:39] ERROR: GET /api/discussions/23 - Discussion not found 
Error: Discussion not found
    at Object.getDiscussionById (D:\TaskPro\BackEnd\src\modules\community\discussion.service.js:151:11)
    at async D:\TaskPro\BackEnd\src\modules\community\discussion.controller.js:38:22
[2026-10-02 07:32:39] ERROR: PUT /api/notifications/102/read - Access denied 
Error: Access denied
    at Object.markAsRead (D:\TaskPro\BackEnd\src\modules\community\notification.service.js:61:11)
    at async D:\TaskPro\BackEnd\src\modules\community\notification.controller.js:31:24
[2026-10-02 07:32:39] ERROR: DELETE /api/notifications/102 - Access denied 
Error: Access denied
    at Object.deleteNotification (D:\TaskPro\BackEnd\src\modules\community\notification.service.js:89:11)
    at async D:\TaskPro\BackEnd\src\modules\community\notification.controller.js:44:18
[2026-10-02 07:32:39] ERROR: DELETE /api/notifications/102 - Notification not found 
Error: Notification not found
    at Object.deleteNotification (D:\TaskPro\BackEnd\src\modules\community\notification.service.js:85:11)
    at async D:\TaskPro\BackEnd\src\modules\community\notification.controller.js:44:18
[2026-10-02 07:32:40] ERROR: PUT /api/notifications/abc/read - Invalid ID 
Error: Invalid ID
    at Object.id (D:\TaskPro\BackEnd\src\modules\community\validation.js:6:11)
    at D:\TaskPro\BackEnd\src\modules\community\notification.routes.js:24:79
    at paramCallback (D:\TaskPro\BackEnd\node_modules\router\index.js:649:19)
    at param (D:\TaskPro\BackEnd\node_modules\router\index.js:629:5)
    at processParams (D:\TaskPro\BackEnd\node_modules\router\index.js:664:3)
    at next (D:\TaskPro\BackEnd\node_modules\router\index.js:291:5)
    at authenticate (D:\TaskPro\BackEnd\src\middlewares\authMiddleware.js:44:5)
[2026-10-02 07:32:40] ERROR: PUT /api/notifications/2147483647/read - Notification not found 
Error: Notification not found
    at Object.markAsRead (D:\TaskPro\BackEnd\src\modules\community\notification.service.js:57:11)
    at async D:\TaskPro\BackEnd\src\modules\community\notification.controller.js:31:24
[2026-10-02 07:32:50] ERROR: POST /api/chat - User not found 
Error: User not found
    at Object.getOrCreateConversation (D:\TaskPro\BackEnd\src\modules\community\chat.service.js:75:42)
    at async D:\TaskPro\BackEnd\src\modules\community\chat.controller.js:19:24
[2026-10-02 07:35:11] ERROR: POST /api/auth/login - Invalid email or password 
Error: Invalid email or password
    at authError (D:\TaskPro\BackEnd\src\modules\auth\auth.service.js:5:64)
    at Object.loginUser (D:\TaskPro\BackEnd\src\modules\auth\auth.service.js:166:11)
    at async D:\TaskPro\BackEnd\src\modules\auth\auth.controller.js:16:18
[2026-10-02 07:35:11] ERROR: PUT /api/auth/profile - Full name is required 
Error: Full name is required
    at authError (D:\TaskPro\BackEnd\src\modules\auth\auth.service.js:5:64)
    at Object.updateProfile (D:\TaskPro\BackEnd\src\modules\auth\auth.service.js:237:124)
    at D:\TaskPro\BackEnd\src\modules\auth\auth.controller.js:26:34
    at D:\TaskPro\BackEnd\src\utils\catchAsync.js:9:25
    at Layer.handleRequest (D:\TaskPro\BackEnd\node_modules\router\lib\layer.js:152:17)
    at next (D:\TaskPro\BackEnd\node_modules\router\lib\route.js:157:13)
    at authenticate (D:\TaskPro\BackEnd\src\middlewares\authMiddleware.js:44:5)
[2026-10-02 07:35:11] ERROR: PUT /api/auth/profile - Invalid email address 
Error: Invalid email address
    at authError (D:\TaskPro\BackEnd\src\modules\auth\auth.service.js:5:64)
    at Object.updateProfile (D:\TaskPro\BackEnd\src\modules\auth\auth.service.js:239:116)
    at D:\TaskPro\BackEnd\src\modules\auth\auth.controller.js:26:34
    at D:\TaskPro\BackEnd\src\utils\catchAsync.js:9:25
    at Layer.handleRequest (D:\TaskPro\BackEnd\node_modules\router\lib\layer.js:152:17)
    at next (D:\TaskPro\BackEnd\node_modules\router\lib\route.js:157:13)
    at authenticate (D:\TaskPro\BackEnd\src\middlewares\authMiddleware.js:44:5)
[2026-10-02 07:35:11] ERROR: PUT /api/auth/profile - Email is already in use by another account 
Error: Email is already in use by another account
    at authError (D:\TaskPro\BackEnd\src\modules\auth\auth.service.js:5:64)
    at Object.updateProfile (D:\TaskPro\BackEnd\src\modules\auth\auth.service.js:258:13)
    at async D:\TaskPro\BackEnd\src\modules\auth\auth.controller.js:26:16
[2026-10-02 07:35:11] ERROR: PUT /api/auth/change-password - Current password is incorrect 
Error: Current password is incorrect
    at authError (D:\TaskPro\BackEnd\src\modules\auth\auth.service.js:5:64)
    at Object.changePassword (D:\TaskPro\BackEnd\src\modules\auth\auth.service.js:309:11)
    at async D:\TaskPro\BackEnd\src\modules\auth\auth.controller.js:72:18
[2026-10-02 07:35:11] ERROR: PUT /api/auth/change-password - Current password and a new password of at least 8 characters are required 
Error: Current password and a new password of at least 8 characters are required
    at authError (D:\TaskPro\BackEnd\src\modules\auth\auth.service.js:5:64)
    at Object.changePassword (D:\TaskPro\BackEnd\src\modules\auth\auth.service.js:298:111)
    at D:\TaskPro\BackEnd\src\modules\auth\auth.controller.js:72:36
    at D:\TaskPro\BackEnd\src\utils\catchAsync.js:9:25
    at Layer.handleRequest (D:\TaskPro\BackEnd\node_modules\router\lib\layer.js:152:17)
    at next (D:\TaskPro\BackEnd\node_modules\router\lib\route.js:157:13)
    at authenticate (D:\TaskPro\BackEnd\src\middlewares\authMiddleware.js:44:5)
[2026-10-02 07:35:11] ERROR: POST /api/auth/register - Public registration is only available for student accounts 
Error: Public registration is only available for student accounts
    at authError (D:\TaskPro\BackEnd\src\modules\auth\auth.service.js:5:64)
    at Object.registerUser (D:\TaskPro\BackEnd\src\modules\auth\auth.service.js:45:94)
    at async D:\TaskPro\BackEnd\src\modules\auth\auth.controller.js:8:18
[2026-10-02 07:35:11] ERROR: POST /api/auth/register - Invalid OTP provided 
Error: Invalid OTP provided
    at authError (D:\TaskPro\BackEnd\src\modules\auth\auth.service.js:5:64)
    at Object.registerUser (D:\TaskPro\BackEnd\src\modules\auth\auth.service.js:66:11)
    at async D:\TaskPro\BackEnd\src\modules\auth\auth.controller.js:8:18
[2026-10-02 07:35:11] ERROR: POST /api/auth/register - OTP not requested or expired 
Error: OTP not requested or expired
    at authError (D:\TaskPro\BackEnd\src\modules\auth\auth.service.js:5:64)
    at Object.registerUser (D:\TaskPro\BackEnd\src\modules\auth\auth.service.js:55:11)
    at async D:\TaskPro\BackEnd\src\modules\auth\auth.controller.js:8:18
[2026-10-02 07:35:12] ERROR: POST /api/categories - Category name is required 
Error: Category name is required
    at categoryError (D:\TaskPro\BackEnd\src\modules\courses\category.service.js:2:68)
    at validateCategory (D:\TaskPro\BackEnd\src\modules\courses\category.service.js:4:94)
    at Object.createCategory (D:\TaskPro\BackEnd\src\modules\courses\category.service.js:23:3)
    at D:\TaskPro\BackEnd\src\modules\courses\category.controller.js:10:42
    at D:\TaskPro\BackEnd\src\utils\catchAsync.js:9:25
    at Layer.handleRequest (D:\TaskPro\BackEnd\node_modules\router\lib\layer.js:152:17)
    at next (D:\TaskPro\BackEnd\node_modules\router\lib\route.js:157:13)
    at D:\TaskPro\BackEnd\src\middlewares\authMiddleware.js:74:5
    at Layer.handleRequest (D:\TaskPro\BackEnd\node_modules\router\lib\layer.js:152:17)
    at next (D:\TaskPro\BackEnd\node_modules\router\lib\route.js:157:13)
[2026-10-02 07:35:12] ERROR: POST /api/categories - Category with this name already exists 
Error: Category with this name already exists
    at categoryError (D:\TaskPro\BackEnd\src\modules\courses\category.service.js:2:68)
    at Object.createCategory (D:\TaskPro\BackEnd\src\modules\courses\category.service.js:30:11)
    at async D:\TaskPro\BackEnd\src\modules\courses\category.controller.js:10:20
[2026-10-02 07:35:12] ERROR: PUT /api/categories/16 - Category hierarchy cannot contain a cycle 
Error: Category hierarchy cannot contain a cycle
    at categoryError (D:\TaskPro\BackEnd\src\modules\courses\category.service.js:2:68)
    at Object.updateCategory (D:\TaskPro\BackEnd\src\modules\courses\category.service.js:175:83)
    at async D:\TaskPro\BackEnd\src\modules\courses\category.controller.js:33:20
[2026-10-02 07:35:12] ERROR: DELETE /api/categories/16 - Cannot delete category with subcategories. Delete or reassign children first. 
Error: Cannot delete category with subcategories. Delete or reassign children first.
    at categoryError (D:\TaskPro\BackEnd\src\modules\courses\category.service.js:2:68)
    at Object.deleteCategory (D:\TaskPro\BackEnd\src\modules\courses\category.service.js:212:11)
    at async D:\TaskPro\BackEnd\src\modules\courses\category.controller.js:42:18
[2026-10-02 07:35:12] ERROR: GET /api/categories/16 - Category not found 
Error: Category not found
    at categoryError (D:\TaskPro\BackEnd\src\modules\courses\category.service.js:2:68)
    at Object.getCategoryById (D:\TaskPro\BackEnd\src\modules\courses\category.service.js:117:11)
    at async D:\TaskPro\BackEnd\src\modules\courses\category.controller.js:24:20
[2026-10-02 07:35:12] ERROR: POST /api/resources/6/download - 
Invalid `prisma.resource.update()` invocation in
D:\TaskPro\BackEnd\src\modules\courses\resource.service.js:42:34

  39 },
  40 
  41 incrementDownload: async (resourceId) => {
→ 42   return await prisma.resource.update(
An operation failed because it depends on one or more records that were required but not found. No record was found for an update. 
PrismaClientKnownRequestError: 
Invalid `prisma.resource.update()` invocation in
D:\TaskPro\BackEnd\src\modules\courses\resource.service.js:42:34

  39 },
  40 
  41 incrementDownload: async (resourceId) => {
→ 42   return await prisma.resource.update(
An operation failed because it depends on one or more records that were required but not found. No record was found for an update.
    at ei.handleRequestError (D:\TaskPro\BackEnd\node_modules\@prisma\client\runtime\library.js:121:7268)
    at ei.handleAndLogRequestError (D:\TaskPro\BackEnd\node_modules\@prisma\client\runtime\library.js:121:6593)
    at ei.request (D:\TaskPro\BackEnd\node_modules\@prisma\client\runtime\library.js:121:6300)
    at async a (D:\TaskPro\BackEnd\node_modules\@prisma\client\runtime\library.js:130:9551)
    at async Object.incrementDownload (D:\TaskPro\BackEnd\src\modules\courses\resource.service.js:42:12)
    at async D:\TaskPro\BackEnd\src\modules\courses\resource.controller.js:66:22
[2026-10-02 07:35:12] ERROR: POST /api/problems - title is required 
Error: title is required
    at failure (D:\TaskPro\BackEnd\src\modules\practice\practiceValidation.js:2:62)
    at validateProblem (D:\TaskPro\BackEnd\src\modules\practice\practiceValidation.js:20:116)
    at D:\TaskPro\BackEnd\src\modules\practice\codingProblem.controller.js:8:5
    at D:\TaskPro\BackEnd\src\utils\catchAsync.js:9:25
    at Layer.handleRequest (D:\TaskPro\BackEnd\node_modules\router\lib\layer.js:152:17)
    at next (D:\TaskPro\BackEnd\node_modules\router\lib\route.js:157:13)
    at D:\TaskPro\BackEnd\src\middlewares\authMiddleware.js:74:5
    at Layer.handleRequest (D:\TaskPro\BackEnd\node_modules\router\lib\layer.js:152:17)
    at next (D:\TaskPro\BackEnd\node_modules\router\lib\route.js:157:13)
    at Route.dispatch (D:\TaskPro\BackEnd\node_modules\router\lib\route.js:117:3)
[2026-10-02 07:35:12] ERROR: POST /api/coding-submissions/problem/23/run - Code cannot be empty 
Error: Code cannot be empty
    at failure (D:\TaskPro\BackEnd\src\modules\practice\practiceValidation.js:2:62)
    at D:\TaskPro\BackEnd\src\modules\practice\codingSubmission.controller.js:9:83
    at D:\TaskPro\BackEnd\src\utils\catchAsync.js:9:25
    at Layer.handleRequest (D:\TaskPro\BackEnd\node_modules\router\lib\layer.js:152:17)
    at next (D:\TaskPro\BackEnd\node_modules\router\lib\route.js:157:13)
    at Route.dispatch (D:\TaskPro\BackEnd\node_modules\router\lib\route.js:117:3)
    at handle (D:\TaskPro\BackEnd\node_modules\router\index.js:435:11)
    at Layer.handleRequest (D:\TaskPro\BackEnd\node_modules\router\lib\layer.js:152:17)
    at D:\TaskPro\BackEnd\node_modules\router\index.js:295:15
    at param (D:\TaskPro\BackEnd\node_modules\router\index.js:600:14)
[2026-10-02 07:35:12] ERROR: POST /api/coding-submissions/problem/23/submit - Code cannot be empty 
Error: Code cannot be empty
    at failure (D:\TaskPro\BackEnd\src\modules\practice\practiceValidation.js:2:62)
    at D:\TaskPro\BackEnd\src\modules\practice\codingSubmission.controller.js:23:83
    at D:\TaskPro\BackEnd\src\utils\catchAsync.js:9:25
    at Layer.handleRequest (D:\TaskPro\BackEnd\node_modules\router\lib\layer.js:152:17)
    at next (D:\TaskPro\BackEnd\node_modules\router\lib\route.js:157:13)
    at Route.dispatch (D:\TaskPro\BackEnd\node_modules\router\lib\route.js:117:3)
    at handle (D:\TaskPro\BackEnd\node_modules\router\index.js:435:11)
    at Layer.handleRequest (D:\TaskPro\BackEnd\node_modules\router\lib\layer.js:152:17)
    at D:\TaskPro\BackEnd\node_modules\router\index.js:295:15
    at param (D:\TaskPro\BackEnd\node_modules\router\index.js:600:14)
[2026-10-02 07:35:12] ERROR: PUT /api/problems/23 - Only the problem creator or admin can make this change 
Error: Only the problem creator or admin can make this change
    at failure (D:\TaskPro\BackEnd\src\modules\practice\practiceValidation.js:2:62)
    at ownProblem (D:\TaskPro\BackEnd\src\modules\practice\practiceValidation.js:10:73)
    at async D:\TaskPro\BackEnd\src\modules\practice\codingProblem.controller.js:40:5
[2026-10-02 07:35:12] ERROR: PUT /api/problems/23 - Invalid supported languages 
Error: Invalid supported languages
    at failure (D:\TaskPro\BackEnd\src\modules\practice\practiceValidation.js:2:62)
    at validateProblem (D:\TaskPro\BackEnd\src\modules\practice\practiceValidation.js:25:99)
    at D:\TaskPro\BackEnd\src\modules\practice\codingProblem.controller.js:41:5
[2026-10-02 07:35:12] ERROR: POST /api/testcases/problem/23 - Only the problem creator or admin can make this change 
Error: Only the problem creator or admin can make this change
    at failure (D:\TaskPro\BackEnd\src\modules\practice\practiceValidation.js:2:62)
    at ownProblem (D:\TaskPro\BackEnd\src\modules\practice\practiceValidation.js:10:73)
    at async D:\TaskPro\BackEnd\src\modules\practice\testCase.controller.js:14:5
[2026-10-02 07:35:12] ERROR: PUT /api/testcases/54 - Only the problem creator or admin can make this change 
Error: Only the problem creator or admin can make this change
    at failure (D:\TaskPro\BackEnd\src\modules\practice\practiceValidation.js:2:62)
    at ownProblem (D:\TaskPro\BackEnd\src\modules\practice\practiceValidation.js:10:73)
    at async D:\TaskPro\BackEnd\src\modules\practice\testCase.controller.js:29:5
[2026-10-02 07:35:12] ERROR: PUT /api/testcases/54 - isHidden must be boolean 
Error: isHidden must be boolean
    at failure (D:\TaskPro\BackEnd\src\modules\practice\practiceValidation.js:2:62)
    at validateTestCase (D:\TaskPro\BackEnd\src\modules\practice\practiceValidation.js:34:80)
    at D:\TaskPro\BackEnd\src\modules\practice\testCase.controller.js:30:5
[2026-10-02 07:35:12] ERROR: GET /api/coding-submissions/18 - Submission access denied 
Error: Submission access denied
    at failure (D:\TaskPro\BackEnd\src\modules\practice\practiceValidation.js:2:62)
    at D:\TaskPro\BackEnd\src\modules\practice\codingSubmission.controller.js:49:94
[2026-10-02 07:35:12] ERROR: POST /api/coding-submissions/problem/23/run - The code execution service is not configured 
Error: The code execution service is not configured
    at executeCode (D:\TaskPro\BackEnd\src\modules\practice\codeExecution.service.js:6:87)
    at Object.runCode (D:\TaskPro\BackEnd\src\modules\practice\codingSubmission.service.js:123:35)
    at async D:\TaskPro\BackEnd\src\modules\practice\codingSubmission.controller.js:12:20
[2026-10-02 08:04:43] ERROR: POST /api/chat - Invalid ID 
Error: Invalid ID
    at id (D:\TaskPro\BackEnd\src\modules\community\validation.js:6:11)
    at Object.getOrCreateConversation (D:\TaskPro\BackEnd\src\modules\community\chat.service.js:88:18)
    at D:\TaskPro\BackEnd\src\modules\community\chat.controller.js:19:42
    at D:\TaskPro\BackEnd\src\utils\catchAsync.js:9:25
    at Layer.handleRequest (D:\TaskPro\BackEnd\node_modules\router\lib\layer.js:152:17)
    at next (D:\TaskPro\BackEnd\node_modules\router\lib\route.js:157:13)
    at Route.dispatch (D:\TaskPro\BackEnd\node_modules\router\lib\route.js:117:3)
    at handle (D:\TaskPro\BackEnd\node_modules\router\index.js:435:11)
    at Layer.handleRequest (D:\TaskPro\BackEnd\node_modules\router\lib\layer.js:152:17)
    at D:\TaskPro\BackEnd\node_modules\router\index.js:295:15
[2026-10-02 08:04:43] ERROR: POST /api/chat - Invalid ID 
Error: Invalid ID
    at id (D:\TaskPro\BackEnd\src\modules\community\validation.js:6:11)
    at validateIds (D:\TaskPro\BackEnd\src\modules\community\validation.js:17:68)
    at Layer.handleRequest (D:\TaskPro\BackEnd\node_modules\router\lib\layer.js:152:17)
    at trimPrefix (D:\TaskPro\BackEnd\node_modules\router\index.js:342:13)
    at D:\TaskPro\BackEnd\node_modules\router\index.js:297:9
    at processParams (D:\TaskPro\BackEnd\node_modules\router\index.js:582:12)
    at next (D:\TaskPro\BackEnd\node_modules\router\index.js:291:5)
    at authenticate (D:\TaskPro\BackEnd\src\middlewares\authMiddleware.js:44:5)
[2026-10-02 08:04:43] ERROR: POST /api/chat - Invalid ID 
Error: Invalid ID
    at id (D:\TaskPro\BackEnd\src\modules\community\validation.js:6:11)
    at validateIds (D:\TaskPro\BackEnd\src\modules\community\validation.js:17:68)
    at Layer.handleRequest (D:\TaskPro\BackEnd\node_modules\router\lib\layer.js:152:17)
    at trimPrefix (D:\TaskPro\BackEnd\node_modules\router\index.js:342:13)
    at D:\TaskPro\BackEnd\node_modules\router\index.js:297:9
    at processParams (D:\TaskPro\BackEnd\node_modules\router\index.js:582:12)
    at next (D:\TaskPro\BackEnd\node_modules\router\index.js:291:5)
    at authenticate (D:\TaskPro\BackEnd\src\middlewares\authMiddleware.js:44:5)
[2026-10-02 08:04:43] ERROR: POST /api/chat - Invalid ID 
Error: Invalid ID
    at id (D:\TaskPro\BackEnd\src\modules\community\validation.js:6:11)
    at validateIds (D:\TaskPro\BackEnd\src\modules\community\validation.js:17:68)
    at Layer.handleRequest (D:\TaskPro\BackEnd\node_modules\router\lib\layer.js:152:17)
    at trimPrefix (D:\TaskPro\BackEnd\node_modules\router\index.js:342:13)
    at D:\TaskPro\BackEnd\node_modules\router\index.js:297:9
    at processParams (D:\TaskPro\BackEnd\node_modules\router\index.js:582:12)
    at next (D:\TaskPro\BackEnd\node_modules\router\index.js:291:5)
    at authenticate (D:\TaskPro\BackEnd\src\middlewares\authMiddleware.js:44:5)
[2026-10-02 08:04:43] ERROR: POST /api/chat - Invalid ID 
Error: Invalid ID
    at id (D:\TaskPro\BackEnd\src\modules\community\validation.js:6:11)
    at validateIds (D:\TaskPro\BackEnd\src\modules\community\validation.js:17:68)
    at Layer.handleRequest (D:\TaskPro\BackEnd\node_modules\router\lib\layer.js:152:17)
    at trimPrefix (D:\TaskPro\BackEnd\node_modules\router\index.js:342:13)
    at D:\TaskPro\BackEnd\node_modules\router\index.js:297:9
    at processParams (D:\TaskPro\BackEnd\node_modules\router\index.js:582:12)
    at next (D:\TaskPro\BackEnd\node_modules\router\index.js:291:5)
    at authenticate (D:\TaskPro\BackEnd\src\middlewares\authMiddleware.js:44:5)
[2026-10-02 08:04:43] ERROR: POST /api/chat - Invalid ID 
Error: Invalid ID
    at id (D:\TaskPro\BackEnd\src\modules\community\validation.js:6:11)
    at validateIds (D:\TaskPro\BackEnd\src\modules\community\validation.js:17:68)
    at Layer.handleRequest (D:\TaskPro\BackEnd\node_modules\router\lib\layer.js:152:17)
    at trimPrefix (D:\TaskPro\BackEnd\node_modules\router\index.js:342:13)
    at D:\TaskPro\BackEnd\node_modules\router\index.js:297:9
    at processParams (D:\TaskPro\BackEnd\node_modules\router\index.js:582:12)
    at next (D:\TaskPro\BackEnd\node_modules\router\index.js:291:5)
    at authenticate (D:\TaskPro\BackEnd\src\middlewares\authMiddleware.js:44:5)
[2026-10-02 08:04:43] ERROR: POST /api/chat - Invalid ID 
Error: Invalid ID
    at id (D:\TaskPro\BackEnd\src\modules\community\validation.js:6:11)
    at validateIds (D:\TaskPro\BackEnd\src\modules\community\validation.js:17:68)
    at Layer.handleRequest (D:\TaskPro\BackEnd\node_modules\router\lib\layer.js:152:17)
    at trimPrefix (D:\TaskPro\BackEnd\node_modules\router\index.js:342:13)
    at D:\TaskPro\BackEnd\node_modules\router\index.js:297:9
    at processParams (D:\TaskPro\BackEnd\node_modules\router\index.js:582:12)
    at next (D:\TaskPro\BackEnd\node_modules\router\index.js:291:5)
    at authenticate (D:\TaskPro\BackEnd\src\middlewares\authMiddleware.js:44:5)
[2026-10-02 08:04:43] ERROR: POST /api/chat - Cannot chat with yourself 
Error: Cannot chat with yourself
    at Object.getOrCreateConversation (D:\TaskPro\BackEnd\src\modules\community\chat.service.js:89:38)
    at D:\TaskPro\BackEnd\src\modules\community\chat.controller.js:19:42
    at D:\TaskPro\BackEnd\src\utils\catchAsync.js:9:25
    at Layer.handleRequest (D:\TaskPro\BackEnd\node_modules\router\lib\layer.js:152:17)
    at next (D:\TaskPro\BackEnd\node_modules\router\lib\route.js:157:13)
    at Route.dispatch (D:\TaskPro\BackEnd\node_modules\router\lib\route.js:117:3)
    at handle (D:\TaskPro\BackEnd\node_modules\router\index.js:435:11)
    at Layer.handleRequest (D:\TaskPro\BackEnd\node_modules\router\lib\layer.js:152:17)
    at D:\TaskPro\BackEnd\node_modules\router\index.js:295:15
    at processParams (D:\TaskPro\BackEnd\node_modules\router\index.js:582:12)
[2026-10-02 08:04:43] ERROR: POST /api/chat - User not found 
Error: User not found
    at Object.getOrCreateConversation (D:\TaskPro\BackEnd\src\modules\community\chat.service.js:91:42)
    at async D:\TaskPro\BackEnd\src\modules\community\chat.controller.js:19:24
[2026-10-02 08:04:43] ERROR: GET /api/chat/28/messages - Not authorized to view this conversation 
Error: Not authorized to view this conversation
    at Object.getMessages (D:\TaskPro\BackEnd\src\modules\community\chat.service.js:150:11)
    at async D:\TaskPro\BackEnd\src\modules\community\chat.controller.js:30:20
[2026-10-02 08:04:43] ERROR: POST /api/chat/28/messages - Not part of this conversation 
Error: Not part of this conversation
    at Object.sendMessage (D:\TaskPro\BackEnd\src\modules\community\chat.service.js:184:11)
    at async D:\TaskPro\BackEnd\src\modules\community\chat.controller.js:39:19
[2026-10-02 08:04:43] ERROR: DELETE /api/chat/28/messages - Access denied 
Error: Access denied
    at requireParticipant (D:\TaskPro\BackEnd\src\modules\community\chat.service.js:24:27)
    at async Object.clearConversation (D:\TaskPro\BackEnd\src\modules\community\chat.service.js:406:3)
    at async D:\TaskPro\BackEnd\src\modules\community\chat.controller.js:126:3
[2026-10-02 08:04:43] ERROR: DELETE /api/chat/28 - Access denied 
Error: Access denied
    at requireParticipant (D:\TaskPro\BackEnd\src\modules\community\chat.service.js:24:27)
    at async Object.deleteConversation (D:\TaskPro\BackEnd\src\modules\community\chat.service.js:394:3)
    at async D:\TaskPro\BackEnd\src\modules\community\chat.controller.js:119:3
[2026-10-02 08:04:43] ERROR: POST /api/chat/28/messages - Text must not be empty 
Error: Text must not be empty
    at text (D:\TaskPro\BackEnd\src\modules\community\validation.js:11:57)
    at validateIds (D:\TaskPro\BackEnd\src\modules\community\validation.js:22:42)
    at Layer.handleRequest (D:\TaskPro\BackEnd\node_modules\router\lib\layer.js:152:17)
    at trimPrefix (D:\TaskPro\BackEnd\node_modules\router\index.js:342:13)
    at D:\TaskPro\BackEnd\node_modules\router\index.js:297:9
    at processParams (D:\TaskPro\BackEnd\node_modules\router\index.js:582:12)
    at next (D:\TaskPro\BackEnd\node_modules\router\index.js:291:5)
    at authenticate (D:\TaskPro\BackEnd\src\middlewares\authMiddleware.js:44:5)
[2026-10-02 08:04:43] ERROR: GET /api/chat/abc/messages - Invalid ID 
Error: Invalid ID
    at Object.id (D:\TaskPro\BackEnd\src\modules\community\validation.js:6:11)
    at D:\TaskPro\BackEnd\src\modules\community\chat.routes.js:29:79
    at paramCallback (D:\TaskPro\BackEnd\node_modules\router\index.js:649:19)
    at param (D:\TaskPro\BackEnd\node_modules\router\index.js:629:5)
    at processParams (D:\TaskPro\BackEnd\node_modules\router\index.js:664:3)
    at next (D:\TaskPro\BackEnd\node_modules\router\index.js:291:5)
    at validateIds (D:\TaskPro\BackEnd\src\modules\community\validation.js:24:5)
    at Layer.handleRequest (D:\TaskPro\BackEnd\node_modules\router\lib\layer.js:152:17)
    at trimPrefix (D:\TaskPro\BackEnd\node_modules\router\index.js:342:13)
    at D:\TaskPro\BackEnd\node_modules\router\index.js:297:9
[2026-10-02 08:04:43] ERROR: GET /api/chat/2147483647/messages - Conversation not found 
Error: Conversation not found
    at Object.getMessages (D:\TaskPro\BackEnd\src\modules\community\chat.service.js:141:83)
    at async D:\TaskPro\BackEnd\src\modules\community\chat.controller.js:30:20
[2026-10-02 08:04:43] ERROR: POST /api/chat/workspaces - Text must not be empty 
Error: Text must not be empty
    at text (D:\TaskPro\BackEnd\src\modules\community\validation.js:11:57)
    at validateIds (D:\TaskPro\BackEnd\src\modules\community\validation.js:22:42)
    at Layer.handleRequest (D:\TaskPro\BackEnd\node_modules\router\lib\layer.js:152:17)
    at trimPrefix (D:\TaskPro\BackEnd\node_modules\router\index.js:342:13)
    at D:\TaskPro\BackEnd\node_modules\router\index.js:297:9
    at processParams (D:\TaskPro\BackEnd\node_modules\router\index.js:582:12)
    at next (D:\TaskPro\BackEnd\node_modules\router\index.js:291:5)
    at authenticate (D:\TaskPro\BackEnd\src\middlewares\authMiddleware.js:44:5)
[2026-10-02 08:04:43] ERROR: GET /api/chat/channels/37/messages - Access denied 
Error: Access denied
    at authorizeChannel (D:\TaskPro\BackEnd\src\modules\community\chat.service.js:38:82)
    at async Object.getChannelMessages (D:\TaskPro\BackEnd\src\modules\community\chat.service.js:254:3)
    at async D:\TaskPro\BackEnd\src\modules\community\chat.controller.js:58:20
[2026-10-02 08:04:43] ERROR: POST /api/chat/channels/37/messages - Access denied 
Error: Access denied
    at authorizeChannel (D:\TaskPro\BackEnd\src\modules\community\chat.service.js:38:82)
    at async Object.sendChannelMessage (D:\TaskPro\BackEnd\src\modules\community\chat.service.js:289:3)
    at async D:\TaskPro\BackEnd\src\modules\community\chat.controller.js:67:19
[2026-10-02 08:04:43] ERROR: PUT /api/chat/workspaces/19 - You are not authorized to edit this group 
Error: You are not authorized to edit this group
    at Object.updateWorkspace (D:\TaskPro\BackEnd\src\modules\community\chat.service.js:355:11)
    at async D:\TaskPro\BackEnd\src\modules\community\chat.controller.js:97:23
[2026-10-02 08:04:43] ERROR: POST /api/chat/workspaces/19/members - Access denied 
Error: Access denied
    at Object.authorizeWorkspaceManager (D:\TaskPro\BackEnd\src\modules\community\chat.service.js:30:63)
    at async D:\TaskPro\BackEnd\src\modules\community\chat.controller.js:104:3
[2026-10-02 08:04:43] ERROR: POST /api/chat/workspaces/19/members - User not found 
Error: User not found
    at Object.addWorkspaceMember (D:\TaskPro\BackEnd\src\modules\community\chat.service.js:376:50)
    at async D:\TaskPro\BackEnd\src\modules\community\chat.controller.js:105:18
[2026-10-02 08:04:43] ERROR: POST /api/chat/workspaces/19/members - Invalid ID 
Error: Invalid ID
    at Object.id (D:\TaskPro\BackEnd\src\modules\community\validation.js:6:11)
    at D:\TaskPro\BackEnd\src\modules\community\chat.controller.js:105:92
[2026-10-02 08:04:43] ERROR: POST /api/chat/workspaces/join - Workspace not found 
Error: Workspace not found
    at Object.addWorkspaceMember (D:\TaskPro\BackEnd\src\modules\community\chat.service.js:371:25)
    at async D:\TaskPro\BackEnd\src\modules\community\chat.controller.js:112:18
[2026-10-02 08:04:43] ERROR: POST /api/chat/workspaces/join - Invalid ID 
Error: Invalid ID
    at Object.id (D:\TaskPro\BackEnd\src\modules\community\validation.js:6:11)
    at D:\TaskPro\BackEnd\src\modules\community\chat.controller.js:110:47
    at D:\TaskPro\BackEnd\src\utils\catchAsync.js:9:25
    at Layer.handleRequest (D:\TaskPro\BackEnd\node_modules\router\lib\layer.js:152:17)
    at next (D:\TaskPro\BackEnd\node_modules\router\lib\route.js:157:13)
    at Route.dispatch (D:\TaskPro\BackEnd\node_modules\router\lib\route.js:117:3)
    at handle (D:\TaskPro\BackEnd\node_modules\router\index.js:435:11)
    at Layer.handleRequest (D:\TaskPro\BackEnd\node_modules\router\lib\layer.js:152:17)
    at D:\TaskPro\BackEnd\node_modules\router\index.js:295:15
    at processParams (D:\TaskPro\BackEnd\node_modules\router\index.js:582:12)
[2026-10-02 08:04:43] ERROR: POST /api/chat/channels/37/messages - Text must not be empty 
Error: Text must not be empty
    at text (D:\TaskPro\BackEnd\src\modules\community\validation.js:11:57)
    at validateIds (D:\TaskPro\BackEnd\src\modules\community\validation.js:22:42)
    at Layer.handleRequest (D:\TaskPro\BackEnd\node_modules\router\lib\layer.js:152:17)
    at trimPrefix (D:\TaskPro\BackEnd\node_modules\router\index.js:342:13)
    at D:\TaskPro\BackEnd\node_modules\router\index.js:297:9
    at processParams (D:\TaskPro\BackEnd\node_modules\router\index.js:582:12)
    at next (D:\TaskPro\BackEnd\node_modules\router\index.js:291:5)
    at authenticate (D:\TaskPro\BackEnd\src\middlewares\authMiddleware.js:44:5)
[2026-10-02 08:04:43] ERROR: GET /api/chat/channels/37/messages?cursor=abc - Invalid ID 
Error: Invalid ID
    at id (D:\TaskPro\BackEnd\src\modules\community\validation.js:6:11)
    at validateIds (D:\TaskPro\BackEnd\src\modules\community\validation.js:19:41)
    at Layer.handleRequest (D:\TaskPro\BackEnd\node_modules\router\lib\layer.js:152:17)
    at trimPrefix (D:\TaskPro\BackEnd\node_modules\router\index.js:342:13)
    at D:\TaskPro\BackEnd\node_modules\router\index.js:297:9
    at processParams (D:\TaskPro\BackEnd\node_modules\router\index.js:582:12)
    at next (D:\TaskPro\BackEnd\node_modules\router\index.js:291:5)
    at authenticate (D:\TaskPro\BackEnd\src\middlewares\authMiddleware.js:44:5)
[2026-10-02 08:04:43] ERROR: GET /api/chat/channels/37/messages?cursor=476 - Invalid channel cursor 
Error: Invalid channel cursor
    at Object.getChannelMessages (D:\TaskPro\BackEnd\src\modules\community\chat.service.js:271:58)
    at async D:\TaskPro\BackEnd\src\modules\community\chat.controller.js:58:20
[2026-10-02 08:04:43] ERROR: POST /api/chat/channels/37/messages - Invalid message type 
Error: Invalid message type
    at Object.sendChannelMessage (D:\TaskPro\BackEnd\src\modules\community\chat.service.js:291:61)
    at async D:\TaskPro\BackEnd\src\modules\community\chat.controller.js:67:19
[2026-10-02 08:04:43] ERROR: GET /api/chat/channels/2147483647/messages - Channel not found 
Error: Channel not found
    at authorizeChannel (D:\TaskPro\BackEnd\src\modules\community\chat.service.js:36:23)
    at async Object.getChannelMessages (D:\TaskPro\BackEnd\src\modules\community\chat.service.js:254:3)
    at async D:\TaskPro\BackEnd\src\modules\community\chat.controller.js:58:20
[2026-10-02 08:04:43] ERROR: PUT /api/discussions/25 - You can only edit your own discussions 
Error: You can only edit your own discussions
    at Object.updateDiscussion (D:\TaskPro\BackEnd\src\modules\community\discussion.service.js:167:11)
    at async D:\TaskPro\BackEnd\src\modules\community\discussion.controller.js:45:22
[2026-10-02 08:04:43] ERROR: DELETE /api/discussions/25 - You can only delete your own discussions 
Error: You can only delete your own discussions
    at Object.deleteDiscussion (D:\TaskPro\BackEnd\src\modules\community\discussion.service.js:199:11)
    at async D:\TaskPro\BackEnd\src\modules\community\discussion.controller.js:54:18
[2026-10-02 08:04:43] ERROR: PUT /api/discussions/25/resolve - Only the author can mark discussions as resolved 
Error: Only the author can mark discussions as resolved
    at Object.toggleResolved (D:\TaskPro\BackEnd\src\modules\community\discussion.service.js:219:11)
    at async D:\TaskPro\BackEnd\src\modules\community\discussion.controller.js:63:22
[2026-10-02 08:04:43] ERROR: POST /api/discussions/25/replies - Text must not be empty 
Error: Text must not be empty
    at text (D:\TaskPro\BackEnd\src\modules\community\validation.js:11:57)
    at validateIds (D:\TaskPro\BackEnd\src\modules\community\validation.js:22:42)
    at Layer.handleRequest (D:\TaskPro\BackEnd\node_modules\router\lib\layer.js:152:17)
    at trimPrefix (D:\TaskPro\BackEnd\node_modules\router\index.js:342:13)
    at D:\TaskPro\BackEnd\node_modules\router\index.js:297:9
    at processParams (D:\TaskPro\BackEnd\node_modules\router\index.js:582:12)
    at next (D:\TaskPro\BackEnd\node_modules\router\index.js:291:5)
    at authenticate (D:\TaskPro\BackEnd\src\middlewares\authMiddleware.js:44:5)
[2026-10-02 08:04:44] ERROR: POST /api/discussions/26/replies - Parent reply not found in this discussion 
Error: Parent reply not found in this discussion
    at Object.createReply (D:\TaskPro\BackEnd\src\modules\community\discussion.service.js:261:13)
    at async D:\TaskPro\BackEnd\src\modules\community\discussion.controller.js:79:17
[2026-10-02 08:04:44] ERROR: PUT /api/discussions/replies/25 - You can only edit your own replies 
Error: You can only edit your own replies
    at Object.updateReply (D:\TaskPro\BackEnd\src\modules\community\discussion.service.js:296:11)
    at async D:\TaskPro\BackEnd\src\modules\community\discussion.controller.js:88:17
[2026-10-02 08:04:44] ERROR: DELETE /api/discussions/replies/25 - You can only delete your own replies 
Error: You can only delete your own replies
    at Object.deleteReply (D:\TaskPro\BackEnd\src\modules\community\discussion.service.js:325:11)
    at async D:\TaskPro\BackEnd\src\modules\community\discussion.controller.js:97:18
[2026-10-02 08:04:44] ERROR: GET /api/discussions/abc - Invalid ID 
Error: Invalid ID
    at Object.id (D:\TaskPro\BackEnd\src\modules\community\validation.js:6:11)
    at D:\TaskPro\BackEnd\src\modules\community\discussion.routes.js:29:86
    at paramCallback (D:\TaskPro\BackEnd\node_modules\router\index.js:649:19)
    at param (D:\TaskPro\BackEnd\node_modules\router\index.js:629:5)
    at processParams (D:\TaskPro\BackEnd\node_modules\router\index.js:664:3)
    at next (D:\TaskPro\BackEnd\node_modules\router\index.js:291:5)
    at validateIds (D:\TaskPro\BackEnd\src\modules\community\validation.js:24:5)
    at Layer.handleRequest (D:\TaskPro\BackEnd\node_modules\router\lib\layer.js:152:17)
    at trimPrefix (D:\TaskPro\BackEnd\node_modules\router\index.js:342:13)
    at D:\TaskPro\BackEnd\node_modules\router\index.js:297:9
[2026-10-02 08:04:44] ERROR: GET /api/discussions?problemId=abc - Invalid ID 
Error: Invalid ID
    at id (D:\TaskPro\BackEnd\src\modules\community\validation.js:6:11)
    at validateIds (D:\TaskPro\BackEnd\src\modules\community\validation.js:20:44)
    at Layer.handleRequest (D:\TaskPro\BackEnd\node_modules\router\lib\layer.js:152:17)
    at trimPrefix (D:\TaskPro\BackEnd\node_modules\router\index.js:342:13)
    at D:\TaskPro\BackEnd\node_modules\router\index.js:297:9
    at processParams (D:\TaskPro\BackEnd\node_modules\router\index.js:582:12)
    at next (D:\TaskPro\BackEnd\node_modules\router\index.js:291:5)
    at authenticate (D:\TaskPro\BackEnd\src\middlewares\authMiddleware.js:44:5)
[2026-10-02 08:04:44] ERROR: PUT /api/discussions/replies/2147483647 - Reply not found 
Error: Reply not found
    at Object.updateReply (D:\TaskPro\BackEnd\src\modules\community\discussion.service.js:292:11)
    at async D:\TaskPro\BackEnd\src\modules\community\discussion.controller.js:88:17
[2026-10-02 08:04:44] ERROR: GET /api/discussions/2147483647 - Discussion not found 
Error: Discussion not found
    at Object.getDiscussionById (D:\TaskPro\BackEnd\src\modules\community\discussion.service.js:151:11)
    at async D:\TaskPro\BackEnd\src\modules\community\discussion.controller.js:38:22
[2026-10-02 08:04:44] ERROR: GET /api/discussions/25 - Discussion not found 
Error: Discussion not found
    at Object.getDiscussionById (D:\TaskPro\BackEnd\src\modules\community\discussion.service.js:151:11)
    at async D:\TaskPro\BackEnd\src\modules\community\discussion.controller.js:38:22
[2026-10-02 08:04:44] ERROR: PUT /api/notifications/109/read - Access denied 
Error: Access denied
    at Object.markAsRead (D:\TaskPro\BackEnd\src\modules\community\notification.service.js:61:11)
    at async D:\TaskPro\BackEnd\src\modules\community\notification.controller.js:31:24
[2026-10-02 08:04:44] ERROR: DELETE /api/notifications/109 - Access denied 
Error: Access denied
    at Object.deleteNotification (D:\TaskPro\BackEnd\src\modules\community\notification.service.js:89:11)
    at async D:\TaskPro\BackEnd\src\modules\community\notification.controller.js:44:18
[2026-10-02 08:04:44] ERROR: DELETE /api/notifications/109 - Notification not found 
Error: Notification not found
    at Object.deleteNotification (D:\TaskPro\BackEnd\src\modules\community\notification.service.js:85:11)
    at async D:\TaskPro\BackEnd\src\modules\community\notification.controller.js:44:18
[2026-10-02 08:04:44] ERROR: PUT /api/notifications/abc/read - Invalid ID 
Error: Invalid ID
    at Object.id (D:\TaskPro\BackEnd\src\modules\community\validation.js:6:11)
    at D:\TaskPro\BackEnd\src\modules\community\notification.routes.js:24:79
    at paramCallback (D:\TaskPro\BackEnd\node_modules\router\index.js:649:19)
    at param (D:\TaskPro\BackEnd\node_modules\router\index.js:629:5)
    at processParams (D:\TaskPro\BackEnd\node_modules\router\index.js:664:3)
    at next (D:\TaskPro\BackEnd\node_modules\router\index.js:291:5)
    at authenticate (D:\TaskPro\BackEnd\src\middlewares\authMiddleware.js:44:5)
[2026-10-02 08:04:44] ERROR: PUT /api/notifications/2147483647/read - Notification not found 
Error: Notification not found
    at Object.markAsRead (D:\TaskPro\BackEnd\src\modules\community\notification.service.js:57:11)
    at async D:\TaskPro\BackEnd\src\modules\community\notification.controller.js:31:24
[2026-10-02 08:04:51] ERROR: POST /api/chat - User not found 
Error: User not found
    at Object.getOrCreateConversation (D:\TaskPro\BackEnd\src\modules\community\chat.service.js:91:42)
    at async D:\TaskPro\BackEnd\src\modules\community\chat.controller.js:19:24
[2026-10-02 08:09:19] ERROR: POST /api/auth/login - Invalid email or password 
Error: Invalid email or password
    at authError (D:\TaskPro\BackEnd\src\modules\auth\auth.service.js:5:64)
    at Object.loginUser (D:\TaskPro\BackEnd\src\modules\auth\auth.service.js:166:11)
    at async D:\TaskPro\BackEnd\src\modules\auth\auth.controller.js:16:18
[2026-10-02 08:09:19] ERROR: PUT /api/auth/profile - Full name is required 
Error: Full name is required
    at authError (D:\TaskPro\BackEnd\src\modules\auth\auth.service.js:5:64)
    at Object.updateProfile (D:\TaskPro\BackEnd\src\modules\auth\auth.service.js:237:124)
    at D:\TaskPro\BackEnd\src\modules\auth\auth.controller.js:26:34
    at D:\TaskPro\BackEnd\src\utils\catchAsync.js:9:25
    at Layer.handleRequest (D:\TaskPro\BackEnd\node_modules\router\lib\layer.js:152:17)
    at next (D:\TaskPro\BackEnd\node_modules\router\lib\route.js:157:13)
    at authenticate (D:\TaskPro\BackEnd\src\middlewares\authMiddleware.js:44:5)
[2026-10-02 08:09:19] ERROR: PUT /api/auth/profile - Invalid email address 
Error: Invalid email address
    at authError (D:\TaskPro\BackEnd\src\modules\auth\auth.service.js:5:64)
    at Object.updateProfile (D:\TaskPro\BackEnd\src\modules\auth\auth.service.js:239:116)
    at D:\TaskPro\BackEnd\src\modules\auth\auth.controller.js:26:34
    at D:\TaskPro\BackEnd\src\utils\catchAsync.js:9:25
    at Layer.handleRequest (D:\TaskPro\BackEnd\node_modules\router\lib\layer.js:152:17)
    at next (D:\TaskPro\BackEnd\node_modules\router\lib\route.js:157:13)
    at authenticate (D:\TaskPro\BackEnd\src\middlewares\authMiddleware.js:44:5)
[2026-10-02 08:09:19] ERROR: PUT /api/auth/profile - Email is already in use by another account 
Error: Email is already in use by another account
    at authError (D:\TaskPro\BackEnd\src\modules\auth\auth.service.js:5:64)
    at Object.updateProfile (D:\TaskPro\BackEnd\src\modules\auth\auth.service.js:258:13)
    at async D:\TaskPro\BackEnd\src\modules\auth\auth.controller.js:26:16
[2026-10-02 08:09:20] ERROR: PUT /api/auth/change-password - Current password is incorrect 
Error: Current password is incorrect
    at authError (D:\TaskPro\BackEnd\src\modules\auth\auth.service.js:5:64)
    at Object.changePassword (D:\TaskPro\BackEnd\src\modules\auth\auth.service.js:309:11)
    at async D:\TaskPro\BackEnd\src\modules\auth\auth.controller.js:72:18
[2026-10-02 08:09:20] ERROR: PUT /api/auth/change-password - Current password and a new password of at least 8 characters are required 
Error: Current password and a new password of at least 8 characters are required
    at authError (D:\TaskPro\BackEnd\src\modules\auth\auth.service.js:5:64)
    at Object.changePassword (D:\TaskPro\BackEnd\src\modules\auth\auth.service.js:298:111)
    at D:\TaskPro\BackEnd\src\modules\auth\auth.controller.js:72:36
    at D:\TaskPro\BackEnd\src\utils\catchAsync.js:9:25
    at Layer.handleRequest (D:\TaskPro\BackEnd\node_modules\router\lib\layer.js:152:17)
    at next (D:\TaskPro\BackEnd\node_modules\router\lib\route.js:157:13)
    at authenticate (D:\TaskPro\BackEnd\src\middlewares\authMiddleware.js:44:5)
[2026-10-02 08:09:20] ERROR: POST /api/auth/register - Public registration is only available for student accounts 
Error: Public registration is only available for student accounts
    at authError (D:\TaskPro\BackEnd\src\modules\auth\auth.service.js:5:64)
    at Object.registerUser (D:\TaskPro\BackEnd\src\modules\auth\auth.service.js:45:94)
    at async D:\TaskPro\BackEnd\src\modules\auth\auth.controller.js:8:18
[2026-10-02 08:09:20] ERROR: POST /api/auth/register - Invalid OTP provided 
Error: Invalid OTP provided
    at authError (D:\TaskPro\BackEnd\src\modules\auth\auth.service.js:5:64)
    at Object.registerUser (D:\TaskPro\BackEnd\src\modules\auth\auth.service.js:66:11)
    at async D:\TaskPro\BackEnd\src\modules\auth\auth.controller.js:8:18
[2026-10-02 08:09:21] ERROR: POST /api/auth/register - OTP not requested or expired 
Error: OTP not requested or expired
    at authError (D:\TaskPro\BackEnd\src\modules\auth\auth.service.js:5:64)
    at Object.registerUser (D:\TaskPro\BackEnd\src\modules\auth\auth.service.js:55:11)
    at async D:\TaskPro\BackEnd\src\modules\auth\auth.controller.js:8:18
[2026-10-02 08:09:21] ERROR: POST /api/categories - Category name is required 
Error: Category name is required
    at categoryError (D:\TaskPro\BackEnd\src\modules\courses\category.service.js:2:68)
    at validateCategory (D:\TaskPro\BackEnd\src\modules\courses\category.service.js:4:94)
    at Object.createCategory (D:\TaskPro\BackEnd\src\modules\courses\category.service.js:23:3)
    at D:\TaskPro\BackEnd\src\modules\courses\category.controller.js:10:42
    at D:\TaskPro\BackEnd\src\utils\catchAsync.js:9:25
    at Layer.handleRequest (D:\TaskPro\BackEnd\node_modules\router\lib\layer.js:152:17)
    at next (D:\TaskPro\BackEnd\node_modules\router\lib\route.js:157:13)
    at D:\TaskPro\BackEnd\src\middlewares\authMiddleware.js:74:5
    at Layer.handleRequest (D:\TaskPro\BackEnd\node_modules\router\lib\layer.js:152:17)
    at next (D:\TaskPro\BackEnd\node_modules\router\lib\route.js:157:13)
[2026-10-02 08:09:21] ERROR: POST /api/categories - Category with this name already exists 
Error: Category with this name already exists
    at categoryError (D:\TaskPro\BackEnd\src\modules\courses\category.service.js:2:68)
    at Object.createCategory (D:\TaskPro\BackEnd\src\modules\courses\category.service.js:30:11)
    at async D:\TaskPro\BackEnd\src\modules\courses\category.controller.js:10:20
[2026-10-02 08:09:21] ERROR: PUT /api/categories/18 - Category hierarchy cannot contain a cycle 
Error: Category hierarchy cannot contain a cycle
    at categoryError (D:\TaskPro\BackEnd\src\modules\courses\category.service.js:2:68)
    at Object.updateCategory (D:\TaskPro\BackEnd\src\modules\courses\category.service.js:175:83)
    at async D:\TaskPro\BackEnd\src\modules\courses\category.controller.js:33:20
[2026-10-02 08:09:21] ERROR: DELETE /api/categories/18 - Cannot delete category with subcategories. Delete or reassign children first. 
Error: Cannot delete category with subcategories. Delete or reassign children first.
    at categoryError (D:\TaskPro\BackEnd\src\modules\courses\category.service.js:2:68)
    at Object.deleteCategory (D:\TaskPro\BackEnd\src\modules\courses\category.service.js:212:11)
    at async D:\TaskPro\BackEnd\src\modules\courses\category.controller.js:42:18
[2026-10-02 08:09:21] ERROR: GET /api/categories/18 - Category not found 
Error: Category not found
    at categoryError (D:\TaskPro\BackEnd\src\modules\courses\category.service.js:2:68)
    at Object.getCategoryById (D:\TaskPro\BackEnd\src\modules\courses\category.service.js:117:11)
    at async D:\TaskPro\BackEnd\src\modules\courses\category.controller.js:24:20
[2026-10-02 08:09:21] ERROR: POST /api/resources/7/download - 
Invalid `prisma.resource.update()` invocation in
D:\TaskPro\BackEnd\src\modules\courses\resource.service.js:42:34

  39 },
  40 
  41 incrementDownload: async (resourceId) => {
→ 42   return await prisma.resource.update(
An operation failed because it depends on one or more records that were required but not found. No record was found for an update. 
PrismaClientKnownRequestError: 
Invalid `prisma.resource.update()` invocation in
D:\TaskPro\BackEnd\src\modules\courses\resource.service.js:42:34

  39 },
  40 
  41 incrementDownload: async (resourceId) => {
→ 42   return await prisma.resource.update(
An operation failed because it depends on one or more records that were required but not found. No record was found for an update.
    at ei.handleRequestError (D:\TaskPro\BackEnd\node_modules\@prisma\client\runtime\library.js:121:7268)
    at ei.handleAndLogRequestError (D:\TaskPro\BackEnd\node_modules\@prisma\client\runtime\library.js:121:6593)
    at ei.request (D:\TaskPro\BackEnd\node_modules\@prisma\client\runtime\library.js:121:6300)
    at async a (D:\TaskPro\BackEnd\node_modules\@prisma\client\runtime\library.js:130:9551)
    at async Object.incrementDownload (D:\TaskPro\BackEnd\src\modules\courses\resource.service.js:42:12)
    at async D:\TaskPro\BackEnd\src\modules\courses\resource.controller.js:66:22
[2026-10-02 08:09:22] ERROR: POST /api/problems - title is required 
Error: title is required
    at failure (D:\TaskPro\BackEnd\src\modules\practice\practiceValidation.js:2:62)
    at validateProblem (D:\TaskPro\BackEnd\src\modules\practice\practiceValidation.js:20:116)
    at D:\TaskPro\BackEnd\src\modules\practice\codingProblem.controller.js:8:5
    at D:\TaskPro\BackEnd\src\utils\catchAsync.js:9:25
    at Layer.handleRequest (D:\TaskPro\BackEnd\node_modules\router\lib\layer.js:152:17)
    at next (D:\TaskPro\BackEnd\node_modules\router\lib\route.js:157:13)
    at D:\TaskPro\BackEnd\src\middlewares\authMiddleware.js:74:5
    at Layer.handleRequest (D:\TaskPro\BackEnd\node_modules\router\lib\layer.js:152:17)
    at next (D:\TaskPro\BackEnd\node_modules\router\lib\route.js:157:13)
    at Route.dispatch (D:\TaskPro\BackEnd\node_modules\router\lib\route.js:117:3)
[2026-10-02 08:09:22] ERROR: POST /api/coding-submissions/problem/24/run - Code cannot be empty 
Error: Code cannot be empty
    at failure (D:\TaskPro\BackEnd\src\modules\practice\practiceValidation.js:2:62)
    at D:\TaskPro\BackEnd\src\modules\practice\codingSubmission.controller.js:9:83
    at D:\TaskPro\BackEnd\src\utils\catchAsync.js:9:25
    at Layer.handleRequest (D:\TaskPro\BackEnd\node_modules\router\lib\layer.js:152:17)
    at next (D:\TaskPro\BackEnd\node_modules\router\lib\route.js:157:13)
    at Route.dispatch (D:\TaskPro\BackEnd\node_modules\router\lib\route.js:117:3)
    at handle (D:\TaskPro\BackEnd\node_modules\router\index.js:435:11)
    at Layer.handleRequest (D:\TaskPro\BackEnd\node_modules\router\lib\layer.js:152:17)
    at D:\TaskPro\BackEnd\node_modules\router\index.js:295:15
    at param (D:\TaskPro\BackEnd\node_modules\router\index.js:600:14)
[2026-10-02 08:09:22] ERROR: POST /api/coding-submissions/problem/24/submit - Code cannot be empty 
Error: Code cannot be empty
    at failure (D:\TaskPro\BackEnd\src\modules\practice\practiceValidation.js:2:62)
    at D:\TaskPro\BackEnd\src\modules\practice\codingSubmission.controller.js:23:83
    at D:\TaskPro\BackEnd\src\utils\catchAsync.js:9:25
    at Layer.handleRequest (D:\TaskPro\BackEnd\node_modules\router\lib\layer.js:152:17)
    at next (D:\TaskPro\BackEnd\node_modules\router\lib\route.js:157:13)
    at Route.dispatch (D:\TaskPro\BackEnd\node_modules\router\lib\route.js:117:3)
    at handle (D:\TaskPro\BackEnd\node_modules\router\index.js:435:11)
    at Layer.handleRequest (D:\TaskPro\BackEnd\node_modules\router\lib\layer.js:152:17)
    at D:\TaskPro\BackEnd\node_modules\router\index.js:295:15
    at param (D:\TaskPro\BackEnd\node_modules\router\index.js:600:14)
[2026-10-02 08:09:22] ERROR: PUT /api/problems/24 - Only the problem creator or admin can make this change 
Error: Only the problem creator or admin can make this change
    at failure (D:\TaskPro\BackEnd\src\modules\practice\practiceValidation.js:2:62)
    at ownProblem (D:\TaskPro\BackEnd\src\modules\practice\practiceValidation.js:10:73)
    at async D:\TaskPro\BackEnd\src\modules\practice\codingProblem.controller.js:40:5
[2026-10-02 08:09:22] ERROR: PUT /api/problems/24 - Invalid supported languages 
Error: Invalid supported languages
    at failure (D:\TaskPro\BackEnd\src\modules\practice\practiceValidation.js:2:62)
    at validateProblem (D:\TaskPro\BackEnd\src\modules\practice\practiceValidation.js:25:99)
    at D:\TaskPro\BackEnd\src\modules\practice\codingProblem.controller.js:41:5
[2026-10-02 08:09:22] ERROR: POST /api/testcases/problem/24 - Only the problem creator or admin can make this change 
Error: Only the problem creator or admin can make this change
    at failure (D:\TaskPro\BackEnd\src\modules\practice\practiceValidation.js:2:62)
    at ownProblem (D:\TaskPro\BackEnd\src\modules\practice\practiceValidation.js:10:73)
    at async D:\TaskPro\BackEnd\src\modules\practice\testCase.controller.js:14:5
[2026-10-02 08:09:22] ERROR: PUT /api/testcases/57 - Only the problem creator or admin can make this change 
Error: Only the problem creator or admin can make this change
    at failure (D:\TaskPro\BackEnd\src\modules\practice\practiceValidation.js:2:62)
    at ownProblem (D:\TaskPro\BackEnd\src\modules\practice\practiceValidation.js:10:73)
    at async D:\TaskPro\BackEnd\src\modules\practice\testCase.controller.js:29:5
[2026-10-02 08:09:22] ERROR: PUT /api/testcases/57 - isHidden must be boolean 
Error: isHidden must be boolean
    at failure (D:\TaskPro\BackEnd\src\modules\practice\practiceValidation.js:2:62)
    at validateTestCase (D:\TaskPro\BackEnd\src\modules\practice\practiceValidation.js:34:80)
    at D:\TaskPro\BackEnd\src\modules\practice\testCase.controller.js:30:5
[2026-10-02 08:09:22] ERROR: GET /api/coding-submissions/19 - Submission access denied 
Error: Submission access denied
    at failure (D:\TaskPro\BackEnd\src\modules\practice\practiceValidation.js:2:62)
    at D:\TaskPro\BackEnd\src\modules\practice\codingSubmission.controller.js:49:94
[2026-10-02 08:09:22] ERROR: POST /api/coding-submissions/problem/24/run - The code execution service is not configured 
Error: The code execution service is not configured
    at executeCode (D:\TaskPro\BackEnd\src\modules\practice\codeExecution.service.js:6:87)
    at Object.runCode (D:\TaskPro\BackEnd\src\modules\practice\codingSubmission.service.js:123:35)
    at async D:\TaskPro\BackEnd\src\modules\practice\codingSubmission.controller.js:12:20
[2026-10-02 08:10:23] ERROR: POST /api/chat/31/messages - Reply target is unavailable in this chat 
Error: Reply target is unavailable in this chat
    at validateReply (D:\TaskPro\BackEnd\src\modules\community\chat.service.js:16:11)
    at async Object.sendMessage (D:\TaskPro\BackEnd\src\modules\community\chat.service.js:186:15)
    at async D:\TaskPro\BackEnd\src\modules\community\chat.controller.js:39:19
[2026-10-02 08:10:23] ERROR: POST /api/chat/30/messages - Not part of this conversation 
Error: Not part of this conversation
    at Object.sendMessage (D:\TaskPro\BackEnd\src\modules\community\chat.service.js:184:11)
    at async D:\TaskPro\BackEnd\src\modules\community\chat.controller.js:39:19
[2026-10-02 08:10:23] ERROR: POST /api/chat/30/messages - Invalid ID 
Error: Invalid ID
    at id (D:\TaskPro\BackEnd\src\modules\community\validation.js:6:11)
    at validateReply (D:\TaskPro\BackEnd\src\modules\community\chat.service.js:13:15)
    at Object.sendMessage (D:\TaskPro\BackEnd\src\modules\community\chat.service.js:186:21)
    at async D:\TaskPro\BackEnd\src\modules\community\chat.controller.js:39:19
[2026-10-02 08:10:23] ERROR: POST /api/chat/30/messages - Invalid ID 
Error: Invalid ID
    at id (D:\TaskPro\BackEnd\src\modules\community\validation.js:6:11)
    at validateReply (D:\TaskPro\BackEnd\src\modules\community\chat.service.js:13:15)
    at Object.sendMessage (D:\TaskPro\BackEnd\src\modules\community\chat.service.js:186:21)
    at async D:\TaskPro\BackEnd\src\modules\community\chat.controller.js:39:19
[2026-10-02 08:10:23] ERROR: POST /api/chat/30/messages - Invalid ID 
Error: Invalid ID
    at id (D:\TaskPro\BackEnd\src\modules\community\validation.js:6:11)
    at validateReply (D:\TaskPro\BackEnd\src\modules\community\chat.service.js:13:15)
    at Object.sendMessage (D:\TaskPro\BackEnd\src\modules\community\chat.service.js:186:21)
    at async D:\TaskPro\BackEnd\src\modules\community\chat.controller.js:39:19
[2026-10-02 08:10:23] ERROR: POST /api/chat/30/messages - Invalid ID 
Error: Invalid ID
    at id (D:\TaskPro\BackEnd\src\modules\community\validation.js:6:11)
    at validateReply (D:\TaskPro\BackEnd\src\modules\community\chat.service.js:13:15)
    at Object.sendMessage (D:\TaskPro\BackEnd\src\modules\community\chat.service.js:186:21)
    at async D:\TaskPro\BackEnd\src\modules\community\chat.controller.js:39:19
[2026-10-02 08:10:23] ERROR: POST /api/chat/30/messages - Invalid ID 
Error: Invalid ID
    at id (D:\TaskPro\BackEnd\src\modules\community\validation.js:6:11)
    at validateReply (D:\TaskPro\BackEnd\src\modules\community\chat.service.js:13:15)
    at Object.sendMessage (D:\TaskPro\BackEnd\src\modules\community\chat.service.js:186:21)
    at async D:\TaskPro\BackEnd\src\modules\community\chat.controller.js:39:19
[2026-10-02 08:10:23] ERROR: POST /api/chat/30/messages - Reply target is unavailable in this chat 
Error: Reply target is unavailable in this chat
    at validateReply (D:\TaskPro\BackEnd\src\modules\community\chat.service.js:16:11)
    at async Object.sendMessage (D:\TaskPro\BackEnd\src\modules\community\chat.service.js:186:15)
    at async D:\TaskPro\BackEnd\src\modules\community\chat.controller.js:39:19
[2026-10-02 08:10:23] ERROR: POST /api/chat/channels/42/messages - Reply target is unavailable in this chat 
Error: Reply target is unavailable in this chat
    at validateReply (D:\TaskPro\BackEnd\src\modules\community\chat.service.js:16:11)
    at async Object.sendChannelMessage (D:\TaskPro\BackEnd\src\modules\community\chat.service.js:290:15)
    at async D:\TaskPro\BackEnd\src\modules\community\chat.controller.js:67:19
[2026-10-02 08:10:23] ERROR: POST /api/chat/channels/41/messages - Access denied 
Error: Access denied
    at authorizeChannel (D:\TaskPro\BackEnd\src\modules\community\chat.service.js:38:82)
    at async Object.sendChannelMessage (D:\TaskPro\BackEnd\src\modules\community\chat.service.js:289:3)
    at async D:\TaskPro\BackEnd\src\modules\community\chat.controller.js:67:19
[2026-10-02 08:11:11] ERROR: POST /api/chat/33/messages - Reply target is unavailable in this chat 
Error: Reply target is unavailable in this chat
    at validateReply (D:\TaskPro\BackEnd\src\modules\community\chat.service.js:16:11)
    at async Object.sendMessage (D:\TaskPro\BackEnd\src\modules\community\chat.service.js:191:15)
    at async D:\TaskPro\BackEnd\src\modules\community\chat.controller.js:39:19
[2026-10-02 08:11:11] ERROR: POST /api/chat/32/messages - Not part of this conversation 
Error: Not part of this conversation
    at Object.sendMessage (D:\TaskPro\BackEnd\src\modules\community\chat.service.js:189:11)
    at async D:\TaskPro\BackEnd\src\modules\community\chat.controller.js:39:19
[2026-10-02 08:11:11] ERROR: POST /api/chat/32/messages - Invalid ID 
Error: Invalid ID
    at id (D:\TaskPro\BackEnd\src\modules\community\validation.js:6:11)
    at validateReply (D:\TaskPro\BackEnd\src\modules\community\chat.service.js:13:15)
    at Object.sendMessage (D:\TaskPro\BackEnd\src\modules\community\chat.service.js:191:21)
    at async D:\TaskPro\BackEnd\src\modules\community\chat.controller.js:39:19
[2026-10-02 08:11:11] ERROR: POST /api/chat/32/messages - Invalid ID 
Error: Invalid ID
    at id (D:\TaskPro\BackEnd\src\modules\community\validation.js:6:11)
    at validateReply (D:\TaskPro\BackEnd\src\modules\community\chat.service.js:13:15)
    at Object.sendMessage (D:\TaskPro\BackEnd\src\modules\community\chat.service.js:191:21)
    at async D:\TaskPro\BackEnd\src\modules\community\chat.controller.js:39:19
[2026-10-02 08:11:11] ERROR: POST /api/chat/32/messages - Invalid ID 
Error: Invalid ID
    at id (D:\TaskPro\BackEnd\src\modules\community\validation.js:6:11)
    at validateReply (D:\TaskPro\BackEnd\src\modules\community\chat.service.js:13:15)
    at Object.sendMessage (D:\TaskPro\BackEnd\src\modules\community\chat.service.js:191:21)
    at async D:\TaskPro\BackEnd\src\modules\community\chat.controller.js:39:19
[2026-10-02 08:11:11] ERROR: POST /api/chat/32/messages - Invalid ID 
Error: Invalid ID
    at id (D:\TaskPro\BackEnd\src\modules\community\validation.js:6:11)
    at validateReply (D:\TaskPro\BackEnd\src\modules\community\chat.service.js:13:15)
    at Object.sendMessage (D:\TaskPro\BackEnd\src\modules\community\chat.service.js:191:21)
    at async D:\TaskPro\BackEnd\src\modules\community\chat.controller.js:39:19
[2026-10-02 08:11:11] ERROR: POST /api/chat/32/messages - Invalid ID 
Error: Invalid ID
    at id (D:\TaskPro\BackEnd\src\modules\community\validation.js:6:11)
    at validateReply (D:\TaskPro\BackEnd\src\modules\community\chat.service.js:13:15)
    at Object.sendMessage (D:\TaskPro\BackEnd\src\modules\community\chat.service.js:191:21)
    at async D:\TaskPro\BackEnd\src\modules\community\chat.controller.js:39:19
[2026-10-02 08:11:11] ERROR: POST /api/chat/32/messages - Reply target is unavailable in this chat 
Error: Reply target is unavailable in this chat
    at validateReply (D:\TaskPro\BackEnd\src\modules\community\chat.service.js:16:11)
    at async Object.sendMessage (D:\TaskPro\BackEnd\src\modules\community\chat.service.js:191:15)
    at async D:\TaskPro\BackEnd\src\modules\community\chat.controller.js:39:19
[2026-10-02 08:11:11] ERROR: POST /api/chat/channels/44/messages - Reply target is unavailable in this chat 
Error: Reply target is unavailable in this chat
    at validateReply (D:\TaskPro\BackEnd\src\modules\community\chat.service.js:16:11)
    at async Object.sendChannelMessage (D:\TaskPro\BackEnd\src\modules\community\chat.service.js:295:15)
    at async D:\TaskPro\BackEnd\src\modules\community\chat.controller.js:67:19
[2026-10-02 08:11:11] ERROR: POST /api/chat/channels/43/messages - Access denied 
Error: Access denied
    at authorizeChannel (D:\TaskPro\BackEnd\src\modules\community\chat.service.js:43:82)
    at async Object.sendChannelMessage (D:\TaskPro\BackEnd\src\modules\community\chat.service.js:294:3)
    at async D:\TaskPro\BackEnd\src\modules\community\chat.controller.js:67:19
[2026-10-02 08:11:36] ERROR: POST /api/chat - Invalid ID 
Error: Invalid ID
    at id (D:\TaskPro\BackEnd\src\modules\community\validation.js:6:11)
    at Object.getOrCreateConversation (D:\TaskPro\BackEnd\src\modules\community\chat.service.js:93:18)
    at D:\TaskPro\BackEnd\src\modules\community\chat.controller.js:19:42
    at D:\TaskPro\BackEnd\src\utils\catchAsync.js:9:25
    at Layer.handleRequest (D:\TaskPro\BackEnd\node_modules\router\lib\layer.js:152:17)
    at next (D:\TaskPro\BackEnd\node_modules\router\lib\route.js:157:13)
    at Route.dispatch (D:\TaskPro\BackEnd\node_modules\router\lib\route.js:117:3)
    at handle (D:\TaskPro\BackEnd\node_modules\router\index.js:435:11)
    at Layer.handleRequest (D:\TaskPro\BackEnd\node_modules\router\lib\layer.js:152:17)
    at D:\TaskPro\BackEnd\node_modules\router\index.js:295:15
[2026-10-02 08:11:36] ERROR: POST /api/chat - Invalid ID 
Error: Invalid ID
    at id (D:\TaskPro\BackEnd\src\modules\community\validation.js:6:11)
    at validateIds (D:\TaskPro\BackEnd\src\modules\community\validation.js:17:68)
    at Layer.handleRequest (D:\TaskPro\BackEnd\node_modules\router\lib\layer.js:152:17)
    at trimPrefix (D:\TaskPro\BackEnd\node_modules\router\index.js:342:13)
    at D:\TaskPro\BackEnd\node_modules\router\index.js:297:9
    at processParams (D:\TaskPro\BackEnd\node_modules\router\index.js:582:12)
    at next (D:\TaskPro\BackEnd\node_modules\router\index.js:291:5)
    at authenticate (D:\TaskPro\BackEnd\src\middlewares\authMiddleware.js:44:5)
[2026-10-02 08:11:36] ERROR: POST /api/chat - Invalid ID 
Error: Invalid ID
    at id (D:\TaskPro\BackEnd\src\modules\community\validation.js:6:11)
    at validateIds (D:\TaskPro\BackEnd\src\modules\community\validation.js:17:68)
    at Layer.handleRequest (D:\TaskPro\BackEnd\node_modules\router\lib\layer.js:152:17)
    at trimPrefix (D:\TaskPro\BackEnd\node_modules\router\index.js:342:13)
    at D:\TaskPro\BackEnd\node_modules\router\index.js:297:9
    at processParams (D:\TaskPro\BackEnd\node_modules\router\index.js:582:12)
    at next (D:\TaskPro\BackEnd\node_modules\router\index.js:291:5)
    at authenticate (D:\TaskPro\BackEnd\src\middlewares\authMiddleware.js:44:5)
[2026-10-02 08:11:36] ERROR: POST /api/chat - Invalid ID 
Error: Invalid ID
    at id (D:\TaskPro\BackEnd\src\modules\community\validation.js:6:11)
    at validateIds (D:\TaskPro\BackEnd\src\modules\community\validation.js:17:68)
    at Layer.handleRequest (D:\TaskPro\BackEnd\node_modules\router\lib\layer.js:152:17)
    at trimPrefix (D:\TaskPro\BackEnd\node_modules\router\index.js:342:13)
    at D:\TaskPro\BackEnd\node_modules\router\index.js:297:9
    at processParams (D:\TaskPro\BackEnd\node_modules\router\index.js:582:12)
    at next (D:\TaskPro\BackEnd\node_modules\router\index.js:291:5)
    at authenticate (D:\TaskPro\BackEnd\src\middlewares\authMiddleware.js:44:5)
[2026-10-02 08:11:36] ERROR: POST /api/chat - Invalid ID 
Error: Invalid ID
    at id (D:\TaskPro\BackEnd\src\modules\community\validation.js:6:11)
    at validateIds (D:\TaskPro\BackEnd\src\modules\community\validation.js:17:68)
    at Layer.handleRequest (D:\TaskPro\BackEnd\node_modules\router\lib\layer.js:152:17)
    at trimPrefix (D:\TaskPro\BackEnd\node_modules\router\index.js:342:13)
    at D:\TaskPro\BackEnd\node_modules\router\index.js:297:9
    at processParams (D:\TaskPro\BackEnd\node_modules\router\index.js:582:12)
    at next (D:\TaskPro\BackEnd\node_modules\router\index.js:291:5)
    at authenticate (D:\TaskPro\BackEnd\src\middlewares\authMiddleware.js:44:5)
[2026-10-02 08:11:36] ERROR: POST /api/chat - Invalid ID 
Error: Invalid ID
    at id (D:\TaskPro\BackEnd\src\modules\community\validation.js:6:11)
    at validateIds (D:\TaskPro\BackEnd\src\modules\community\validation.js:17:68)
    at Layer.handleRequest (D:\TaskPro\BackEnd\node_modules\router\lib\layer.js:152:17)
    at trimPrefix (D:\TaskPro\BackEnd\node_modules\router\index.js:342:13)
    at D:\TaskPro\BackEnd\node_modules\router\index.js:297:9
    at processParams (D:\TaskPro\BackEnd\node_modules\router\index.js:582:12)
    at next (D:\TaskPro\BackEnd\node_modules\router\index.js:291:5)
    at authenticate (D:\TaskPro\BackEnd\src\middlewares\authMiddleware.js:44:5)
[2026-10-02 08:11:36] ERROR: POST /api/chat - Invalid ID 
Error: Invalid ID
    at id (D:\TaskPro\BackEnd\src\modules\community\validation.js:6:11)
    at validateIds (D:\TaskPro\BackEnd\src\modules\community\validation.js:17:68)
    at Layer.handleRequest (D:\TaskPro\BackEnd\node_modules\router\lib\layer.js:152:17)
    at trimPrefix (D:\TaskPro\BackEnd\node_modules\router\index.js:342:13)
    at D:\TaskPro\BackEnd\node_modules\router\index.js:297:9
    at processParams (D:\TaskPro\BackEnd\node_modules\router\index.js:582:12)
    at next (D:\TaskPro\BackEnd\node_modules\router\index.js:291:5)
    at authenticate (D:\TaskPro\BackEnd\src\middlewares\authMiddleware.js:44:5)
[2026-10-02 08:11:36] ERROR: POST /api/chat - Cannot chat with yourself 
Error: Cannot chat with yourself
    at Object.getOrCreateConversation (D:\TaskPro\BackEnd\src\modules\community\chat.service.js:94:38)
    at D:\TaskPro\BackEnd\src\modules\community\chat.controller.js:19:42
    at D:\TaskPro\BackEnd\src\utils\catchAsync.js:9:25
    at Layer.handleRequest (D:\TaskPro\BackEnd\node_modules\router\lib\layer.js:152:17)
    at next (D:\TaskPro\BackEnd\node_modules\router\lib\route.js:157:13)
    at Route.dispatch (D:\TaskPro\BackEnd\node_modules\router\lib\route.js:117:3)
    at handle (D:\TaskPro\BackEnd\node_modules\router\index.js:435:11)
    at Layer.handleRequest (D:\TaskPro\BackEnd\node_modules\router\lib\layer.js:152:17)
    at D:\TaskPro\BackEnd\node_modules\router\index.js:295:15
    at processParams (D:\TaskPro\BackEnd\node_modules\router\index.js:582:12)
[2026-10-02 08:11:36] ERROR: POST /api/chat - User not found 
Error: User not found
    at Object.getOrCreateConversation (D:\TaskPro\BackEnd\src\modules\community\chat.service.js:96:42)
    at async D:\TaskPro\BackEnd\src\modules\community\chat.controller.js:19:24
[2026-10-02 08:11:36] ERROR: GET /api/chat/34/messages - Not authorized to view this conversation 
Error: Not authorized to view this conversation
    at Object.getMessages (D:\TaskPro\BackEnd\src\modules\community\chat.service.js:155:11)
    at async D:\TaskPro\BackEnd\src\modules\community\chat.controller.js:30:20
[2026-10-02 08:11:36] ERROR: POST /api/chat/34/messages - Not part of this conversation 
Error: Not part of this conversation
    at Object.sendMessage (D:\TaskPro\BackEnd\src\modules\community\chat.service.js:189:11)
    at async D:\TaskPro\BackEnd\src\modules\community\chat.controller.js:39:19
[2026-10-02 08:11:36] ERROR: DELETE /api/chat/34/messages - Access denied 
Error: Access denied
    at requireParticipant (D:\TaskPro\BackEnd\src\modules\community\chat.service.js:29:27)
    at async Object.clearConversation (D:\TaskPro\BackEnd\src\modules\community\chat.service.js:411:3)
    at async D:\TaskPro\BackEnd\src\modules\community\chat.controller.js:126:3
[2026-10-02 08:11:36] ERROR: DELETE /api/chat/34 - Access denied 
Error: Access denied
    at requireParticipant (D:\TaskPro\BackEnd\src\modules\community\chat.service.js:29:27)
    at async Object.deleteConversation (D:\TaskPro\BackEnd\src\modules\community\chat.service.js:399:3)
    at async D:\TaskPro\BackEnd\src\modules\community\chat.controller.js:119:3
[2026-10-02 08:11:36] ERROR: POST /api/chat/34/messages - Text must not be empty 
Error: Text must not be empty
    at text (D:\TaskPro\BackEnd\src\modules\community\validation.js:11:57)
    at validateIds (D:\TaskPro\BackEnd\src\modules\community\validation.js:22:42)
    at Layer.handleRequest (D:\TaskPro\BackEnd\node_modules\router\lib\layer.js:152:17)
    at trimPrefix (D:\TaskPro\BackEnd\node_modules\router\index.js:342:13)
    at D:\TaskPro\BackEnd\node_modules\router\index.js:297:9
    at processParams (D:\TaskPro\BackEnd\node_modules\router\index.js:582:12)
    at next (D:\TaskPro\BackEnd\node_modules\router\index.js:291:5)
    at authenticate (D:\TaskPro\BackEnd\src\middlewares\authMiddleware.js:44:5)
[2026-10-02 08:11:36] ERROR: GET /api/chat/abc/messages - Invalid ID 
Error: Invalid ID
    at Object.id (D:\TaskPro\BackEnd\src\modules\community\validation.js:6:11)
    at D:\TaskPro\BackEnd\src\modules\community\chat.routes.js:29:79
    at paramCallback (D:\TaskPro\BackEnd\node_modules\router\index.js:649:19)
    at param (D:\TaskPro\BackEnd\node_modules\router\index.js:629:5)
    at processParams (D:\TaskPro\BackEnd\node_modules\router\index.js:664:3)
    at next (D:\TaskPro\BackEnd\node_modules\router\index.js:291:5)
    at validateIds (D:\TaskPro\BackEnd\src\modules\community\validation.js:24:5)
    at Layer.handleRequest (D:\TaskPro\BackEnd\node_modules\router\lib\layer.js:152:17)
    at trimPrefix (D:\TaskPro\BackEnd\node_modules\router\index.js:342:13)
    at D:\TaskPro\BackEnd\node_modules\router\index.js:297:9
[2026-10-02 08:11:36] ERROR: GET /api/chat/2147483647/messages - Conversation not found 
Error: Conversation not found
    at Object.getMessages (D:\TaskPro\BackEnd\src\modules\community\chat.service.js:146:83)
    at async D:\TaskPro\BackEnd\src\modules\community\chat.controller.js:30:20
[2026-10-02 08:11:37] ERROR: POST /api/chat/workspaces - Text must not be empty 
Error: Text must not be empty
    at text (D:\TaskPro\BackEnd\src\modules\community\validation.js:11:57)
    at validateIds (D:\TaskPro\BackEnd\src\modules\community\validation.js:22:42)
    at Layer.handleRequest (D:\TaskPro\BackEnd\node_modules\router\lib\layer.js:152:17)
    at trimPrefix (D:\TaskPro\BackEnd\node_modules\router\index.js:342:13)
    at D:\TaskPro\BackEnd\node_modules\router\index.js:297:9
    at processParams (D:\TaskPro\BackEnd\node_modules\router\index.js:582:12)
    at next (D:\TaskPro\BackEnd\node_modules\router\index.js:291:5)
    at authenticate (D:\TaskPro\BackEnd\src\middlewares\authMiddleware.js:44:5)
[2026-10-02 08:11:37] ERROR: GET /api/chat/channels/45/messages - Access denied 
Error: Access denied
    at authorizeChannel (D:\TaskPro\BackEnd\src\modules\community\chat.service.js:43:82)
    at async Object.getChannelMessages (D:\TaskPro\BackEnd\src\modules\community\chat.service.js:259:3)
    at async D:\TaskPro\BackEnd\src\modules\community\chat.controller.js:58:20
[2026-10-02 08:11:37] ERROR: POST /api/chat/channels/45/messages - Access denied 
Error: Access denied
    at authorizeChannel (D:\TaskPro\BackEnd\src\modules\community\chat.service.js:43:82)
    at async Object.sendChannelMessage (D:\TaskPro\BackEnd\src\modules\community\chat.service.js:294:3)
    at async D:\TaskPro\BackEnd\src\modules\community\chat.controller.js:67:19
[2026-10-02 08:11:37] ERROR: PUT /api/chat/workspaces/23 - You are not authorized to edit this group 
Error: You are not authorized to edit this group
    at Object.updateWorkspace (D:\TaskPro\BackEnd\src\modules\community\chat.service.js:360:11)
    at async D:\TaskPro\BackEnd\src\modules\community\chat.controller.js:97:23
[2026-10-02 08:11:37] ERROR: POST /api/chat/workspaces/23/members - Access denied 
Error: Access denied
    at Object.authorizeWorkspaceManager (D:\TaskPro\BackEnd\src\modules\community\chat.service.js:35:63)
    at async D:\TaskPro\BackEnd\src\modules\community\chat.controller.js:104:3
[2026-10-02 08:11:37] ERROR: POST /api/chat/workspaces/23/members - User not found 
Error: User not found
    at Object.addWorkspaceMember (D:\TaskPro\BackEnd\src\modules\community\chat.service.js:381:50)
    at async D:\TaskPro\BackEnd\src\modules\community\chat.controller.js:105:18
[2026-10-02 08:11:37] ERROR: POST /api/chat/workspaces/23/members - Invalid ID 
Error: Invalid ID
    at Object.id (D:\TaskPro\BackEnd\src\modules\community\validation.js:6:11)
    at D:\TaskPro\BackEnd\src\modules\community\chat.controller.js:105:92
[2026-10-02 08:11:37] ERROR: POST /api/chat/workspaces/join - Workspace not found 
Error: Workspace not found
    at Object.addWorkspaceMember (D:\TaskPro\BackEnd\src\modules\community\chat.service.js:376:25)
    at async D:\TaskPro\BackEnd\src\modules\community\chat.controller.js:112:18
[2026-10-02 08:11:37] ERROR: POST /api/chat/workspaces/join - Invalid ID 
Error: Invalid ID
    at Object.id (D:\TaskPro\BackEnd\src\modules\community\validation.js:6:11)
    at D:\TaskPro\BackEnd\src\modules\community\chat.controller.js:110:47
    at D:\TaskPro\BackEnd\src\utils\catchAsync.js:9:25
    at Layer.handleRequest (D:\TaskPro\BackEnd\node_modules\router\lib\layer.js:152:17)
    at next (D:\TaskPro\BackEnd\node_modules\router\lib\route.js:157:13)
    at Route.dispatch (D:\TaskPro\BackEnd\node_modules\router\lib\route.js:117:3)
    at handle (D:\TaskPro\BackEnd\node_modules\router\index.js:435:11)
    at Layer.handleRequest (D:\TaskPro\BackEnd\node_modules\router\lib\layer.js:152:17)
    at D:\TaskPro\BackEnd\node_modules\router\index.js:295:15
    at processParams (D:\TaskPro\BackEnd\node_modules\router\index.js:582:12)
[2026-10-02 08:11:37] ERROR: POST /api/chat/channels/45/messages - Text must not be empty 
Error: Text must not be empty
    at text (D:\TaskPro\BackEnd\src\modules\community\validation.js:11:57)
    at validateIds (D:\TaskPro\BackEnd\src\modules\community\validation.js:22:42)
    at Layer.handleRequest (D:\TaskPro\BackEnd\node_modules\router\lib\layer.js:152:17)
    at trimPrefix (D:\TaskPro\BackEnd\node_modules\router\index.js:342:13)
    at D:\TaskPro\BackEnd\node_modules\router\index.js:297:9
    at processParams (D:\TaskPro\BackEnd\node_modules\router\index.js:582:12)
    at next (D:\TaskPro\BackEnd\node_modules\router\index.js:291:5)
    at authenticate (D:\TaskPro\BackEnd\src\middlewares\authMiddleware.js:44:5)
[2026-10-02 08:11:37] ERROR: GET /api/chat/channels/45/messages?cursor=abc - Invalid ID 
Error: Invalid ID
    at id (D:\TaskPro\BackEnd\src\modules\community\validation.js:6:11)
    at validateIds (D:\TaskPro\BackEnd\src\modules\community\validation.js:19:41)
    at Layer.handleRequest (D:\TaskPro\BackEnd\node_modules\router\lib\layer.js:152:17)
    at trimPrefix (D:\TaskPro\BackEnd\node_modules\router\index.js:342:13)
    at D:\TaskPro\BackEnd\node_modules\router\index.js:297:9
    at processParams (D:\TaskPro\BackEnd\node_modules\router\index.js:582:12)
    at next (D:\TaskPro\BackEnd\node_modules\router\index.js:291:5)
    at authenticate (D:\TaskPro\BackEnd\src\middlewares\authMiddleware.js:44:5)
[2026-10-02 08:11:37] ERROR: GET /api/chat/channels/45/messages?cursor=542 - Invalid channel cursor 
Error: Invalid channel cursor
    at Object.getChannelMessages (D:\TaskPro\BackEnd\src\modules\community\chat.service.js:276:58)
    at async D:\TaskPro\BackEnd\src\modules\community\chat.controller.js:58:20
[2026-10-02 08:11:37] ERROR: POST /api/chat/channels/45/messages - Invalid message type 
Error: Invalid message type
    at Object.sendChannelMessage (D:\TaskPro\BackEnd\src\modules\community\chat.service.js:296:61)
    at async D:\TaskPro\BackEnd\src\modules\community\chat.controller.js:67:19
[2026-10-02 08:11:37] ERROR: GET /api/chat/channels/2147483647/messages - Channel not found 
Error: Channel not found
    at authorizeChannel (D:\TaskPro\BackEnd\src\modules\community\chat.service.js:41:23)
    at async Object.getChannelMessages (D:\TaskPro\BackEnd\src\modules\community\chat.service.js:259:3)
    at async D:\TaskPro\BackEnd\src\modules\community\chat.controller.js:58:20
[2026-10-02 08:11:37] ERROR: PUT /api/discussions/27 - You can only edit your own discussions 
Error: You can only edit your own discussions
    at Object.updateDiscussion (D:\TaskPro\BackEnd\src\modules\community\discussion.service.js:167:11)
    at async D:\TaskPro\BackEnd\src\modules\community\discussion.controller.js:45:22
[2026-10-02 08:11:37] ERROR: DELETE /api/discussions/27 - You can only delete your own discussions 
Error: You can only delete your own discussions
    at Object.deleteDiscussion (D:\TaskPro\BackEnd\src\modules\community\discussion.service.js:199:11)
    at async D:\TaskPro\BackEnd\src\modules\community\discussion.controller.js:54:18
[2026-10-02 08:11:37] ERROR: PUT /api/discussions/27/resolve - Only the author can mark discussions as resolved 
Error: Only the author can mark discussions as resolved
    at Object.toggleResolved (D:\TaskPro\BackEnd\src\modules\community\discussion.service.js:219:11)
    at async D:\TaskPro\BackEnd\src\modules\community\discussion.controller.js:63:22
[2026-10-02 08:11:37] ERROR: POST /api/discussions/27/replies - Text must not be empty 
Error: Text must not be empty
    at text (D:\TaskPro\BackEnd\src\modules\community\validation.js:11:57)
    at validateIds (D:\TaskPro\BackEnd\src\modules\community\validation.js:22:42)
    at Layer.handleRequest (D:\TaskPro\BackEnd\node_modules\router\lib\layer.js:152:17)
    at trimPrefix (D:\TaskPro\BackEnd\node_modules\router\index.js:342:13)
    at D:\TaskPro\BackEnd\node_modules\router\index.js:297:9
    at processParams (D:\TaskPro\BackEnd\node_modules\router\index.js:582:12)
    at next (D:\TaskPro\BackEnd\node_modules\router\index.js:291:5)
    at authenticate (D:\TaskPro\BackEnd\src\middlewares\authMiddleware.js:44:5)
[2026-10-02 08:11:37] ERROR: POST /api/discussions/28/replies - Parent reply not found in this discussion 
Error: Parent reply not found in this discussion
    at Object.createReply (D:\TaskPro\BackEnd\src\modules\community\discussion.service.js:261:13)
    at async D:\TaskPro\BackEnd\src\modules\community\discussion.controller.js:79:17
[2026-10-02 08:11:37] ERROR: PUT /api/discussions/replies/27 - You can only edit your own replies 
Error: You can only edit your own replies
    at Object.updateReply (D:\TaskPro\BackEnd\src\modules\community\discussion.service.js:296:11)
    at async D:\TaskPro\BackEnd\src\modules\community\discussion.controller.js:88:17
[2026-10-02 08:11:37] ERROR: DELETE /api/discussions/replies/27 - You can only delete your own replies 
Error: You can only delete your own replies
    at Object.deleteReply (D:\TaskPro\BackEnd\src\modules\community\discussion.service.js:325:11)
    at async D:\TaskPro\BackEnd\src\modules\community\discussion.controller.js:97:18
[2026-10-02 08:11:37] ERROR: GET /api/discussions/abc - Invalid ID 
Error: Invalid ID
    at Object.id (D:\TaskPro\BackEnd\src\modules\community\validation.js:6:11)
    at D:\TaskPro\BackEnd\src\modules\community\discussion.routes.js:29:86
    at paramCallback (D:\TaskPro\BackEnd\node_modules\router\index.js:649:19)
    at param (D:\TaskPro\BackEnd\node_modules\router\index.js:629:5)
    at processParams (D:\TaskPro\BackEnd\node_modules\router\index.js:664:3)
    at next (D:\TaskPro\BackEnd\node_modules\router\index.js:291:5)
    at validateIds (D:\TaskPro\BackEnd\src\modules\community\validation.js:24:5)
    at Layer.handleRequest (D:\TaskPro\BackEnd\node_modules\router\lib\layer.js:152:17)
    at trimPrefix (D:\TaskPro\BackEnd\node_modules\router\index.js:342:13)
    at D:\TaskPro\BackEnd\node_modules\router\index.js:297:9
[2026-10-02 08:11:37] ERROR: GET /api/discussions?problemId=abc - Invalid ID 
Error: Invalid ID
    at id (D:\TaskPro\BackEnd\src\modules\community\validation.js:6:11)
    at validateIds (D:\TaskPro\BackEnd\src\modules\community\validation.js:20:44)
    at Layer.handleRequest (D:\TaskPro\BackEnd\node_modules\router\lib\layer.js:152:17)
    at trimPrefix (D:\TaskPro\BackEnd\node_modules\router\index.js:342:13)
    at D:\TaskPro\BackEnd\node_modules\router\index.js:297:9
    at processParams (D:\TaskPro\BackEnd\node_modules\router\index.js:582:12)
    at next (D:\TaskPro\BackEnd\node_modules\router\index.js:291:5)
    at authenticate (D:\TaskPro\BackEnd\src\middlewares\authMiddleware.js:44:5)
[2026-10-02 08:11:37] ERROR: PUT /api/discussions/replies/2147483647 - Reply not found 
Error: Reply not found
    at Object.updateReply (D:\TaskPro\BackEnd\src\modules\community\discussion.service.js:292:11)
    at async D:\TaskPro\BackEnd\src\modules\community\discussion.controller.js:88:17
[2026-10-02 08:11:37] ERROR: GET /api/discussions/2147483647 - Discussion not found 
Error: Discussion not found
    at Object.getDiscussionById (D:\TaskPro\BackEnd\src\modules\community\discussion.service.js:151:11)
    at async D:\TaskPro\BackEnd\src\modules\community\discussion.controller.js:38:22
[2026-10-02 08:11:37] ERROR: GET /api/discussions/27 - Discussion not found 
Error: Discussion not found
    at Object.getDiscussionById (D:\TaskPro\BackEnd\src\modules\community\discussion.service.js:151:11)
    at async D:\TaskPro\BackEnd\src\modules\community\discussion.controller.js:38:22
[2026-10-02 08:11:37] ERROR: PUT /api/notifications/125/read - Access denied 
Error: Access denied
    at Object.markAsRead (D:\TaskPro\BackEnd\src\modules\community\notification.service.js:61:11)
    at async D:\TaskPro\BackEnd\src\modules\community\notification.controller.js:31:24
[2026-10-02 08:11:37] ERROR: DELETE /api/notifications/125 - Access denied 
Error: Access denied
    at Object.deleteNotification (D:\TaskPro\BackEnd\src\modules\community\notification.service.js:89:11)
    at async D:\TaskPro\BackEnd\src\modules\community\notification.controller.js:44:18
[2026-10-02 08:11:37] ERROR: DELETE /api/notifications/125 - Notification not found 
Error: Notification not found
    at Object.deleteNotification (D:\TaskPro\BackEnd\src\modules\community\notification.service.js:85:11)
    at async D:\TaskPro\BackEnd\src\modules\community\notification.controller.js:44:18
[2026-10-02 08:11:37] ERROR: PUT /api/notifications/abc/read - Invalid ID 
Error: Invalid ID
    at Object.id (D:\TaskPro\BackEnd\src\modules\community\validation.js:6:11)
    at D:\TaskPro\BackEnd\src\modules\community\notification.routes.js:24:79
    at paramCallback (D:\TaskPro\BackEnd\node_modules\router\index.js:649:19)
    at param (D:\TaskPro\BackEnd\node_modules\router\index.js:629:5)
    at processParams (D:\TaskPro\BackEnd\node_modules\router\index.js:664:3)
    at next (D:\TaskPro\BackEnd\node_modules\router\index.js:291:5)
    at authenticate (D:\TaskPro\BackEnd\src\middlewares\authMiddleware.js:44:5)
[2026-10-02 08:11:37] ERROR: PUT /api/notifications/2147483647/read - Notification not found 
Error: Notification not found
    at Object.markAsRead (D:\TaskPro\BackEnd\src\modules\community\notification.service.js:57:11)
    at async D:\TaskPro\BackEnd\src\modules\community\notification.controller.js:31:24
[2026-10-02 08:11:42] ERROR: POST /api/chat - User not found 
Error: User not found
    at Object.getOrCreateConversation (D:\TaskPro\BackEnd\src\modules\community\chat.service.js:96:42)
    at async D:\TaskPro\BackEnd\src\modules\community\chat.controller.js:19:24
[2026-10-02 08:14:16] ERROR: POST /api/chat/37/messages - Reply target is unavailable in this chat 
Error: Reply target is unavailable in this chat
    at validateReply (D:\TaskPro\BackEnd\src\modules\community\chat.service.js:16:11)
    at async Object.sendMessage (D:\TaskPro\BackEnd\src\modules\community\chat.service.js:191:15)
    at async D:\TaskPro\BackEnd\src\modules\community\chat.controller.js:39:19
[2026-10-02 08:14:16] ERROR: POST /api/chat/36/messages - Not part of this conversation 
Error: Not part of this conversation
    at Object.sendMessage (D:\TaskPro\BackEnd\src\modules\community\chat.service.js:189:11)
    at async D:\TaskPro\BackEnd\src\modules\community\chat.controller.js:39:19
[2026-10-02 08:14:16] ERROR: POST /api/chat/36/messages - Invalid ID 
Error: Invalid ID
    at id (D:\TaskPro\BackEnd\src\modules\community\validation.js:6:11)
    at validateReply (D:\TaskPro\BackEnd\src\modules\community\chat.service.js:13:15)
    at Object.sendMessage (D:\TaskPro\BackEnd\src\modules\community\chat.service.js:191:21)
    at async D:\TaskPro\BackEnd\src\modules\community\chat.controller.js:39:19
[2026-10-02 08:14:16] ERROR: POST /api/chat/36/messages - Invalid ID 
Error: Invalid ID
    at id (D:\TaskPro\BackEnd\src\modules\community\validation.js:6:11)
    at validateReply (D:\TaskPro\BackEnd\src\modules\community\chat.service.js:13:15)
    at Object.sendMessage (D:\TaskPro\BackEnd\src\modules\community\chat.service.js:191:21)
    at async D:\TaskPro\BackEnd\src\modules\community\chat.controller.js:39:19
[2026-10-02 08:14:16] ERROR: POST /api/chat/36/messages - Invalid ID 
Error: Invalid ID
    at id (D:\TaskPro\BackEnd\src\modules\community\validation.js:6:11)
    at validateReply (D:\TaskPro\BackEnd\src\modules\community\chat.service.js:13:15)
    at Object.sendMessage (D:\TaskPro\BackEnd\src\modules\community\chat.service.js:191:21)
    at async D:\TaskPro\BackEnd\src\modules\community\chat.controller.js:39:19
[2026-10-02 08:14:16] ERROR: POST /api/chat/36/messages - Invalid ID 
Error: Invalid ID
    at id (D:\TaskPro\BackEnd\src\modules\community\validation.js:6:11)
    at validateReply (D:\TaskPro\BackEnd\src\modules\community\chat.service.js:13:15)
    at Object.sendMessage (D:\TaskPro\BackEnd\src\modules\community\chat.service.js:191:21)
    at async D:\TaskPro\BackEnd\src\modules\community\chat.controller.js:39:19
[2026-10-02 08:14:16] ERROR: POST /api/chat/36/messages - Invalid ID 
Error: Invalid ID
    at id (D:\TaskPro\BackEnd\src\modules\community\validation.js:6:11)
    at validateReply (D:\TaskPro\BackEnd\src\modules\community\chat.service.js:13:15)
    at Object.sendMessage (D:\TaskPro\BackEnd\src\modules\community\chat.service.js:191:21)
    at async D:\TaskPro\BackEnd\src\modules\community\chat.controller.js:39:19
[2026-10-02 08:14:16] ERROR: POST /api/chat/36/messages - Reply target is unavailable in this chat 
Error: Reply target is unavailable in this chat
    at validateReply (D:\TaskPro\BackEnd\src\modules\community\chat.service.js:16:11)
    at async Object.sendMessage (D:\TaskPro\BackEnd\src\modules\community\chat.service.js:191:15)
    at async D:\TaskPro\BackEnd\src\modules\community\chat.controller.js:39:19
[2026-10-02 08:14:16] ERROR: POST /api/chat/channels/50/messages - Reply target is unavailable in this chat 
Error: Reply target is unavailable in this chat
    at validateReply (D:\TaskPro\BackEnd\src\modules\community\chat.service.js:16:11)
    at async Object.sendChannelMessage (D:\TaskPro\BackEnd\src\modules\community\chat.service.js:295:15)
    at async D:\TaskPro\BackEnd\src\modules\community\chat.controller.js:67:19
[2026-10-02 08:14:16] ERROR: POST /api/chat/channels/49/messages - Access denied 
Error: Access denied
    at authorizeChannel (D:\TaskPro\BackEnd\src\modules\community\chat.service.js:43:82)
    at async Object.sendChannelMessage (D:\TaskPro\BackEnd\src\modules\community\chat.service.js:294:3)
    at async D:\TaskPro\BackEnd\src\modules\community\chat.controller.js:67:19
[2026-10-02 08:31:36] ERROR: GET /api/users/mentor-applications?page=0 - Invalid pagination parameters 
Error: Invalid pagination parameters
    at positiveInteger (D:\TaskPro\BackEnd\src\modules\users\user.service.js:182:33)
    at Object.getMentorApplications (D:\TaskPro\BackEnd\src\modules\users\user.service.js:186:18)
    at D:\TaskPro\BackEnd\src\modules\users\user.controller.js:60:60
    at D:\TaskPro\BackEnd\src\utils\catchAsync.js:9:25
    at Layer.handleRequest (D:\TaskPro\BackEnd\node_modules\router\lib\layer.js:152:17)
    at next (D:\TaskPro\BackEnd\node_modules\router\lib\route.js:157:13)
    at authenticate (D:\TaskPro\BackEnd\src\middlewares\authMiddleware.js:44:5)
[2026-10-02 08:31:36] ERROR: GET /api/users/mentor-applications?page=1.5 - Invalid pagination parameters 
Error: Invalid pagination parameters
    at positiveInteger (D:\TaskPro\BackEnd\src\modules\users\user.service.js:182:33)
    at Object.getMentorApplications (D:\TaskPro\BackEnd\src\modules\users\user.service.js:186:18)
    at D:\TaskPro\BackEnd\src\modules\users\user.controller.js:60:60
    at D:\TaskPro\BackEnd\src\utils\catchAsync.js:9:25
    at Layer.handleRequest (D:\TaskPro\BackEnd\node_modules\router\lib\layer.js:152:17)
    at next (D:\TaskPro\BackEnd\node_modules\router\lib\route.js:157:13)
    at authenticate (D:\TaskPro\BackEnd\src\middlewares\authMiddleware.js:44:5)
[2026-10-02 08:31:36] ERROR: GET /api/users/mentor-applications?limit=101 - Invalid pagination parameters 
Error: Invalid pagination parameters
    at positiveInteger (D:\TaskPro\BackEnd\src\modules\users\user.service.js:182:33)
    at Object.getMentorApplications (D:\TaskPro\BackEnd\src\modules\users\user.service.js:187:19)
    at D:\TaskPro\BackEnd\src\modules\users\user.controller.js:60:60
    at D:\TaskPro\BackEnd\src\utils\catchAsync.js:9:25
    at Layer.handleRequest (D:\TaskPro\BackEnd\node_modules\router\lib\layer.js:152:17)
    at next (D:\TaskPro\BackEnd\node_modules\router\lib\route.js:157:13)
    at authenticate (D:\TaskPro\BackEnd\src\middlewares\authMiddleware.js:44:5)
[2026-10-02 08:31:36] ERROR: GET /api/users/mentor-applications?status=INVALID - Invalid application status filter 
Error: Invalid application status filter
    at Object.getMentorApplications (D:\TaskPro\BackEnd\src\modules\users\user.service.js:190:29)
    at D:\TaskPro\BackEnd\src\modules\users\user.controller.js:60:60
    at D:\TaskPro\BackEnd\src\utils\catchAsync.js:9:25
    at Layer.handleRequest (D:\TaskPro\BackEnd\node_modules\router\lib\layer.js:152:17)
    at next (D:\TaskPro\BackEnd\node_modules\router\lib\route.js:157:13)
    at authenticate (D:\TaskPro\BackEnd\src\middlewares\authMiddleware.js:44:5)
[2026-10-02 08:31:36] ERROR: GET /api/users/mentor-applications?search=aaaaaaaaaaaaaaaaaaaaaaaaaaaaaaaaaaaaaaaaaaaaaaaaaaaaaaaaaaaaaaaaaaaaaaaaaaaaaaaaaaaaaaaaaaaaaaaaaaaaaaaaaaaaaaaaaaaaaaaaaaaaaaaaaaaaaaaaaaaaaaaaaaaaaaaaaaaaaaaaaaaaaaaaaaaaaaaaaaaaaaaaaaaaaaaaaaaaaaaaa - Search must be at most 200 characters 
Error: Search must be at most 200 characters
    at Object.getMentorApplications (D:\TaskPro\BackEnd\src\modules\users\user.service.js:193:29)
    at D:\TaskPro\BackEnd\src\modules\users\user.controller.js:60:60
    at D:\TaskPro\BackEnd\src\utils\catchAsync.js:9:25
    at Layer.handleRequest (D:\TaskPro\BackEnd\node_modules\router\lib\layer.js:152:17)
    at next (D:\TaskPro\BackEnd\node_modules\router\lib\route.js:157:13)
    at authenticate (D:\TaskPro\BackEnd\src\middlewares\authMiddleware.js:44:5)
[2026-10-02 08:34:32] ERROR: POST /api/admin/users - fullName is required 
Error: fullName is required
    at userError (D:\TaskPro\BackEnd\src\modules\admin\admin.service.js:5:64)
    at validateUserData (D:\TaskPro\BackEnd\src\modules\admin\admin.service.js:13:73)
    at Object.createUser (D:\TaskPro\BackEnd\src\modules\admin\admin.service.js:258:9)
    at D:\TaskPro\BackEnd\src\modules\admin\admin.controller.js:38:35
    at D:\TaskPro\BackEnd\src\utils\catchAsync.js:9:25
    at Layer.handleRequest (D:\TaskPro\BackEnd\node_modules\router\lib\layer.js:152:17)
    at next (D:\TaskPro\BackEnd\node_modules\router\lib\route.js:157:13)
    at Route.dispatch (D:\TaskPro\BackEnd\node_modules\router\lib\route.js:117:3)
    at handle (D:\TaskPro\BackEnd\node_modules\router\index.js:435:11)
    at Layer.handleRequest (D:\TaskPro\BackEnd\node_modules\router\lib\layer.js:152:17)
[2026-10-02 08:34:32] ERROR: POST /api/admin/users - Invalid email address 
Error: Invalid email address
    at userError (D:\TaskPro\BackEnd\src\modules\admin\admin.service.js:5:64)
    at validateUserData (D:\TaskPro\BackEnd\src\modules\admin\admin.service.js:19:63)
    at Object.createUser (D:\TaskPro\BackEnd\src\modules\admin\admin.service.js:258:9)
    at D:\TaskPro\BackEnd\src\modules\admin\admin.controller.js:38:35
    at D:\TaskPro\BackEnd\src\utils\catchAsync.js:9:25
    at Layer.handleRequest (D:\TaskPro\BackEnd\node_modules\router\lib\layer.js:152:17)
    at next (D:\TaskPro\BackEnd\node_modules\router\lib\route.js:157:13)
    at Route.dispatch (D:\TaskPro\BackEnd\node_modules\router\lib\route.js:117:3)
    at handle (D:\TaskPro\BackEnd\node_modules\router\index.js:435:11)
    at Layer.handleRequest (D:\TaskPro\BackEnd\node_modules\router\lib\layer.js:152:17)
[2026-10-02 08:34:33] ERROR: POST /api/admin/users - Invalid role 
Error: Invalid role
    at userError (D:\TaskPro\BackEnd\src\modules\admin\admin.service.js:5:64)
    at validateUserData (D:\TaskPro\BackEnd\src\modules\admin\admin.service.js:25:116)
    at async Object.createUser (D:\TaskPro\BackEnd\src\modules\admin\admin.service.js:258:3)
    at async D:\TaskPro\BackEnd\src\modules\admin\admin.controller.js:38:16
[2026-10-02 08:34:33] ERROR: POST /api/admin/users - Email, username, or mobile already registered 
Error: Email, username, or mobile already registered
    at userError (D:\TaskPro\BackEnd\src\modules\admin\admin.service.js:5:64)
    at validateUserData (D:\TaskPro\BackEnd\src\modules\admin\admin.service.js:28:142)
    at async Object.createUser (D:\TaskPro\BackEnd\src\modules\admin\admin.service.js:258:3)
    at async D:\TaskPro\BackEnd\src\modules\admin\admin.controller.js:38:16
[2026-10-02 08:34:33] ERROR: PUT /api/admin/users/208 - fullName is required 
Error: fullName is required
    at userError (D:\TaskPro\BackEnd\src\modules\admin\admin.service.js:5:64)
    at validateUserData (D:\TaskPro\BackEnd\src\modules\admin\admin.service.js:13:73)
    at Object.updateUser (D:\TaskPro\BackEnd\src\modules\admin\admin.service.js:299:9)
    at async D:\TaskPro\BackEnd\src\modules\admin\admin.controller.js:43:16
[2026-10-02 08:34:33] ERROR: PUT /api/admin/users/208 - Email, username, or mobile already registered 
Error: Email, username, or mobile already registered
    at userError (D:\TaskPro\BackEnd\src\modules\admin\admin.service.js:5:64)
    at validateUserData (D:\TaskPro\BackEnd\src\modules\admin\admin.service.js:28:142)
    at async Object.updateUser (D:\TaskPro\BackEnd\src\modules\admin\admin.service.js:299:3)
    at async D:\TaskPro\BackEnd\src\modules\admin\admin.controller.js:43:16
[2026-10-02 08:34:33] ERROR: PUT /api/admin/users/208 - isActive must be a boolean 
Error: isActive must be a boolean
    at userError (D:\TaskPro\BackEnd\src\modules\admin\admin.service.js:5:64)
    at validateUserData (D:\TaskPro\BackEnd\src\modules\admin\admin.service.js:21:80)
    at Object.updateUser (D:\TaskPro\BackEnd\src\modules\admin\admin.service.js:299:9)
    at async D:\TaskPro\BackEnd\src\modules\admin\admin.controller.js:43:16
[2026-10-02 08:34:33] ERROR: PUT /api/admin/users/99999999 - User not found 
Error: User not found
    at userError (D:\TaskPro\BackEnd\src\modules\admin\admin.service.js:5:64)
    at Object.updateUser (D:\TaskPro\BackEnd\src\modules\admin\admin.service.js:298:67)
    at async D:\TaskPro\BackEnd\src\modules\admin\admin.controller.js:43:16
[2026-10-02 08:34:33] ERROR: DELETE /api/admin/users/99999999 - User not found 
Error: User not found
    at userError (D:\TaskPro\BackEnd\src\modules\admin\admin.service.js:5:64)
    at Object.deleteUser (D:\TaskPro\BackEnd\src\modules\admin\admin.service.js:326:11)
    at async D:\TaskPro\BackEnd\src\modules\admin\admin.controller.js:48:18
[2026-10-02 08:34:34] ERROR: GET /api/enrollments/course/3/students - You can only view students in your own courses 
Error: You can only view students in your own courses
    at getCourseEnrollments (D:\TaskPro\BackEnd\src\modules\learning\enrollment.service.js:172:25)
    at async Object.getCourseEnrollments (D:\TaskPro\BackEnd\src\modules\learning\validation.js:18:16)
    at async D:\TaskPro\BackEnd\src\modules\learning\enrollment.controller.js:32:5
[2026-10-02 09:01:34] ERROR: POST /api/courses - courseName is required 
Error: courseName is required
    at invalid (D:\TaskPro\BackEnd\src\modules\courses\course.controller.js:6:48)
    at validateCourseBody (D:\TaskPro\BackEnd\src\modules\courses\course.controller.js:9:67)
    at D:\TaskPro\BackEnd\src\modules\courses\course.controller.js:32:3
    at D:\TaskPro\BackEnd\src\utils\catchAsync.js:9:25
    at Layer.handleRequest (D:\TaskPro\BackEnd\node_modules\router\lib\layer.js:152:17)
    at next (D:\TaskPro\BackEnd\node_modules\router\lib\route.js:157:13)
    at multerMiddleware (D:\TaskPro\BackEnd\node_modules\multer\lib\make-middleware.js:18:41)
    at Layer.handleRequest (D:\TaskPro\BackEnd\node_modules\router\lib\layer.js:152:17)
    at next (D:\TaskPro\BackEnd\node_modules\router\lib\route.js:157:13)
    at D:\TaskPro\BackEnd\src\middlewares\authMiddleware.js:74:5
[2026-10-02 09:01:34] ERROR: PUT /api/courses/cmuqep9sg0001ew68ij0i1rpf - You are not authorized to update this course 
Error: You are not authorized to update this course
    at courseError (D:\TaskPro\BackEnd\src\modules\courses\course.service.js:8:60)
    at Object.updateCourse (D:\TaskPro\BackEnd\src\modules\courses\course.service.js:264:11)
    at async D:\TaskPro\BackEnd\src\modules\courses\course.controller.js:77:18
[2026-10-02 09:01:34] ERROR: POST /api/courses - Course with this code already exists 
Error: Course with this code already exists
    at courseError (D:\TaskPro\BackEnd\src\modules\courses\course.service.js:8:60)
    at Object.createCourse (D:\TaskPro\BackEnd\src\modules\courses\course.service.js:29:11)
    at async D:\TaskPro\BackEnd\src\modules\courses\course.controller.js:37:18
[2026-10-02 09:01:34] ERROR: PUT /api/courses/cmuqep9sg0001ew68ij0i1rpf - Invalid price 
Error: Invalid price
    at invalid (D:\TaskPro\BackEnd\src\modules\courses\course.controller.js:6:48)
    at validateCourseBody (D:\TaskPro\BackEnd\src\modules\courses\course.controller.js:17:141)
    at D:\TaskPro\BackEnd\src\modules\courses\course.controller.js:66:3
    at D:\TaskPro\BackEnd\src\utils\catchAsync.js:9:25
    at Layer.handleRequest (D:\TaskPro\BackEnd\node_modules\router\lib\layer.js:152:17)
    at next (D:\TaskPro\BackEnd\node_modules\router\lib\route.js:157:13)
    at multerMiddleware (D:\TaskPro\BackEnd\node_modules\multer\lib\make-middleware.js:18:41)
    at Layer.handleRequest (D:\TaskPro\BackEnd\node_modules\router\lib\layer.js:152:17)
    at next (D:\TaskPro\BackEnd\node_modules\router\lib\route.js:157:13)
    at D:\TaskPro\BackEnd\src\middlewares\authMiddleware.js:74:5
[2026-10-02 09:01:34] ERROR: PUT /api/courses/cmuqep9sg0001ew68ij0i1rpf - Invalid duration 
Error: Invalid duration
    at invalid (D:\TaskPro\BackEnd\src\modules\courses\course.controller.js:6:48)
    at validateCourseBody (D:\TaskPro\BackEnd\src\modules\courses\course.controller.js:17:141)
    at D:\TaskPro\BackEnd\src\modules\courses\course.controller.js:66:3
    at D:\TaskPro\BackEnd\src\utils\catchAsync.js:9:25
    at Layer.handleRequest (D:\TaskPro\BackEnd\node_modules\router\lib\layer.js:152:17)
    at next (D:\TaskPro\BackEnd\node_modules\router\lib\route.js:157:13)
    at multerMiddleware (D:\TaskPro\BackEnd\node_modules\multer\lib\make-middleware.js:18:41)
    at Layer.handleRequest (D:\TaskPro\BackEnd\node_modules\router\lib\layer.js:152:17)
    at next (D:\TaskPro\BackEnd\node_modules\router\lib\route.js:157:13)
    at D:\TaskPro\BackEnd\src\middlewares\authMiddleware.js:74:5
[2026-10-02 09:01:34] ERROR: PUT /api/courses/cmuqep9sg0001ew68ij0i1rpf - Category not found 
Error: Category not found
    at courseError (D:\TaskPro\BackEnd\src\modules\courses\course.service.js:8:60)
    at Object.updateCourse (D:\TaskPro\BackEnd\src\modules\courses\course.service.js:283:13)
    at async D:\TaskPro\BackEnd\src\modules\courses\course.controller.js:77:18
[2026-10-02 09:01:34] ERROR: PUT /api/courses/cmuqep9sg0001ew68ij0i1rpf - Invalid publication status 
Error: Invalid publication status
    at invalid (D:\TaskPro\BackEnd\src\modules\courses\course.controller.js:6:48)
    at validateCourseBody (D:\TaskPro\BackEnd\src\modules\courses\course.controller.js:26:56)
    at D:\TaskPro\BackEnd\src\modules\courses\course.controller.js:66:3
    at D:\TaskPro\BackEnd\src\utils\catchAsync.js:9:25
    at Layer.handleRequest (D:\TaskPro\BackEnd\node_modules\router\lib\layer.js:152:17)
    at next (D:\TaskPro\BackEnd\node_modules\router\lib\route.js:157:13)
    at multerMiddleware (D:\TaskPro\BackEnd\node_modules\multer\lib\make-middleware.js:18:41)
    at Layer.handleRequest (D:\TaskPro\BackEnd\node_modules\router\lib\layer.js:152:17)
    at next (D:\TaskPro\BackEnd\node_modules\router\lib\route.js:157:13)
    at D:\TaskPro\BackEnd\src\middlewares\authMiddleware.js:74:5
[2026-10-02 09:01:35] ERROR: GET /api/courses/cmuqep9sg0001ew68ij0i1rpf - Course not found 
Error: Course not found
    at courseError (D:\TaskPro\BackEnd\src\modules\courses\course.service.js:8:60)
    at Object.getCourseById (D:\TaskPro\BackEnd\src\modules\courses\course.service.js:222:11)
    at async D:\TaskPro\BackEnd\src\modules\courses\course.controller.js:61:18
[2026-10-02 09:12:42] ERROR: GET /api/users/mentor-applications?page=0 - Invalid pagination parameters 
Error: Invalid pagination parameters
    at positiveInteger (D:\TaskPro\BackEnd\src\modules\users\mentorApplication.service.js:45:33)
    at Object.getMentorApplications (D:\TaskPro\BackEnd\src\modules\users\mentorApplication.service.js:49:18)
    at D:\TaskPro\BackEnd\src\modules\users\user.controller.js:61:73
    at D:\TaskPro\BackEnd\src\utils\catchAsync.js:9:25
    at Layer.handleRequest (D:\TaskPro\BackEnd\node_modules\router\lib\layer.js:152:17)
    at next (D:\TaskPro\BackEnd\node_modules\router\lib\route.js:157:13)
    at authenticate (D:\TaskPro\BackEnd\src\middlewares\authMiddleware.js:44:5)
[2026-10-02 09:12:42] ERROR: GET /api/users/mentor-applications?page=1.5 - Invalid pagination parameters 
Error: Invalid pagination parameters
    at positiveInteger (D:\TaskPro\BackEnd\src\modules\users\mentorApplication.service.js:45:33)
    at Object.getMentorApplications (D:\TaskPro\BackEnd\src\modules\users\mentorApplication.service.js:49:18)
    at D:\TaskPro\BackEnd\src\modules\users\user.controller.js:61:73
    at D:\TaskPro\BackEnd\src\utils\catchAsync.js:9:25
    at Layer.handleRequest (D:\TaskPro\BackEnd\node_modules\router\lib\layer.js:152:17)
    at next (D:\TaskPro\BackEnd\node_modules\router\lib\route.js:157:13)
    at authenticate (D:\TaskPro\BackEnd\src\middlewares\authMiddleware.js:44:5)
[2026-10-02 09:12:42] ERROR: GET /api/users/mentor-applications?limit=101 - Invalid pagination parameters 
Error: Invalid pagination parameters
    at positiveInteger (D:\TaskPro\BackEnd\src\modules\users\mentorApplication.service.js:45:33)
    at Object.getMentorApplications (D:\TaskPro\BackEnd\src\modules\users\mentorApplication.service.js:50:19)
    at D:\TaskPro\BackEnd\src\modules\users\user.controller.js:61:73
    at D:\TaskPro\BackEnd\src\utils\catchAsync.js:9:25
    at Layer.handleRequest (D:\TaskPro\BackEnd\node_modules\router\lib\layer.js:152:17)
    at next (D:\TaskPro\BackEnd\node_modules\router\lib\route.js:157:13)
    at authenticate (D:\TaskPro\BackEnd\src\middlewares\authMiddleware.js:44:5)
[2026-10-02 09:12:42] ERROR: GET /api/users/mentor-applications?status=INVALID - Invalid application status filter 
Error: Invalid application status filter
    at Object.getMentorApplications (D:\TaskPro\BackEnd\src\modules\users\mentorApplication.service.js:53:29)
    at D:\TaskPro\BackEnd\src\modules\users\user.controller.js:61:73
    at D:\TaskPro\BackEnd\src\utils\catchAsync.js:9:25
    at Layer.handleRequest (D:\TaskPro\BackEnd\node_modules\router\lib\layer.js:152:17)
    at next (D:\TaskPro\BackEnd\node_modules\router\lib\route.js:157:13)
    at authenticate (D:\TaskPro\BackEnd\src\middlewares\authMiddleware.js:44:5)
[2026-10-02 09:12:42] ERROR: GET /api/users/mentor-applications?search=aaaaaaaaaaaaaaaaaaaaaaaaaaaaaaaaaaaaaaaaaaaaaaaaaaaaaaaaaaaaaaaaaaaaaaaaaaaaaaaaaaaaaaaaaaaaaaaaaaaaaaaaaaaaaaaaaaaaaaaaaaaaaaaaaaaaaaaaaaaaaaaaaaaaaaaaaaaaaaaaaaaaaaaaaaaaaaaaaaaaaaaaaaaaaaaaaaaaaaaaa - Search must be at most 200 characters 
Error: Search must be at most 200 characters
    at Object.getMentorApplications (D:\TaskPro\BackEnd\src\modules\users\mentorApplication.service.js:56:29)
    at D:\TaskPro\BackEnd\src\modules\users\user.controller.js:61:73
    at D:\TaskPro\BackEnd\src\utils\catchAsync.js:9:25
    at Layer.handleRequest (D:\TaskPro\BackEnd\node_modules\router\lib\layer.js:152:17)
    at next (D:\TaskPro\BackEnd\node_modules\router\lib\route.js:157:13)
    at authenticate (D:\TaskPro\BackEnd\src\middlewares\authMiddleware.js:44:5)
[2026-10-02 09:15:11] ERROR: POST /api/admin/users - fullName is required 
Error: fullName is required
    at userError (D:\TaskPro\BackEnd\src\modules\admin\admin.service.js:5:64)
    at validateUserData (D:\TaskPro\BackEnd\src\modules\admin\admin.service.js:13:73)
    at Object.createUser (D:\TaskPro\BackEnd\src\modules\admin\admin.service.js:258:9)
    at D:\TaskPro\BackEnd\src\modules\admin\admin.controller.js:38:35
    at D:\TaskPro\BackEnd\src\utils\catchAsync.js:9:25
    at Layer.handleRequest (D:\TaskPro\BackEnd\node_modules\router\lib\layer.js:152:17)
    at next (D:\TaskPro\BackEnd\node_modules\router\lib\route.js:157:13)
    at Route.dispatch (D:\TaskPro\BackEnd\node_modules\router\lib\route.js:117:3)
    at handle (D:\TaskPro\BackEnd\node_modules\router\index.js:435:11)
    at Layer.handleRequest (D:\TaskPro\BackEnd\node_modules\router\lib\layer.js:152:17)
[2026-10-02 09:15:11] ERROR: POST /api/admin/users - Invalid email address 
Error: Invalid email address
    at userError (D:\TaskPro\BackEnd\src\modules\admin\admin.service.js:5:64)
    at validateUserData (D:\TaskPro\BackEnd\src\modules\admin\admin.service.js:19:63)
    at Object.createUser (D:\TaskPro\BackEnd\src\modules\admin\admin.service.js:258:9)
    at D:\TaskPro\BackEnd\src\modules\admin\admin.controller.js:38:35
    at D:\TaskPro\BackEnd\src\utils\catchAsync.js:9:25
    at Layer.handleRequest (D:\TaskPro\BackEnd\node_modules\router\lib\layer.js:152:17)
    at next (D:\TaskPro\BackEnd\node_modules\router\lib\route.js:157:13)
    at Route.dispatch (D:\TaskPro\BackEnd\node_modules\router\lib\route.js:117:3)
    at handle (D:\TaskPro\BackEnd\node_modules\router\index.js:435:11)
    at Layer.handleRequest (D:\TaskPro\BackEnd\node_modules\router\lib\layer.js:152:17)
[2026-10-02 09:15:11] ERROR: POST /api/admin/users - Invalid role 
Error: Invalid role
    at userError (D:\TaskPro\BackEnd\src\modules\admin\admin.service.js:5:64)
    at validateUserData (D:\TaskPro\BackEnd\src\modules\admin\admin.service.js:25:116)
    at async Object.createUser (D:\TaskPro\BackEnd\src\modules\admin\admin.service.js:258:3)
    at async D:\TaskPro\BackEnd\src\modules\admin\admin.controller.js:38:16
[2026-10-02 09:15:12] ERROR: POST /api/admin/users - Email, username, or mobile already registered 
Error: Email, username, or mobile already registered
    at userError (D:\TaskPro\BackEnd\src\modules\admin\admin.service.js:5:64)
    at validateUserData (D:\TaskPro\BackEnd\src\modules\admin\admin.service.js:28:142)
    at async Object.createUser (D:\TaskPro\BackEnd\src\modules\admin\admin.service.js:258:3)
    at async D:\TaskPro\BackEnd\src\modules\admin\admin.controller.js:38:16
[2026-10-02 09:15:12] ERROR: PUT /api/admin/users/217 - fullName is required 
Error: fullName is required
    at userError (D:\TaskPro\BackEnd\src\modules\admin\admin.service.js:5:64)
    at validateUserData (D:\TaskPro\BackEnd\src\modules\admin\admin.service.js:13:73)
    at Object.updateUser (D:\TaskPro\BackEnd\src\modules\admin\admin.service.js:299:9)
    at async D:\TaskPro\BackEnd\src\modules\admin\admin.controller.js:43:16
[2026-10-02 09:15:12] ERROR: PUT /api/admin/users/217 - Email, username, or mobile already registered 
Error: Email, username, or mobile already registered
    at userError (D:\TaskPro\BackEnd\src\modules\admin\admin.service.js:5:64)
    at validateUserData (D:\TaskPro\BackEnd\src\modules\admin\admin.service.js:28:142)
    at async Object.updateUser (D:\TaskPro\BackEnd\src\modules\admin\admin.service.js:299:3)
    at async D:\TaskPro\BackEnd\src\modules\admin\admin.controller.js:43:16
[2026-10-02 09:15:12] ERROR: PUT /api/admin/users/217 - isActive must be a boolean 
Error: isActive must be a boolean
    at userError (D:\TaskPro\BackEnd\src\modules\admin\admin.service.js:5:64)
    at validateUserData (D:\TaskPro\BackEnd\src\modules\admin\admin.service.js:21:80)
    at Object.updateUser (D:\TaskPro\BackEnd\src\modules\admin\admin.service.js:299:9)
    at async D:\TaskPro\BackEnd\src\modules\admin\admin.controller.js:43:16
[2026-10-02 09:15:13] ERROR: PUT /api/admin/users/99999999 - User not found 
Error: User not found
    at userError (D:\TaskPro\BackEnd\src\modules\admin\admin.service.js:5:64)
    at Object.updateUser (D:\TaskPro\BackEnd\src\modules\admin\admin.service.js:298:67)
    at async D:\TaskPro\BackEnd\src\modules\admin\admin.controller.js:43:16
[2026-10-02 09:15:13] ERROR: DELETE /api/admin/users/99999999 - User not found 
Error: User not found
    at userError (D:\TaskPro\BackEnd\src\modules\admin\admin.service.js:5:64)
    at Object.deleteUser (D:\TaskPro\BackEnd\src\modules\admin\admin.service.js:326:11)
    at async D:\TaskPro\BackEnd\src\modules\admin\admin.controller.js:48:18
[2026-10-02 09:15:14] ERROR: GET /api/enrollments/course/3/students - You can only view students in your own courses 
Error: You can only view students in your own courses
    at getCourseEnrollments (D:\TaskPro\BackEnd\src\modules\learning\enrollment.service.js:172:25)
    at async Object.getCourseEnrollments (D:\TaskPro\BackEnd\src\modules\learning\validation.js:18:16)
    at async D:\TaskPro\BackEnd\src\modules\learning\enrollment.controller.js:32:5
[2026-10-02 09:22:57] ERROR: POST /api/enrollments/34/enroll - Course is not available for enrollment 
Error: Course is not available for enrollment
    at enrollStudent (D:\TaskPro\BackEnd\src\modules\learning\enrollment.service.js:31:11)
    at async Object.enrollStudent (D:\TaskPro\BackEnd\src\modules\learning\validation.js:18:16)
    at async D:\TaskPro\BackEnd\src\modules\learning\enrollment.controller.js:6:22
[2026-10-02 09:22:57] ERROR: POST /api/enrollments/34/enroll - Already enrolled in this course 
Error: Already enrolled in this course
    at enrollStudent (D:\TaskPro\BackEnd\src\modules\learning\enrollment.service.js:44:11)
    at async Object.enrollStudent (D:\TaskPro\BackEnd\src\modules\learning\validation.js:18:16)
    at async D:\TaskPro\BackEnd\src\modules\learning\enrollment.controller.js:6:22
[2026-10-02 09:22:57] ERROR: GET /api/enrollments/course/34/students - You can only view students in your own courses 
Error: You can only view students in your own courses
    at getCourseEnrollments (D:\TaskPro\BackEnd\src\modules\learning\enrollment.service.js:172:25)
    at async Object.getCourseEnrollments (D:\TaskPro\BackEnd\src\modules\learning\validation.js:18:16)
    at async D:\TaskPro\BackEnd\src\modules\learning\enrollment.controller.js:32:5
[2026-10-02 09:22:57] ERROR: GET /api/enrollments/stats/34 - Not authorized to view enrollment stats 
Error: Not authorized to view enrollment stats
    at fail (D:\TaskPro\BackEnd\src\modules\learning\validation.js:2:23)
    at getEnrollmentStats (D:\TaskPro\BackEnd\src\modules\learning\enrollment.service.js:239:74)
    at async Object.getEnrollmentStats (D:\TaskPro\BackEnd\src\modules\learning\validation.js:18:16)
    at async D:\TaskPro\BackEnd\src\modules\learning\enrollment.controller.js:54:17
[2026-10-02 09:22:58] ERROR: POST /api/enrollments/7933fbde-1b50-4a1a-92f6-73d83f66a14f/enroll - Already enrolled in this course 
Error: Already enrolled in this course
    at enrollStudent (D:\TaskPro\BackEnd\src\modules\learning\enrollment.service.js:44:11)
    at async Object.enrollStudent (D:\TaskPro\BackEnd\src\modules\learning\validation.js:18:16)
    at async D:\TaskPro\BackEnd\src\modules\learning\enrollment.controller.js:6:22
[2026-10-02 09:22:58] ERROR: GET /api/enrollments/course/7933fbde-1b50-4a1a-92f6-73d83f66a14f/students - You can only view students in your own courses 
Error: You can only view students in your own courses
    at getCourseEnrollments (D:\TaskPro\BackEnd\src\modules\learning\enrollment.service.js:172:25)
    at async Object.getCourseEnrollments (D:\TaskPro\BackEnd\src\modules\learning\validation.js:18:16)
    at async D:\TaskPro\BackEnd\src\modules\learning\enrollment.controller.js:32:5
[2026-10-02 09:22:58] ERROR: POST /api/assignments - You are not authorized to manage assignments for this course 
Error: You are not authorized to manage assignments for this course
    at verifyMentorOwnership (D:\TaskPro\BackEnd\src\modules\learning\assignment.service.js:32:11)
    at async createAssignment (D:\TaskPro\BackEnd\src\modules\learning\assignment.service.js:49:3)
    at async Object.createAssignment (D:\TaskPro\BackEnd\src\modules\learning\validation.js:18:16)
    at async D:\TaskPro\BackEnd\src\modules\learning\assignment.controller.js:6:22
[2026-10-02 09:22:58] ERROR: POST /api/assignments - title must be a non-empty string 
Error: title must be a non-empty string
    at fail (D:\TaskPro\BackEnd\src\modules\learning\validation.js:2:23)
    at text (D:\TaskPro\BackEnd\src\modules\learning\validation.js:13:63)
    at validateAssignment (D:\TaskPro\BackEnd\src\modules\learning\assignment.service.js:4:3)
    at createAssignment (D:\TaskPro\BackEnd\src\modules\learning\assignment.service.js:45:3)
    at Object.createAssignment (D:\TaskPro\BackEnd\src\modules\learning\validation.js:18:22)
    at D:\TaskPro\BackEnd\src\modules\learning\assignment.controller.js:6:46
    at D:\TaskPro\BackEnd\src\utils\catchAsync.js:9:25
    at Layer.handleRequest (D:\TaskPro\BackEnd\node_modules\router\lib\layer.js:152:17)
    at next (D:\TaskPro\BackEnd\node_modules\router\lib\route.js:157:13)
    at D:\TaskPro\BackEnd\src\middlewares\authMiddleware.js:74:5
[2026-10-02 09:22:58] ERROR: POST /api/assignments - Invalid assignment type 
Error: Invalid assignment type
    at fail (D:\TaskPro\BackEnd\src\modules\learning\validation.js:2:23)
    at validateAssignment (D:\TaskPro\BackEnd\src\modules\learning\assignment.service.js:9:108)
    at createAssignment (D:\TaskPro\BackEnd\src\modules\learning\assignment.service.js:45:3)
    at Object.createAssignment (D:\TaskPro\BackEnd\src\modules\learning\validation.js:18:22)
    at D:\TaskPro\BackEnd\src\modules\learning\assignment.controller.js:6:46
    at D:\TaskPro\BackEnd\src\utils\catchAsync.js:9:25
    at Layer.handleRequest (D:\TaskPro\BackEnd\node_modules\router\lib\layer.js:152:17)
    at next (D:\TaskPro\BackEnd\node_modules\router\lib\route.js:157:13)
    at D:\TaskPro\BackEnd\src\middlewares\authMiddleware.js:74:5
    at Layer.handleRequest (D:\TaskPro\BackEnd\node_modules\router\lib\layer.js:152:17)
[2026-10-02 09:22:58] ERROR: POST /api/assignments - totalMarks must be an integer >= 1 
Error: totalMarks must be an integer >= 1
    at fail (D:\TaskPro\BackEnd\src\modules\learning\validation.js:2:23)
    at integer (D:\TaskPro\BackEnd\src\modules\learning\validation.js:7:5)
    at validateAssignment (D:\TaskPro\BackEnd\src\modules\learning\assignment.service.js:7:38)
    at createAssignment (D:\TaskPro\BackEnd\src\modules\learning\assignment.service.js:45:3)
    at Object.createAssignment (D:\TaskPro\BackEnd\src\modules\learning\validation.js:18:22)
    at D:\TaskPro\BackEnd\src\modules\learning\assignment.controller.js:6:46
    at D:\TaskPro\BackEnd\src\utils\catchAsync.js:9:25
    at Layer.handleRequest (D:\TaskPro\BackEnd\node_modules\router\lib\layer.js:152:17)
    at next (D:\TaskPro\BackEnd\node_modules\router\lib\route.js:157:13)
    at D:\TaskPro\BackEnd\src\middlewares\authMiddleware.js:74:5
[2026-10-02 09:22:58] ERROR: POST /api/assignments - totalMarks must be an integer >= 1 
Error: totalMarks must be an integer >= 1
    at fail (D:\TaskPro\BackEnd\src\modules\learning\validation.js:2:23)
    at integer (D:\TaskPro\BackEnd\src\modules\learning\validation.js:7:5)
    at validateAssignment (D:\TaskPro\BackEnd\src\modules\learning\assignment.service.js:7:38)
    at createAssignment (D:\TaskPro\BackEnd\src\modules\learning\assignment.service.js:45:3)
    at Object.createAssignment (D:\TaskPro\BackEnd\src\modules\learning\validation.js:18:22)
    at D:\TaskPro\BackEnd\src\modules\learning\assignment.controller.js:6:46
    at D:\TaskPro\BackEnd\src\utils\catchAsync.js:9:25
    at Layer.handleRequest (D:\TaskPro\BackEnd\node_modules\router\lib\layer.js:152:17)
    at next (D:\TaskPro\BackEnd\node_modules\router\lib\route.js:157:13)
    at D:\TaskPro\BackEnd\src\middlewares\authMiddleware.js:74:5
[2026-10-02 09:22:58] ERROR: POST /api/assignments - Invalid dueDate 
Error: Invalid dueDate
    at fail (D:\TaskPro\BackEnd\src\modules\learning\validation.js:2:23)
    at validateAssignment (D:\TaskPro\BackEnd\src\modules\learning\assignment.service.js:10:113)
    at createAssignment (D:\TaskPro\BackEnd\src\modules\learning\assignment.service.js:45:3)
    at Object.createAssignment (D:\TaskPro\BackEnd\src\modules\learning\validation.js:18:22)
    at D:\TaskPro\BackEnd\src\modules\learning\assignment.controller.js:6:46
    at D:\TaskPro\BackEnd\src\utils\catchAsync.js:9:25
    at Layer.handleRequest (D:\TaskPro\BackEnd\node_modules\router\lib\layer.js:152:17)
    at next (D:\TaskPro\BackEnd\node_modules\router\lib\route.js:157:13)
    at D:\TaskPro\BackEnd\src\middlewares\authMiddleware.js:74:5
    at Layer.handleRequest (D:\TaskPro\BackEnd\node_modules\router\lib\layer.js:152:17)
[2026-10-02 09:22:58] ERROR: PUT /api/assignments/5 - You are not authorized to update this assignment 
Error: You are not authorized to update this assignment
    at updateAssignment (D:\TaskPro\BackEnd\src\modules\learning\assignment.service.js:205:11)
    at async Object.updateAssignment (D:\TaskPro\BackEnd\src\modules\learning\validation.js:18:16)
    at async D:\TaskPro\BackEnd\src\modules\learning\assignment.controller.js:36:22
[2026-10-02 09:22:58] ERROR: POST /api/submissions/assignment/5 - You are not enrolled in this course 
Error: You are not enrolled in this course
    at submitAssignment (D:\TaskPro\BackEnd\src\modules\learning\submission.service.js:30:15)
    at async Object.submitAssignment (D:\TaskPro\BackEnd\src\modules\learning\validation.js:18:16)
    at async D:\TaskPro\BackEnd\src\modules\learning\submission.controller.js:6:22
[2026-10-02 09:22:58] ERROR: POST /api/submissions/assignment/5 - Submission content is required 
Error: Submission content is required
    at fail (D:\TaskPro\BackEnd\src\modules\learning\validation.js:2:23)
    at submitAssignment (D:\TaskPro\BackEnd\src\modules\learning\submission.service.js:40:107)
    at async Object.submitAssignment (D:\TaskPro\BackEnd\src\modules\learning\validation.js:18:16)
    at async D:\TaskPro\BackEnd\src\modules\learning\submission.controller.js:6:22
[2026-10-02 09:22:58] ERROR: GET /api/submissions/5 - Not authorized to view this submission 
Error: Not authorized to view this submission
    at fail (D:\TaskPro\BackEnd\src\modules\learning\validation.js:2:23)
    at getSubmissionById (D:\TaskPro\BackEnd\src\modules\learning\submission.service.js:285:138)
    at async Object.getSubmissionById (D:\TaskPro\BackEnd\src\modules\learning\validation.js:18:16)
    at async D:\TaskPro\BackEnd\src\modules\learning\submission.controller.js:66:22
[2026-10-02 09:22:58] ERROR: GET /api/submissions/5 - Not authorized to view this submission 
Error: Not authorized to view this submission
    at fail (D:\TaskPro\BackEnd\src\modules\learning\validation.js:2:23)
    at getSubmissionById (D:\TaskPro\BackEnd\src\modules\learning\submission.service.js:285:138)
    at async Object.getSubmissionById (D:\TaskPro\BackEnd\src\modules\learning\validation.js:18:16)
    at async D:\TaskPro\BackEnd\src\modules\learning\submission.controller.js:66:22
[2026-10-02 09:22:58] ERROR: GET /api/submissions/assignment/5 - Not authorized to view submissions 
Error: Not authorized to view submissions
    at fail (D:\TaskPro\BackEnd\src\modules\learning\validation.js:2:23)
    at getSubmissionsByAssignment (D:\TaskPro\BackEnd\src\modules\learning\submission.service.js:81:87)
    at async Object.getSubmissionsByAssignment (D:\TaskPro\BackEnd\src\modules\learning\validation.js:18:16)
    at async D:\TaskPro\BackEnd\src\modules\learning\submission.controller.js:21:5
[2026-10-02 09:22:58] ERROR: PUT /api/submissions/5/grade - You are not authorized to grade this submission 
Error: You are not authorized to grade this submission
    at gradeSubmission (D:\TaskPro\BackEnd\src\modules\learning\submission.service.js:204:15)
    at async Object.gradeSubmission (D:\TaskPro\BackEnd\src\modules\learning\validation.js:18:16)
    at async D:\TaskPro\BackEnd\src\modules\learning\submission.controller.js:56:22
[2026-10-02 09:22:58] ERROR: PUT /api/submissions/5/grade - marks must be an integer >= 0 
Error: marks must be an integer >= 0
    at fail (D:\TaskPro\BackEnd\src\modules\learning\validation.js:2:23)
    at integer (D:\TaskPro\BackEnd\src\modules\learning\validation.js:7:5)
    at gradeSubmission (D:\TaskPro\BackEnd\src\modules\learning\submission.service.js:208:30)
    at async Object.gradeSubmission (D:\TaskPro\BackEnd\src\modules\learning\validation.js:18:16)
    at async D:\TaskPro\BackEnd\src\modules\learning\submission.controller.js:56:22
[2026-10-02 09:22:58] ERROR: PUT /api/submissions/5/grade - Marks cannot exceed total marks (20) 
Error: Marks cannot exceed total marks (20)
    at gradeSubmission (D:\TaskPro\BackEnd\src\modules\learning\submission.service.js:214:15)
    at async Object.gradeSubmission (D:\TaskPro\BackEnd\src\modules\learning\validation.js:18:16)
    at async D:\TaskPro\BackEnd\src\modules\learning\submission.controller.js:56:22
[2026-10-02 09:22:58] ERROR: PUT /api/submissions/5/grade - marks must be an integer >= 0 
Error: marks must be an integer >= 0
    at fail (D:\TaskPro\BackEnd\src\modules\learning\validation.js:2:23)
    at integer (D:\TaskPro\BackEnd\src\modules\learning\validation.js:7:5)
    at gradeSubmission (D:\TaskPro\BackEnd\src\modules\learning\submission.service.js:208:30)
    at async Object.gradeSubmission (D:\TaskPro\BackEnd\src\modules\learning\validation.js:18:16)
    at async D:\TaskPro\BackEnd\src\modules\learning\submission.controller.js:56:22
[2026-10-02 09:22:58] ERROR: PUT /api/submissions/5/grade - Invalid submission status 
Error: Invalid submission status
    at fail (D:\TaskPro\BackEnd\src\modules\learning\validation.js:2:23)
    at gradeSubmission (D:\TaskPro\BackEnd\src\modules\learning\submission.service.js:210:100)
    at async Object.gradeSubmission (D:\TaskPro\BackEnd\src\modules\learning\validation.js:18:16)
    at async D:\TaskPro\BackEnd\src\modules\learning\submission.controller.js:56:22
[2026-10-02 09:22:58] ERROR: POST /api/submissions/assignment/5 - The due date for this assignment has passed 
Error: The due date for this assignment has passed
    at submitAssignment (D:\TaskPro\BackEnd\src\modules\learning\submission.service.js:35:15)
    at async Object.submitAssignment (D:\TaskPro\BackEnd\src\modules\learning\validation.js:18:16)
    at async D:\TaskPro\BackEnd\src\modules\learning\submission.controller.js:6:22
[2026-10-02 09:22:58] ERROR: PUT /api/progress/lesson/147/watch-time - Not enrolled in this course 
Error: Not enrolled in this course
    at fail (D:\TaskPro\BackEnd\src\modules\learning\validation.js:2:23)
    at verifyEnrollment (D:\TaskPro\BackEnd\src\modules\learning\progress.service.js:5:55)
    at async updateWatchTime (D:\TaskPro\BackEnd\src\modules\learning\progress.service.js:176:3)
    at async Object.updateWatchTime (D:\TaskPro\BackEnd\src\modules\learning\validation.js:18:16)
    at async D:\TaskPro\BackEnd\src\modules\learning\progress.controller.js:28:18
[2026-10-02 09:22:58] ERROR: POST /api/progress/lesson/147/complete - Not enrolled in this course 
Error: Not enrolled in this course
    at markLessonComplete (D:\TaskPro\BackEnd\src\modules\learning\progress.service.js:84:11)
    at async Object.markLessonComplete (D:\TaskPro\BackEnd\src\modules\learning\validation.js:18:16)
    at async D:\TaskPro\BackEnd\src\modules\learning\progress.controller.js:6:18
[2026-10-02 09:22:58] ERROR: PUT /api/progress/lesson/147/watch-time - watchTime must be an integer >= 0 
Error: watchTime must be an integer >= 0
    at fail (D:\TaskPro\BackEnd\src\modules\learning\validation.js:2:23)
    at integer (D:\TaskPro\BackEnd\src\modules\learning\validation.js:7:5)
    at updateWatchTime (D:\TaskPro\BackEnd\src\modules\learning\progress.service.js:166:3)
    at Object.updateWatchTime (D:\TaskPro\BackEnd\src\modules\learning\validation.js:18:22)
    at D:\TaskPro\BackEnd\src\modules\learning\progress.controller.js:28:40
    at D:\TaskPro\BackEnd\src\utils\catchAsync.js:9:25
    at Layer.handleRequest (D:\TaskPro\BackEnd\node_modules\router\lib\layer.js:152:17)
    at next (D:\TaskPro\BackEnd\node_modules\router\lib\route.js:157:13)
    at D:\TaskPro\BackEnd\src\middlewares\authMiddleware.js:74:5
    at Layer.handleRequest (D:\TaskPro\BackEnd\node_modules\router\lib\layer.js:152:17)
[2026-10-02 09:22:58] ERROR: PUT /api/progress/lesson/147/watch-time - watchTime must be an integer >= 0 
Error: watchTime must be an integer >= 0
    at fail (D:\TaskPro\BackEnd\src\modules\learning\validation.js:2:23)
    at integer (D:\TaskPro\BackEnd\src\modules\learning\validation.js:7:5)
    at updateWatchTime (D:\TaskPro\BackEnd\src\modules\learning\progress.service.js:166:3)
    at Object.updateWatchTime (D:\TaskPro\BackEnd\src\modules\learning\validation.js:18:22)
    at D:\TaskPro\BackEnd\src\modules\learning\progress.controller.js:28:40
    at D:\TaskPro\BackEnd\src\utils\catchAsync.js:9:25
    at Layer.handleRequest (D:\TaskPro\BackEnd\node_modules\router\lib\layer.js:152:17)
    at next (D:\TaskPro\BackEnd\node_modules\router\lib\route.js:157:13)
    at D:\TaskPro\BackEnd\src\middlewares\authMiddleware.js:74:5
    at Layer.handleRequest (D:\TaskPro\BackEnd\node_modules\router\lib\layer.js:152:17)
[2026-10-02 09:22:58] ERROR: PUT /api/progress/lesson/147/watch-time - watchTime must be an integer >= 0 
Error: watchTime must be an integer >= 0
    at fail (D:\TaskPro\BackEnd\src\modules\learning\validation.js:2:23)
    at integer (D:\TaskPro\BackEnd\src\modules\learning\validation.js:7:5)
    at updateWatchTime (D:\TaskPro\BackEnd\src\modules\learning\progress.service.js:166:3)
    at Object.updateWatchTime (D:\TaskPro\BackEnd\src\modules\learning\validation.js:18:22)
    at D:\TaskPro\BackEnd\src\modules\learning\progress.controller.js:28:40
    at D:\TaskPro\BackEnd\src\utils\catchAsync.js:9:25
    at Layer.handleRequest (D:\TaskPro\BackEnd\node_modules\router\lib\layer.js:152:17)
    at next (D:\TaskPro\BackEnd\node_modules\router\lib\route.js:157:13)
    at D:\TaskPro\BackEnd\src\middlewares\authMiddleware.js:74:5
    at Layer.handleRequest (D:\TaskPro\BackEnd\node_modules\router\lib\layer.js:152:17)
[2026-10-02 09:22:58] ERROR: PUT /api/progress/lesson/147/watch-time - watchTime must be an integer >= 0 
Error: watchTime must be an integer >= 0
    at fail (D:\TaskPro\BackEnd\src\modules\learning\validation.js:2:23)
    at integer (D:\TaskPro\BackEnd\src\modules\learning\validation.js:7:5)
    at updateWatchTime (D:\TaskPro\BackEnd\src\modules\learning\progress.service.js:166:3)
    at Object.updateWatchTime (D:\TaskPro\BackEnd\src\modules\learning\validation.js:18:22)
    at D:\TaskPro\BackEnd\src\modules\learning\progress.controller.js:28:40
    at D:\TaskPro\BackEnd\src\utils\catchAsync.js:9:25
    at Layer.handleRequest (D:\TaskPro\BackEnd\node_modules\router\lib\layer.js:152:17)
    at next (D:\TaskPro\BackEnd\node_modules\router\lib\route.js:157:13)
    at D:\TaskPro\BackEnd\src\middlewares\authMiddleware.js:74:5
    at Layer.handleRequest (D:\TaskPro\BackEnd\node_modules\router\lib\layer.js:152:17)
[2026-10-02 09:22:58] ERROR: POST /api/progress/lesson/147/complete - Not enrolled in this course 
Error: Not enrolled in this course
    at markLessonComplete (D:\TaskPro\BackEnd\src\modules\learning\progress.service.js:84:11)
    at async Object.markLessonComplete (D:\TaskPro\BackEnd\src\modules\learning\validation.js:18:16)
    at async D:\TaskPro\BackEnd\src\modules\learning\progress.controller.js:6:18
[2026-10-02 09:22:58] ERROR: POST /api/progress/lesson/147/incomplete - Not enrolled in this course 
Error: Not enrolled in this course
    at fail (D:\TaskPro\BackEnd\src\modules\learning\validation.js:2:23)
    at verifyEnrollment (D:\TaskPro\BackEnd\src\modules\learning\progress.service.js:5:55)
    at async markLessonIncomplete (D:\TaskPro\BackEnd\src\modules\learning\progress.service.js:127:3)
    at async Object.markLessonIncomplete (D:\TaskPro\BackEnd\src\modules\learning\validation.js:18:16)
    at async D:\TaskPro\BackEnd\src\modules\learning\progress.controller.js:14:18
[2026-10-02 09:22:58] ERROR: PUT /api/progress/lesson/147/watch-time - Not enrolled in this course 
Error: Not enrolled in this course
    at fail (D:\TaskPro\BackEnd\src\modules\learning\validation.js:2:23)
    at verifyEnrollment (D:\TaskPro\BackEnd\src\modules\learning\progress.service.js:5:55)
    at async updateWatchTime (D:\TaskPro\BackEnd\src\modules\learning\progress.service.js:176:3)
    at async Object.updateWatchTime (D:\TaskPro\BackEnd\src\modules\learning\validation.js:18:16)
    at async D:\TaskPro\BackEnd\src\modules\learning\progress.controller.js:28:18
[2026-10-02 09:22:58] ERROR: GET /api/progress/course/34 - Not enrolled in this course 
Error: Not enrolled in this course
    at getCourseProgress (D:\TaskPro\BackEnd\src\modules\learning\progress.service.js:211:11)
    at async Object.getCourseProgress (D:\TaskPro\BackEnd\src\modules\learning\validation.js:18:16)
    at async D:\TaskPro\BackEnd\src\modules\learning\progress.controller.js:37:18
[2026-10-02 09:22:59] ERROR: POST /api/reviews/course/34 - You must be enrolled in this course to leave a review 
Error: You must be enrolled in this course to leave a review
    at createReview (D:\TaskPro\BackEnd\src\modules\learning\review.service.js:31:11)
    at async Object.createReview (D:\TaskPro\BackEnd\src\modules\learning\validation.js:18:16)
    at async D:\TaskPro\BackEnd\src\modules\learning\review.controller.js:6:18
[2026-10-02 09:22:59] ERROR: POST /api/reviews/course/34 - You must be enrolled in this course to leave a review 
Error: You must be enrolled in this course to leave a review
    at createReview (D:\TaskPro\BackEnd\src\modules\learning\review.service.js:31:11)
    at async Object.createReview (D:\TaskPro\BackEnd\src\modules\learning\validation.js:18:16)
    at async D:\TaskPro\BackEnd\src\modules\learning\review.controller.js:6:18
[2026-10-02 09:22:59] ERROR: POST /api/reviews/course/34 - rating must be an integer >= 1 
Error: rating must be an integer >= 1
    at fail (D:\TaskPro\BackEnd\src\modules\learning\validation.js:2:23)
    at integer (D:\TaskPro\BackEnd\src\modules\learning\validation.js:7:5)
    at createReview (D:\TaskPro\BackEnd\src\modules\learning\review.service.js:13:3)
    at Object.createReview (D:\TaskPro\BackEnd\src\modules\learning\validation.js:18:22)
    at D:\TaskPro\BackEnd\src\modules\learning\review.controller.js:6:38
    at D:\TaskPro\BackEnd\src\utils\catchAsync.js:9:25
    at Layer.handleRequest (D:\TaskPro\BackEnd\node_modules\router\lib\layer.js:152:17)
    at next (D:\TaskPro\BackEnd\node_modules\router\lib\route.js:157:13)
    at D:\TaskPro\BackEnd\src\middlewares\authMiddleware.js:74:5
    at Layer.handleRequest (D:\TaskPro\BackEnd\node_modules\router\lib\layer.js:152:17)
[2026-10-02 09:22:59] ERROR: POST /api/reviews/course/34 - Rating must be between 1 and 5 
Error: Rating must be between 1 and 5
    at createReview (D:\TaskPro\BackEnd\src\modules\learning\review.service.js:17:11)
    at Object.createReview (D:\TaskPro\BackEnd\src\modules\learning\validation.js:18:22)
    at D:\TaskPro\BackEnd\src\modules\learning\review.controller.js:6:38
    at D:\TaskPro\BackEnd\src\utils\catchAsync.js:9:25
    at Layer.handleRequest (D:\TaskPro\BackEnd\node_modules\router\lib\layer.js:152:17)
    at next (D:\TaskPro\BackEnd\node_modules\router\lib\route.js:157:13)
    at D:\TaskPro\BackEnd\src\middlewares\authMiddleware.js:74:5
    at Layer.handleRequest (D:\TaskPro\BackEnd\node_modules\router\lib\layer.js:152:17)
    at next (D:\TaskPro\BackEnd\node_modules\router\lib\route.js:157:13)
    at authenticate (D:\TaskPro\BackEnd\src\middlewares\authMiddleware.js:44:5)
[2026-10-02 09:22:59] ERROR: POST /api/reviews/course/34 - rating must be an integer >= 1 
Error: rating must be an integer >= 1
    at fail (D:\TaskPro\BackEnd\src\modules\learning\validation.js:2:23)
    at integer (D:\TaskPro\BackEnd\src\modules\learning\validation.js:7:5)
    at createReview (D:\TaskPro\BackEnd\src\modules\learning\review.service.js:13:3)
    at Object.createReview (D:\TaskPro\BackEnd\src\modules\learning\validation.js:18:22)
    at D:\TaskPro\BackEnd\src\modules\learning\review.controller.js:6:38
    at D:\TaskPro\BackEnd\src\utils\catchAsync.js:9:25
    at Layer.handleRequest (D:\TaskPro\BackEnd\node_modules\router\lib\layer.js:152:17)
    at next (D:\TaskPro\BackEnd\node_modules\router\lib\route.js:157:13)
    at D:\TaskPro\BackEnd\src\middlewares\authMiddleware.js:74:5
    at Layer.handleRequest (D:\TaskPro\BackEnd\node_modules\router\lib\layer.js:152:17)
[2026-10-02 09:22:59] ERROR: POST /api/reviews/course/34 - rating must be an integer >= 1 
Error: rating must be an integer >= 1
    at fail (D:\TaskPro\BackEnd\src\modules\learning\validation.js:2:23)
    at integer (D:\TaskPro\BackEnd\src\modules\learning\validation.js:7:5)
    at createReview (D:\TaskPro\BackEnd\src\modules\learning\review.service.js:13:3)
    at Object.createReview (D:\TaskPro\BackEnd\src\modules\learning\validation.js:18:22)
    at D:\TaskPro\BackEnd\src\modules\learning\review.controller.js:6:38
    at D:\TaskPro\BackEnd\src\utils\catchAsync.js:9:25
    at Layer.handleRequest (D:\TaskPro\BackEnd\node_modules\router\lib\layer.js:152:17)
    at next (D:\TaskPro\BackEnd\node_modules\router\lib\route.js:157:13)
    at D:\TaskPro\BackEnd\src\middlewares\authMiddleware.js:74:5
    at Layer.handleRequest (D:\TaskPro\BackEnd\node_modules\router\lib\layer.js:152:17)
[2026-10-02 09:22:59] ERROR: POST /api/reviews/course/34 - You have already reviewed this course 
Error: You have already reviewed this course
    at createReview (D:\TaskPro\BackEnd\src\modules\learning\review.service.js:45:11)
    at async Object.createReview (D:\TaskPro\BackEnd\src\modules\learning\validation.js:18:16)
    at async D:\TaskPro\BackEnd\src\modules\learning\review.controller.js:6:18
[2026-10-02 09:22:59] ERROR: PUT /api/reviews/5 - You can only update your own review 
Error: You can only update your own review
    at updateReview (D:\TaskPro\BackEnd\src\modules\learning\review.service.js:115:11)
    at async Object.updateReview (D:\TaskPro\BackEnd\src\modules\learning\validation.js:18:16)
    at async D:\TaskPro\BackEnd\src\modules\learning\review.controller.js:23:18
[2026-10-02 09:22:59] ERROR: DELETE /api/reviews/5 - You can only delete your own review 
Error: You can only delete your own review
    at deleteReview (D:\TaskPro\BackEnd\src\modules\learning\review.service.js:161:11)
    at async Object.deleteReview (D:\TaskPro\BackEnd\src\modules\learning\validation.js:18:16)
    at async D:\TaskPro\BackEnd\src\modules\learning\review.controller.js:32:18
[2026-10-02 09:22:59] ERROR: PUT /api/reviews/5 - rating must be an integer >= 1 
Error: rating must be an integer >= 1
    at fail (D:\TaskPro\BackEnd\src\modules\learning\validation.js:2:23)
    at integer (D:\TaskPro\BackEnd\src\modules\learning\validation.js:7:5)
    at updateReview (D:\TaskPro\BackEnd\src\modules\learning\review.service.js:121:5)
    at async Object.updateReview (D:\TaskPro\BackEnd\src\modules\learning\validation.js:18:16)
    at async D:\TaskPro\BackEnd\src\modules\learning\review.controller.js:23:18
[2026-10-02 09:22:59] ERROR: POST /api/progress/lesson/147/incomplete - Not enrolled in this course 
Error: Not enrolled in this course
    at fail (D:\TaskPro\BackEnd\src\modules\learning\validation.js:2:23)
    at verifyEnrollment (D:\TaskPro\BackEnd\src\modules\learning\progress.service.js:5:55)
    at async markLessonIncomplete (D:\TaskPro\BackEnd\src\modules\learning\progress.service.js:127:3)
    at async Object.markLessonIncomplete (D:\TaskPro\BackEnd\src\modules\learning\validation.js:18:16)
    at async D:\TaskPro\BackEnd\src\modules\learning\progress.controller.js:14:18
[2026-10-02 09:22:59] ERROR: GET /api/progress/course/34 - Not enrolled in this course 
Error: Not enrolled in this course
    at getCourseProgress (D:\TaskPro\BackEnd\src\modules\learning\progress.service.js:211:11)
    at async Object.getCourseProgress (D:\TaskPro\BackEnd\src\modules\learning\validation.js:18:16)
    at async D:\TaskPro\BackEnd\src\modules\learning\progress.controller.js:37:18
[2026-10-02 09:22:59] ERROR: DELETE /api/assignments/5 - You are not authorized to delete this assignment 
Error: You are not authorized to delete this assignment
    at deleteAssignment (D:\TaskPro\BackEnd\src\modules\learning\assignment.service.js:263:11)
    at async Object.deleteAssignment (D:\TaskPro\BackEnd\src\modules\learning\validation.js:18:16)
    at async D:\TaskPro\BackEnd\src\modules\learning\assignment.controller.js:46:18
[2026-10-02 09:22:59] ERROR: GET /api/assignments/5 - Assignment not found 
Error: Assignment not found
    at getAssignmentById (D:\TaskPro\BackEnd\src\modules\learning\assignment.service.js:183:11)
    at async Object.getAssignmentById (D:\TaskPro\BackEnd\src\modules\learning\validation.js:18:16)
    at async D:\TaskPro\BackEnd\src\modules\learning\assignment.controller.js:29:22
[2026-10-02 09:23:06] ERROR: POST /api/auth/login - Invalid email or password 
Error: Invalid email or password
    at authError (D:\TaskPro\BackEnd\src\modules\auth\auth.service.js:5:64)
    at Object.loginUser (D:\TaskPro\BackEnd\src\modules\auth\auth.service.js:166:11)
    at async D:\TaskPro\BackEnd\src\modules\auth\auth.controller.js:16:18
[2026-10-02 09:23:06] ERROR: PUT /api/auth/profile - Full name is required 
Error: Full name is required
    at authError (D:\TaskPro\BackEnd\src\modules\auth\auth.service.js:5:64)
    at Object.updateProfile (D:\TaskPro\BackEnd\src\modules\auth\auth.service.js:237:124)
    at D:\TaskPro\BackEnd\src\modules\auth\auth.controller.js:26:34
    at D:\TaskPro\BackEnd\src\utils\catchAsync.js:9:25
    at Layer.handleRequest (D:\TaskPro\BackEnd\node_modules\router\lib\layer.js:152:17)
    at next (D:\TaskPro\BackEnd\node_modules\router\lib\route.js:157:13)
    at authenticate (D:\TaskPro\BackEnd\src\middlewares\authMiddleware.js:44:5)
[2026-10-02 09:23:06] ERROR: PUT /api/auth/profile - Invalid email address 
Error: Invalid email address
    at authError (D:\TaskPro\BackEnd\src\modules\auth\auth.service.js:5:64)
    at Object.updateProfile (D:\TaskPro\BackEnd\src\modules\auth\auth.service.js:239:116)
    at D:\TaskPro\BackEnd\src\modules\auth\auth.controller.js:26:34
    at D:\TaskPro\BackEnd\src\utils\catchAsync.js:9:25
    at Layer.handleRequest (D:\TaskPro\BackEnd\node_modules\router\lib\layer.js:152:17)
    at next (D:\TaskPro\BackEnd\node_modules\router\lib\route.js:157:13)
    at authenticate (D:\TaskPro\BackEnd\src\middlewares\authMiddleware.js:44:5)
[2026-10-02 09:23:06] ERROR: PUT /api/auth/profile - Email is already in use by another account 
Error: Email is already in use by another account
    at authError (D:\TaskPro\BackEnd\src\modules\auth\auth.service.js:5:64)
    at Object.updateProfile (D:\TaskPro\BackEnd\src\modules\auth\auth.service.js:258:13)
    at async D:\TaskPro\BackEnd\src\modules\auth\auth.controller.js:26:16
[2026-10-02 09:23:06] ERROR: PUT /api/auth/change-password - Current password is incorrect 
Error: Current password is incorrect
    at authError (D:\TaskPro\BackEnd\src\modules\auth\auth.service.js:5:64)
    at Object.changePassword (D:\TaskPro\BackEnd\src\modules\auth\auth.service.js:309:11)
    at async D:\TaskPro\BackEnd\src\modules\auth\auth.controller.js:72:18
[2026-10-02 09:23:06] ERROR: PUT /api/auth/change-password - Current password and a new password of at least 8 characters are required 
Error: Current password and a new password of at least 8 characters are required
    at authError (D:\TaskPro\BackEnd\src\modules\auth\auth.service.js:5:64)
    at Object.changePassword (D:\TaskPro\BackEnd\src\modules\auth\auth.service.js:298:111)
    at D:\TaskPro\BackEnd\src\modules\auth\auth.controller.js:72:36
    at D:\TaskPro\BackEnd\src\utils\catchAsync.js:9:25
    at Layer.handleRequest (D:\TaskPro\BackEnd\node_modules\router\lib\layer.js:152:17)
    at next (D:\TaskPro\BackEnd\node_modules\router\lib\route.js:157:13)
    at authenticate (D:\TaskPro\BackEnd\src\middlewares\authMiddleware.js:44:5)
[2026-10-02 09:23:06] ERROR: POST /api/auth/register - Public registration is only available for student accounts 
Error: Public registration is only available for student accounts
    at authError (D:\TaskPro\BackEnd\src\modules\auth\auth.service.js:5:64)
    at Object.registerUser (D:\TaskPro\BackEnd\src\modules\auth\auth.service.js:45:94)
    at async D:\TaskPro\BackEnd\src\modules\auth\auth.controller.js:8:18
[2026-10-02 09:23:06] ERROR: POST /api/auth/register - Invalid OTP provided 
Error: Invalid OTP provided
    at authError (D:\TaskPro\BackEnd\src\modules\auth\auth.service.js:5:64)
    at Object.registerUser (D:\TaskPro\BackEnd\src\modules\auth\auth.service.js:66:11)
    at async D:\TaskPro\BackEnd\src\modules\auth\auth.controller.js:8:18
[2026-10-02 09:23:06] ERROR: POST /api/auth/register - OTP not requested or expired 
Error: OTP not requested or expired
    at authError (D:\TaskPro\BackEnd\src\modules\auth\auth.service.js:5:64)
    at Object.registerUser (D:\TaskPro\BackEnd\src\modules\auth\auth.service.js:55:11)
    at async D:\TaskPro\BackEnd\src\modules\auth\auth.controller.js:8:18
[2026-10-02 09:23:07] ERROR: POST /api/categories - Category name is required 
Error: Category name is required
    at categoryError (D:\TaskPro\BackEnd\src\modules\courses\category.service.js:2:68)
    at validateCategory (D:\TaskPro\BackEnd\src\modules\courses\category.service.js:4:94)
    at Object.createCategory (D:\TaskPro\BackEnd\src\modules\courses\category.service.js:23:3)
    at D:\TaskPro\BackEnd\src\modules\courses\category.controller.js:10:42
    at D:\TaskPro\BackEnd\src\utils\catchAsync.js:9:25
    at Layer.handleRequest (D:\TaskPro\BackEnd\node_modules\router\lib\layer.js:152:17)
    at next (D:\TaskPro\BackEnd\node_modules\router\lib\route.js:157:13)
    at D:\TaskPro\BackEnd\src\middlewares\authMiddleware.js:74:5
    at Layer.handleRequest (D:\TaskPro\BackEnd\node_modules\router\lib\layer.js:152:17)
    at next (D:\TaskPro\BackEnd\node_modules\router\lib\route.js:157:13)
[2026-10-02 09:23:07] ERROR: POST /api/categories - Category with this name already exists 
Error: Category with this name already exists
    at categoryError (D:\TaskPro\BackEnd\src\modules\courses\category.service.js:2:68)
    at Object.createCategory (D:\TaskPro\BackEnd\src\modules\courses\category.service.js:30:11)
    at async D:\TaskPro\BackEnd\src\modules\courses\category.controller.js:10:20
[2026-10-02 09:23:07] ERROR: PUT /api/categories/20 - Category hierarchy cannot contain a cycle 
Error: Category hierarchy cannot contain a cycle
    at categoryError (D:\TaskPro\BackEnd\src\modules\courses\category.service.js:2:68)
    at Object.updateCategory (D:\TaskPro\BackEnd\src\modules\courses\category.service.js:175:83)
    at async D:\TaskPro\BackEnd\src\modules\courses\category.controller.js:33:20
[2026-10-02 09:23:07] ERROR: DELETE /api/categories/20 - Cannot delete category with subcategories. Delete or reassign children first. 
Error: Cannot delete category with subcategories. Delete or reassign children first.
    at categoryError (D:\TaskPro\BackEnd\src\modules\courses\category.service.js:2:68)
    at Object.deleteCategory (D:\TaskPro\BackEnd\src\modules\courses\category.service.js:212:11)
    at async D:\TaskPro\BackEnd\src\modules\courses\category.controller.js:42:18
[2026-10-02 09:23:07] ERROR: GET /api/categories/20 - Category not found 
Error: Category not found
    at categoryError (D:\TaskPro\BackEnd\src\modules\courses\category.service.js:2:68)
    at Object.getCategoryById (D:\TaskPro\BackEnd\src\modules\courses\category.service.js:117:11)
    at async D:\TaskPro\BackEnd\src\modules\courses\category.controller.js:24:20
[2026-10-02 09:23:07] ERROR: POST /api/resources/8/download - 
Invalid `prisma.resource.update()` invocation in
D:\TaskPro\BackEnd\src\modules\courses\resource.service.js:42:34

  39 },
  40 
  41 incrementDownload: async (resourceId) => {
→ 42   return await prisma.resource.update(
An operation failed because it depends on one or more records that were required but not found. No record was found for an update. 
PrismaClientKnownRequestError: 
Invalid `prisma.resource.update()` invocation in
D:\TaskPro\BackEnd\src\modules\courses\resource.service.js:42:34

  39 },
  40 
  41 incrementDownload: async (resourceId) => {
→ 42   return await prisma.resource.update(
An operation failed because it depends on one or more records that were required but not found. No record was found for an update.
    at ei.handleRequestError (D:\TaskPro\BackEnd\node_modules\@prisma\client\runtime\library.js:121:7268)
    at ei.handleAndLogRequestError (D:\TaskPro\BackEnd\node_modules\@prisma\client\runtime\library.js:121:6593)
    at ei.request (D:\TaskPro\BackEnd\node_modules\@prisma\client\runtime\library.js:121:6300)
    at async a (D:\TaskPro\BackEnd\node_modules\@prisma\client\runtime\library.js:130:9551)
    at async Object.incrementDownload (D:\TaskPro\BackEnd\src\modules\courses\resource.service.js:42:12)
    at async D:\TaskPro\BackEnd\src\modules\courses\resource.controller.js:66:22
[2026-10-02 09:23:07] ERROR: POST /api/problems - title is required 
Error: title is required
    at failure (D:\TaskPro\BackEnd\src\modules\practice\practiceValidation.js:2:62)
    at validateProblem (D:\TaskPro\BackEnd\src\modules\practice\practiceValidation.js:20:116)
    at D:\TaskPro\BackEnd\src\modules\practice\codingProblem.controller.js:8:5
    at D:\TaskPro\BackEnd\src\utils\catchAsync.js:9:25
    at Layer.handleRequest (D:\TaskPro\BackEnd\node_modules\router\lib\layer.js:152:17)
    at next (D:\TaskPro\BackEnd\node_modules\router\lib\route.js:157:13)
    at D:\TaskPro\BackEnd\src\middlewares\authMiddleware.js:74:5
    at Layer.handleRequest (D:\TaskPro\BackEnd\node_modules\router\lib\layer.js:152:17)
    at next (D:\TaskPro\BackEnd\node_modules\router\lib\route.js:157:13)
    at Route.dispatch (D:\TaskPro\BackEnd\node_modules\router\lib\route.js:117:3)
[2026-10-02 09:23:07] ERROR: POST /api/coding-submissions/problem/25/run - Code cannot be empty 
Error: Code cannot be empty
    at failure (D:\TaskPro\BackEnd\src\modules\practice\practiceValidation.js:2:62)
    at D:\TaskPro\BackEnd\src\modules\practice\codingSubmission.controller.js:9:83
    at D:\TaskPro\BackEnd\src\utils\catchAsync.js:9:25
    at Layer.handleRequest (D:\TaskPro\BackEnd\node_modules\router\lib\layer.js:152:17)
    at next (D:\TaskPro\BackEnd\node_modules\router\lib\route.js:157:13)
    at Route.dispatch (D:\TaskPro\BackEnd\node_modules\router\lib\route.js:117:3)
    at handle (D:\TaskPro\BackEnd\node_modules\router\index.js:435:11)
    at Layer.handleRequest (D:\TaskPro\BackEnd\node_modules\router\lib\layer.js:152:17)
    at D:\TaskPro\BackEnd\node_modules\router\index.js:295:15
    at param (D:\TaskPro\BackEnd\node_modules\router\index.js:600:14)
[2026-10-02 09:23:07] ERROR: POST /api/coding-submissions/problem/25/submit - Code cannot be empty 
Error: Code cannot be empty
    at failure (D:\TaskPro\BackEnd\src\modules\practice\practiceValidation.js:2:62)
    at D:\TaskPro\BackEnd\src\modules\practice\codingSubmission.controller.js:23:83
    at D:\TaskPro\BackEnd\src\utils\catchAsync.js:9:25
    at Layer.handleRequest (D:\TaskPro\BackEnd\node_modules\router\lib\layer.js:152:17)
    at next (D:\TaskPro\BackEnd\node_modules\router\lib\route.js:157:13)
    at Route.dispatch (D:\TaskPro\BackEnd\node_modules\router\lib\route.js:117:3)
    at handle (D:\TaskPro\BackEnd\node_modules\router\index.js:435:11)
    at Layer.handleRequest (D:\TaskPro\BackEnd\node_modules\router\lib\layer.js:152:17)
    at D:\TaskPro\BackEnd\node_modules\router\index.js:295:15
    at param (D:\TaskPro\BackEnd\node_modules\router\index.js:600:14)
[2026-10-02 09:23:07] ERROR: PUT /api/problems/25 - Only the problem creator or admin can make this change 
Error: Only the problem creator or admin can make this change
    at failure (D:\TaskPro\BackEnd\src\modules\practice\practiceValidation.js:2:62)
    at ownProblem (D:\TaskPro\BackEnd\src\modules\practice\practiceValidation.js:10:73)
    at async D:\TaskPro\BackEnd\src\modules\practice\codingProblem.controller.js:40:5
[2026-10-02 09:23:07] ERROR: PUT /api/problems/25 - Invalid supported languages 
Error: Invalid supported languages
    at failure (D:\TaskPro\BackEnd\src\modules\practice\practiceValidation.js:2:62)
    at validateProblem (D:\TaskPro\BackEnd\src\modules\practice\practiceValidation.js:25:99)
    at D:\TaskPro\BackEnd\src\modules\practice\codingProblem.controller.js:41:5
[2026-10-02 09:23:07] ERROR: POST /api/testcases/problem/25 - Only the problem creator or admin can make this change 
Error: Only the problem creator or admin can make this change
    at failure (D:\TaskPro\BackEnd\src\modules\practice\practiceValidation.js:2:62)
    at ownProblem (D:\TaskPro\BackEnd\src\modules\practice\practiceValidation.js:10:73)
    at async D:\TaskPro\BackEnd\src\modules\practice\testCase.controller.js:14:5
[2026-10-02 09:23:07] ERROR: PUT /api/testcases/60 - Only the problem creator or admin can make this change 
Error: Only the problem creator or admin can make this change
    at failure (D:\TaskPro\BackEnd\src\modules\practice\practiceValidation.js:2:62)
    at ownProblem (D:\TaskPro\BackEnd\src\modules\practice\practiceValidation.js:10:73)
    at async D:\TaskPro\BackEnd\src\modules\practice\testCase.controller.js:29:5
[2026-10-02 09:23:07] ERROR: PUT /api/testcases/60 - isHidden must be boolean 
Error: isHidden must be boolean
    at failure (D:\TaskPro\BackEnd\src\modules\practice\practiceValidation.js:2:62)
    at validateTestCase (D:\TaskPro\BackEnd\src\modules\practice\practiceValidation.js:34:80)
    at D:\TaskPro\BackEnd\src\modules\practice\testCase.controller.js:30:5
[2026-10-02 09:23:08] ERROR: GET /api/coding-submissions/20 - Submission access denied 
Error: Submission access denied
    at failure (D:\TaskPro\BackEnd\src\modules\practice\practiceValidation.js:2:62)
    at D:\TaskPro\BackEnd\src\modules\practice\codingSubmission.controller.js:49:94
[2026-10-02 09:23:08] ERROR: POST /api/coding-submissions/problem/25/run - The code execution service is not configured 
Error: The code execution service is not configured
    at executeCode (D:\TaskPro\BackEnd\src\modules\practice\codeExecution.service.js:6:87)
    at Object.runCode (D:\TaskPro\BackEnd\src\modules\practice\codingSubmission.service.js:123:35)
    at async D:\TaskPro\BackEnd\src\modules\practice\codingSubmission.controller.js:12:20
[2026-10-02 09:32:47] ERROR: POST /api/chat - Invalid ID 
Error: Invalid ID
    at id (D:\TaskPro\BackEnd\src\modules\community\validation.js:6:11)
    at Object.getOrCreateConversation (D:\TaskPro\BackEnd\src\modules\community\chat.service.js:93:18)
    at D:\TaskPro\BackEnd\src\modules\community\chat.controller.js:19:42
    at D:\TaskPro\BackEnd\src\utils\catchAsync.js:9:25
    at Layer.handleRequest (D:\TaskPro\BackEnd\node_modules\router\lib\layer.js:152:17)
    at next (D:\TaskPro\BackEnd\node_modules\router\lib\route.js:157:13)
    at Route.dispatch (D:\TaskPro\BackEnd\node_modules\router\lib\route.js:117:3)
    at handle (D:\TaskPro\BackEnd\node_modules\router\index.js:435:11)
    at Layer.handleRequest (D:\TaskPro\BackEnd\node_modules\router\lib\layer.js:152:17)
    at D:\TaskPro\BackEnd\node_modules\router\index.js:295:15
[2026-10-02 09:32:47] ERROR: POST /api/chat - Invalid ID 
Error: Invalid ID
    at id (D:\TaskPro\BackEnd\src\modules\community\validation.js:6:11)
    at validateIds (D:\TaskPro\BackEnd\src\modules\community\validation.js:17:68)
    at Layer.handleRequest (D:\TaskPro\BackEnd\node_modules\router\lib\layer.js:152:17)
    at trimPrefix (D:\TaskPro\BackEnd\node_modules\router\index.js:342:13)
    at D:\TaskPro\BackEnd\node_modules\router\index.js:297:9
    at processParams (D:\TaskPro\BackEnd\node_modules\router\index.js:582:12)
    at next (D:\TaskPro\BackEnd\node_modules\router\index.js:291:5)
    at authenticate (D:\TaskPro\BackEnd\src\middlewares\authMiddleware.js:44:5)
[2026-10-02 09:32:47] ERROR: POST /api/chat - Invalid ID 
Error: Invalid ID
    at id (D:\TaskPro\BackEnd\src\modules\community\validation.js:6:11)
    at validateIds (D:\TaskPro\BackEnd\src\modules\community\validation.js:17:68)
    at Layer.handleRequest (D:\TaskPro\BackEnd\node_modules\router\lib\layer.js:152:17)
    at trimPrefix (D:\TaskPro\BackEnd\node_modules\router\index.js:342:13)
    at D:\TaskPro\BackEnd\node_modules\router\index.js:297:9
    at processParams (D:\TaskPro\BackEnd\node_modules\router\index.js:582:12)
    at next (D:\TaskPro\BackEnd\node_modules\router\index.js:291:5)
    at authenticate (D:\TaskPro\BackEnd\src\middlewares\authMiddleware.js:44:5)
[2026-10-02 09:32:47] ERROR: POST /api/chat - Invalid ID 
Error: Invalid ID
    at id (D:\TaskPro\BackEnd\src\modules\community\validation.js:6:11)
    at validateIds (D:\TaskPro\BackEnd\src\modules\community\validation.js:17:68)
    at Layer.handleRequest (D:\TaskPro\BackEnd\node_modules\router\lib\layer.js:152:17)
    at trimPrefix (D:\TaskPro\BackEnd\node_modules\router\index.js:342:13)
    at D:\TaskPro\BackEnd\node_modules\router\index.js:297:9
    at processParams (D:\TaskPro\BackEnd\node_modules\router\index.js:582:12)
    at next (D:\TaskPro\BackEnd\node_modules\router\index.js:291:5)
    at authenticate (D:\TaskPro\BackEnd\src\middlewares\authMiddleware.js:44:5)
[2026-10-02 09:32:47] ERROR: POST /api/chat - Invalid ID 
Error: Invalid ID
    at id (D:\TaskPro\BackEnd\src\modules\community\validation.js:6:11)
    at validateIds (D:\TaskPro\BackEnd\src\modules\community\validation.js:17:68)
    at Layer.handleRequest (D:\TaskPro\BackEnd\node_modules\router\lib\layer.js:152:17)
    at trimPrefix (D:\TaskPro\BackEnd\node_modules\router\index.js:342:13)
    at D:\TaskPro\BackEnd\node_modules\router\index.js:297:9
    at processParams (D:\TaskPro\BackEnd\node_modules\router\index.js:582:12)
    at next (D:\TaskPro\BackEnd\node_modules\router\index.js:291:5)
    at authenticate (D:\TaskPro\BackEnd\src\middlewares\authMiddleware.js:44:5)
[2026-10-02 09:32:47] ERROR: POST /api/chat - Invalid ID 
Error: Invalid ID
    at id (D:\TaskPro\BackEnd\src\modules\community\validation.js:6:11)
    at validateIds (D:\TaskPro\BackEnd\src\modules\community\validation.js:17:68)
    at Layer.handleRequest (D:\TaskPro\BackEnd\node_modules\router\lib\layer.js:152:17)
    at trimPrefix (D:\TaskPro\BackEnd\node_modules\router\index.js:342:13)
    at D:\TaskPro\BackEnd\node_modules\router\index.js:297:9
    at processParams (D:\TaskPro\BackEnd\node_modules\router\index.js:582:12)
    at next (D:\TaskPro\BackEnd\node_modules\router\index.js:291:5)
    at authenticate (D:\TaskPro\BackEnd\src\middlewares\authMiddleware.js:44:5)
[2026-10-02 09:32:47] ERROR: POST /api/chat - Invalid ID 
Error: Invalid ID
    at id (D:\TaskPro\BackEnd\src\modules\community\validation.js:6:11)
    at validateIds (D:\TaskPro\BackEnd\src\modules\community\validation.js:17:68)
    at Layer.handleRequest (D:\TaskPro\BackEnd\node_modules\router\lib\layer.js:152:17)
    at trimPrefix (D:\TaskPro\BackEnd\node_modules\router\index.js:342:13)
    at D:\TaskPro\BackEnd\node_modules\router\index.js:297:9
    at processParams (D:\TaskPro\BackEnd\node_modules\router\index.js:582:12)
    at next (D:\TaskPro\BackEnd\node_modules\router\index.js:291:5)
    at authenticate (D:\TaskPro\BackEnd\src\middlewares\authMiddleware.js:44:5)
[2026-10-02 09:32:47] ERROR: POST /api/chat - Cannot chat with yourself 
Error: Cannot chat with yourself
    at Object.getOrCreateConversation (D:\TaskPro\BackEnd\src\modules\community\chat.service.js:94:38)
    at D:\TaskPro\BackEnd\src\modules\community\chat.controller.js:19:42
    at D:\TaskPro\BackEnd\src\utils\catchAsync.js:9:25
    at Layer.handleRequest (D:\TaskPro\BackEnd\node_modules\router\lib\layer.js:152:17)
    at next (D:\TaskPro\BackEnd\node_modules\router\lib\route.js:157:13)
    at Route.dispatch (D:\TaskPro\BackEnd\node_modules\router\lib\route.js:117:3)
    at handle (D:\TaskPro\BackEnd\node_modules\router\index.js:435:11)
    at Layer.handleRequest (D:\TaskPro\BackEnd\node_modules\router\lib\layer.js:152:17)
    at D:\TaskPro\BackEnd\node_modules\router\index.js:295:15
    at processParams (D:\TaskPro\BackEnd\node_modules\router\index.js:582:12)
[2026-10-02 09:32:47] ERROR: POST /api/chat - User not found 
Error: User not found
    at Object.getOrCreateConversation (D:\TaskPro\BackEnd\src\modules\community\chat.service.js:96:42)
    at async D:\TaskPro\BackEnd\src\modules\community\chat.controller.js:19:24
[2026-10-02 09:32:47] ERROR: GET /api/chat/38/messages - Not authorized to view this conversation 
Error: Not authorized to view this conversation
    at Object.getMessages (D:\TaskPro\BackEnd\src\modules\community\chat.service.js:155:11)
    at async D:\TaskPro\BackEnd\src\modules\community\chat.controller.js:30:20
[2026-10-02 09:32:47] ERROR: POST /api/chat/38/messages - Not part of this conversation 
Error: Not part of this conversation
    at Object.sendMessage (D:\TaskPro\BackEnd\src\modules\community\chat.service.js:189:11)
    at async D:\TaskPro\BackEnd\src\modules\community\chat.controller.js:39:19
[2026-10-02 09:32:48] ERROR: DELETE /api/chat/38/messages - Access denied 
Error: Access denied
    at requireParticipant (D:\TaskPro\BackEnd\src\modules\community\chat.service.js:29:27)
    at async Object.clearConversation (D:\TaskPro\BackEnd\src\modules\community\chat.service.js:411:3)
    at async D:\TaskPro\BackEnd\src\modules\community\chat.controller.js:126:3
[2026-10-02 09:32:48] ERROR: DELETE /api/chat/38 - Access denied 
Error: Access denied
    at requireParticipant (D:\TaskPro\BackEnd\src\modules\community\chat.service.js:29:27)
    at async Object.deleteConversation (D:\TaskPro\BackEnd\src\modules\community\chat.service.js:399:3)
    at async D:\TaskPro\BackEnd\src\modules\community\chat.controller.js:119:3
[2026-10-02 09:32:48] ERROR: POST /api/chat/38/messages - Text must not be empty 
Error: Text must not be empty
    at text (D:\TaskPro\BackEnd\src\modules\community\validation.js:11:57)
    at validateIds (D:\TaskPro\BackEnd\src\modules\community\validation.js:22:42)
    at Layer.handleRequest (D:\TaskPro\BackEnd\node_modules\router\lib\layer.js:152:17)
    at trimPrefix (D:\TaskPro\BackEnd\node_modules\router\index.js:342:13)
    at D:\TaskPro\BackEnd\node_modules\router\index.js:297:9
    at processParams (D:\TaskPro\BackEnd\node_modules\router\index.js:582:12)
    at next (D:\TaskPro\BackEnd\node_modules\router\index.js:291:5)
    at authenticate (D:\TaskPro\BackEnd\src\middlewares\authMiddleware.js:44:5)
[2026-10-02 09:32:48] ERROR: GET /api/chat/abc/messages - Invalid ID 
Error: Invalid ID
    at Object.id (D:\TaskPro\BackEnd\src\modules\community\validation.js:6:11)
    at D:\TaskPro\BackEnd\src\modules\community\chat.routes.js:29:79
    at paramCallback (D:\TaskPro\BackEnd\node_modules\router\index.js:649:19)
    at param (D:\TaskPro\BackEnd\node_modules\router\index.js:629:5)
    at processParams (D:\TaskPro\BackEnd\node_modules\router\index.js:664:3)
    at next (D:\TaskPro\BackEnd\node_modules\router\index.js:291:5)
    at validateIds (D:\TaskPro\BackEnd\src\modules\community\validation.js:24:5)
    at Layer.handleRequest (D:\TaskPro\BackEnd\node_modules\router\lib\layer.js:152:17)
    at trimPrefix (D:\TaskPro\BackEnd\node_modules\router\index.js:342:13)
    at D:\TaskPro\BackEnd\node_modules\router\index.js:297:9
[2026-10-02 09:32:48] ERROR: GET /api/chat/2147483647/messages - Conversation not found 
Error: Conversation not found
    at Object.getMessages (D:\TaskPro\BackEnd\src\modules\community\chat.service.js:146:83)
    at async D:\TaskPro\BackEnd\src\modules\community\chat.controller.js:30:20
[2026-10-02 09:32:48] ERROR: POST /api/chat/workspaces - Text must not be empty 
Error: Text must not be empty
    at text (D:\TaskPro\BackEnd\src\modules\community\validation.js:11:57)
    at validateIds (D:\TaskPro\BackEnd\src\modules\community\validation.js:22:42)
    at Layer.handleRequest (D:\TaskPro\BackEnd\node_modules\router\lib\layer.js:152:17)
    at trimPrefix (D:\TaskPro\BackEnd\node_modules\router\index.js:342:13)
    at D:\TaskPro\BackEnd\node_modules\router\index.js:297:9
    at processParams (D:\TaskPro\BackEnd\node_modules\router\index.js:582:12)
    at next (D:\TaskPro\BackEnd\node_modules\router\index.js:291:5)
    at authenticate (D:\TaskPro\BackEnd\src\middlewares\authMiddleware.js:44:5)
[2026-10-02 09:32:48] ERROR: GET /api/chat/channels/51/messages - Access denied 
Error: Access denied
    at authorizeChannel (D:\TaskPro\BackEnd\src\modules\community\chat.service.js:43:82)
    at async Object.getChannelMessages (D:\TaskPro\BackEnd\src\modules\community\chat.service.js:259:3)
    at async D:\TaskPro\BackEnd\src\modules\community\chat.controller.js:58:20
[2026-10-02 09:32:48] ERROR: POST /api/chat/channels/51/messages - Access denied 
Error: Access denied
    at authorizeChannel (D:\TaskPro\BackEnd\src\modules\community\chat.service.js:43:82)
    at async Object.sendChannelMessage (D:\TaskPro\BackEnd\src\modules\community\chat.service.js:294:3)
    at async D:\TaskPro\BackEnd\src\modules\community\chat.controller.js:67:19
[2026-10-02 09:32:48] ERROR: PUT /api/chat/workspaces/26 - You are not authorized to edit this group 
Error: You are not authorized to edit this group
    at Object.updateWorkspace (D:\TaskPro\BackEnd\src\modules\community\chat.service.js:360:11)
    at async D:\TaskPro\BackEnd\src\modules\community\chat.controller.js:97:23
[2026-10-02 09:32:48] ERROR: POST /api/chat/workspaces/26/members - Access denied 
Error: Access denied
    at Object.authorizeWorkspaceManager (D:\TaskPro\BackEnd\src\modules\community\chat.service.js:35:63)
    at async D:\TaskPro\BackEnd\src\modules\community\chat.controller.js:104:3
[2026-10-02 09:32:48] ERROR: POST /api/chat/workspaces/26/members - User not found 
Error: User not found
    at Object.addWorkspaceMember (D:\TaskPro\BackEnd\src\modules\community\chat.service.js:381:50)
    at async D:\TaskPro\BackEnd\src\modules\community\chat.controller.js:105:18
[2026-10-02 09:32:48] ERROR: POST /api/chat/workspaces/26/members - Invalid ID 
Error: Invalid ID
    at Object.id (D:\TaskPro\BackEnd\src\modules\community\validation.js:6:11)
    at D:\TaskPro\BackEnd\src\modules\community\chat.controller.js:105:92
[2026-10-02 09:32:48] ERROR: POST /api/chat/workspaces/join - Workspace not found 
Error: Workspace not found
    at Object.addWorkspaceMember (D:\TaskPro\BackEnd\src\modules\community\chat.service.js:376:25)
    at async D:\TaskPro\BackEnd\src\modules\community\chat.controller.js:112:18
[2026-10-02 09:32:48] ERROR: POST /api/chat/workspaces/join - Invalid ID 
Error: Invalid ID
    at Object.id (D:\TaskPro\BackEnd\src\modules\community\validation.js:6:11)
    at D:\TaskPro\BackEnd\src\modules\community\chat.controller.js:110:47
    at D:\TaskPro\BackEnd\src\utils\catchAsync.js:9:25
    at Layer.handleRequest (D:\TaskPro\BackEnd\node_modules\router\lib\layer.js:152:17)
    at next (D:\TaskPro\BackEnd\node_modules\router\lib\route.js:157:13)
    at Route.dispatch (D:\TaskPro\BackEnd\node_modules\router\lib\route.js:117:3)
    at handle (D:\TaskPro\BackEnd\node_modules\router\index.js:435:11)
    at Layer.handleRequest (D:\TaskPro\BackEnd\node_modules\router\lib\layer.js:152:17)
    at D:\TaskPro\BackEnd\node_modules\router\index.js:295:15
    at processParams (D:\TaskPro\BackEnd\node_modules\router\index.js:582:12)
[2026-10-02 09:32:48] ERROR: POST /api/chat/channels/51/messages - Text must not be empty 
Error: Text must not be empty
    at text (D:\TaskPro\BackEnd\src\modules\community\validation.js:11:57)
    at validateIds (D:\TaskPro\BackEnd\src\modules\community\validation.js:22:42)
    at Layer.handleRequest (D:\TaskPro\BackEnd\node_modules\router\lib\layer.js:152:17)
    at trimPrefix (D:\TaskPro\BackEnd\node_modules\router\index.js:342:13)
    at D:\TaskPro\BackEnd\node_modules\router\index.js:297:9
    at processParams (D:\TaskPro\BackEnd\node_modules\router\index.js:582:12)
    at next (D:\TaskPro\BackEnd\node_modules\router\index.js:291:5)
    at authenticate (D:\TaskPro\BackEnd\src\middlewares\authMiddleware.js:44:5)
[2026-10-02 09:32:48] ERROR: GET /api/chat/channels/51/messages?cursor=abc - Invalid ID 
Error: Invalid ID
    at id (D:\TaskPro\BackEnd\src\modules\community\validation.js:6:11)
    at validateIds (D:\TaskPro\BackEnd\src\modules\community\validation.js:19:41)
    at Layer.handleRequest (D:\TaskPro\BackEnd\node_modules\router\lib\layer.js:152:17)
    at trimPrefix (D:\TaskPro\BackEnd\node_modules\router\index.js:342:13)
    at D:\TaskPro\BackEnd\node_modules\router\index.js:297:9
    at processParams (D:\TaskPro\BackEnd\node_modules\router\index.js:582:12)
    at next (D:\TaskPro\BackEnd\node_modules\router\index.js:291:5)
    at authenticate (D:\TaskPro\BackEnd\src\middlewares\authMiddleware.js:44:5)
[2026-10-02 09:32:48] ERROR: GET /api/chat/channels/51/messages?cursor=605 - Invalid channel cursor 
Error: Invalid channel cursor
    at Object.getChannelMessages (D:\TaskPro\BackEnd\src\modules\community\chat.service.js:276:58)
    at async D:\TaskPro\BackEnd\src\modules\community\chat.controller.js:58:20
[2026-10-02 09:32:49] ERROR: POST /api/chat/channels/51/messages - Invalid message type 
Error: Invalid message type
    at Object.sendChannelMessage (D:\TaskPro\BackEnd\src\modules\community\chat.service.js:296:61)
    at async D:\TaskPro\BackEnd\src\modules\community\chat.controller.js:67:19
[2026-10-02 09:32:49] ERROR: GET /api/chat/channels/2147483647/messages - Channel not found 
Error: Channel not found
    at authorizeChannel (D:\TaskPro\BackEnd\src\modules\community\chat.service.js:41:23)
    at async Object.getChannelMessages (D:\TaskPro\BackEnd\src\modules\community\chat.service.js:259:3)
    at async D:\TaskPro\BackEnd\src\modules\community\chat.controller.js:58:20
[2026-10-02 09:32:49] ERROR: PUT /api/discussions/29 - You can only edit your own discussions 
Error: You can only edit your own discussions
    at Object.updateDiscussion (D:\TaskPro\BackEnd\src\modules\community\discussion.service.js:167:11)
    at async D:\TaskPro\BackEnd\src\modules\community\discussion.controller.js:45:22
[2026-10-02 09:32:49] ERROR: DELETE /api/discussions/29 - You can only delete your own discussions 
Error: You can only delete your own discussions
    at Object.deleteDiscussion (D:\TaskPro\BackEnd\src\modules\community\discussion.service.js:199:11)
    at async D:\TaskPro\BackEnd\src\modules\community\discussion.controller.js:54:18
[2026-10-02 09:32:49] ERROR: PUT /api/discussions/29/resolve - Only the author can mark discussions as resolved 
Error: Only the author can mark discussions as resolved
    at Object.toggleResolved (D:\TaskPro\BackEnd\src\modules\community\discussion.service.js:219:11)
    at async D:\TaskPro\BackEnd\src\modules\community\discussion.controller.js:63:22
[2026-10-02 09:32:49] ERROR: POST /api/discussions/29/replies - Text must not be empty 
Error: Text must not be empty
    at text (D:\TaskPro\BackEnd\src\modules\community\validation.js:11:57)
    at validateIds (D:\TaskPro\BackEnd\src\modules\community\validation.js:22:42)
    at Layer.handleRequest (D:\TaskPro\BackEnd\node_modules\router\lib\layer.js:152:17)
    at trimPrefix (D:\TaskPro\BackEnd\node_modules\router\index.js:342:13)
    at D:\TaskPro\BackEnd\node_modules\router\index.js:297:9
    at processParams (D:\TaskPro\BackEnd\node_modules\router\index.js:582:12)
    at next (D:\TaskPro\BackEnd\node_modules\router\index.js:291:5)
    at authenticate (D:\TaskPro\BackEnd\src\middlewares\authMiddleware.js:44:5)
[2026-10-02 09:32:49] ERROR: POST /api/discussions/30/replies - Parent reply not found in this discussion 
Error: Parent reply not found in this discussion
    at Object.createReply (D:\TaskPro\BackEnd\src\modules\community\discussion.service.js:261:13)
    at async D:\TaskPro\BackEnd\src\modules\community\discussion.controller.js:79:17
[2026-10-02 09:32:49] ERROR: PUT /api/discussions/replies/29 - You can only edit your own replies 
Error: You can only edit your own replies
    at Object.updateReply (D:\TaskPro\BackEnd\src\modules\community\discussion.service.js:296:11)
    at async D:\TaskPro\BackEnd\src\modules\community\discussion.controller.js:88:17
[2026-10-02 09:32:49] ERROR: DELETE /api/discussions/replies/29 - You can only delete your own replies 
Error: You can only delete your own replies
    at Object.deleteReply (D:\TaskPro\BackEnd\src\modules\community\discussion.service.js:325:11)
    at async D:\TaskPro\BackEnd\src\modules\community\discussion.controller.js:97:18
[2026-10-02 09:32:49] ERROR: GET /api/discussions/abc - Invalid ID 
Error: Invalid ID
    at Object.id (D:\TaskPro\BackEnd\src\modules\community\validation.js:6:11)
    at D:\TaskPro\BackEnd\src\modules\community\discussion.routes.js:29:86
    at paramCallback (D:\TaskPro\BackEnd\node_modules\router\index.js:649:19)
    at param (D:\TaskPro\BackEnd\node_modules\router\index.js:629:5)
    at processParams (D:\TaskPro\BackEnd\node_modules\router\index.js:664:3)
    at next (D:\TaskPro\BackEnd\node_modules\router\index.js:291:5)
    at validateIds (D:\TaskPro\BackEnd\src\modules\community\validation.js:24:5)
    at Layer.handleRequest (D:\TaskPro\BackEnd\node_modules\router\lib\layer.js:152:17)
    at trimPrefix (D:\TaskPro\BackEnd\node_modules\router\index.js:342:13)
    at D:\TaskPro\BackEnd\node_modules\router\index.js:297:9
[2026-10-02 09:32:49] ERROR: GET /api/discussions?problemId=abc - Invalid ID 
Error: Invalid ID
    at id (D:\TaskPro\BackEnd\src\modules\community\validation.js:6:11)
    at validateIds (D:\TaskPro\BackEnd\src\modules\community\validation.js:20:44)
    at Layer.handleRequest (D:\TaskPro\BackEnd\node_modules\router\lib\layer.js:152:17)
    at trimPrefix (D:\TaskPro\BackEnd\node_modules\router\index.js:342:13)
    at D:\TaskPro\BackEnd\node_modules\router\index.js:297:9
    at processParams (D:\TaskPro\BackEnd\node_modules\router\index.js:582:12)
    at next (D:\TaskPro\BackEnd\node_modules\router\index.js:291:5)
    at authenticate (D:\TaskPro\BackEnd\src\middlewares\authMiddleware.js:44:5)
[2026-10-02 09:32:49] ERROR: PUT /api/discussions/replies/2147483647 - Reply not found 
Error: Reply not found
    at Object.updateReply (D:\TaskPro\BackEnd\src\modules\community\discussion.service.js:292:11)
    at async D:\TaskPro\BackEnd\src\modules\community\discussion.controller.js:88:17
[2026-10-02 09:32:49] ERROR: GET /api/discussions/2147483647 - Discussion not found 
Error: Discussion not found
    at Object.getDiscussionById (D:\TaskPro\BackEnd\src\modules\community\discussion.service.js:151:11)
    at async D:\TaskPro\BackEnd\src\modules\community\discussion.controller.js:38:22
[2026-10-02 09:32:49] ERROR: GET /api/discussions/29 - Discussion not found 
Error: Discussion not found
    at Object.getDiscussionById (D:\TaskPro\BackEnd\src\modules\community\discussion.service.js:151:11)
    at async D:\TaskPro\BackEnd\src\modules\community\discussion.controller.js:38:22
[2026-10-02 09:32:49] ERROR: PUT /api/notifications/139/read - Access denied 
Error: Access denied
    at Object.markAsRead (D:\TaskPro\BackEnd\src\modules\community\notification.service.js:61:11)
    at async D:\TaskPro\BackEnd\src\modules\community\notification.controller.js:31:24
[2026-10-02 09:32:49] ERROR: DELETE /api/notifications/139 - Access denied 
Error: Access denied
    at Object.deleteNotification (D:\TaskPro\BackEnd\src\modules\community\notification.service.js:89:11)
    at async D:\TaskPro\BackEnd\src\modules\community\notification.controller.js:44:18
[2026-10-02 09:32:50] ERROR: DELETE /api/notifications/139 - Notification not found 
Error: Notification not found
    at Object.deleteNotification (D:\TaskPro\BackEnd\src\modules\community\notification.service.js:85:11)
    at async D:\TaskPro\BackEnd\src\modules\community\notification.controller.js:44:18
[2026-10-02 09:32:50] ERROR: PUT /api/notifications/abc/read - Invalid ID 
Error: Invalid ID
    at Object.id (D:\TaskPro\BackEnd\src\modules\community\validation.js:6:11)
    at D:\TaskPro\BackEnd\src\modules\community\notification.routes.js:24:79
    at paramCallback (D:\TaskPro\BackEnd\node_modules\router\index.js:649:19)
    at param (D:\TaskPro\BackEnd\node_modules\router\index.js:629:5)
    at processParams (D:\TaskPro\BackEnd\node_modules\router\index.js:664:3)
    at next (D:\TaskPro\BackEnd\node_modules\router\index.js:291:5)
    at authenticate (D:\TaskPro\BackEnd\src\middlewares\authMiddleware.js:44:5)
[2026-10-02 09:32:50] ERROR: PUT /api/notifications/2147483647/read - Notification not found 
Error: Notification not found
    at Object.markAsRead (D:\TaskPro\BackEnd\src\modules\community\notification.service.js:57:11)
    at async D:\TaskPro\BackEnd\src\modules\community\notification.controller.js:31:24
[2026-10-02 09:32:57] ERROR: POST /api/chat - User not found 
Error: User not found
    at Object.getOrCreateConversation (D:\TaskPro\BackEnd\src\modules\community\chat.service.js:96:42)
    at async D:\TaskPro\BackEnd\src\modules\community\chat.controller.js:19:24
[2026-10-02 09:37:00] ERROR: POST /api/chat/41/messages - Reply target is unavailable in this chat 
Error: Reply target is unavailable in this chat
    at validateReply (D:\TaskPro\BackEnd\src\modules\community\chat.service.js:16:11)
    at async Object.sendMessage (D:\TaskPro\BackEnd\src\modules\community\chat.service.js:191:15)
    at async D:\TaskPro\BackEnd\src\modules\community\chat.controller.js:39:19
[2026-10-02 09:37:00] ERROR: POST /api/chat/40/messages - Not part of this conversation 
Error: Not part of this conversation
    at Object.sendMessage (D:\TaskPro\BackEnd\src\modules\community\chat.service.js:189:11)
    at async D:\TaskPro\BackEnd\src\modules\community\chat.controller.js:39:19
[2026-10-02 09:37:00] ERROR: POST /api/chat/40/messages - Invalid ID 
Error: Invalid ID
    at id (D:\TaskPro\BackEnd\src\modules\community\validation.js:6:11)
    at validateReply (D:\TaskPro\BackEnd\src\modules\community\chat.service.js:13:15)
    at Object.sendMessage (D:\TaskPro\BackEnd\src\modules\community\chat.service.js:191:21)
    at async D:\TaskPro\BackEnd\src\modules\community\chat.controller.js:39:19
[2026-10-02 09:37:00] ERROR: POST /api/chat/40/messages - Invalid ID 
Error: Invalid ID
    at id (D:\TaskPro\BackEnd\src\modules\community\validation.js:6:11)
    at validateReply (D:\TaskPro\BackEnd\src\modules\community\chat.service.js:13:15)
    at Object.sendMessage (D:\TaskPro\BackEnd\src\modules\community\chat.service.js:191:21)
    at async D:\TaskPro\BackEnd\src\modules\community\chat.controller.js:39:19
[2026-10-02 09:37:00] ERROR: POST /api/chat/40/messages - Invalid ID 
Error: Invalid ID
    at id (D:\TaskPro\BackEnd\src\modules\community\validation.js:6:11)
    at validateReply (D:\TaskPro\BackEnd\src\modules\community\chat.service.js:13:15)
    at Object.sendMessage (D:\TaskPro\BackEnd\src\modules\community\chat.service.js:191:21)
    at async D:\TaskPro\BackEnd\src\modules\community\chat.controller.js:39:19
[2026-10-02 09:37:00] ERROR: POST /api/chat/40/messages - Invalid ID 
Error: Invalid ID
    at id (D:\TaskPro\BackEnd\src\modules\community\validation.js:6:11)
    at validateReply (D:\TaskPro\BackEnd\src\modules\community\chat.service.js:13:15)
    at Object.sendMessage (D:\TaskPro\BackEnd\src\modules\community\chat.service.js:191:21)
    at async D:\TaskPro\BackEnd\src\modules\community\chat.controller.js:39:19
[2026-10-02 09:37:00] ERROR: POST /api/chat/40/messages - Invalid ID 
Error: Invalid ID
    at id (D:\TaskPro\BackEnd\src\modules\community\validation.js:6:11)
    at validateReply (D:\TaskPro\BackEnd\src\modules\community\chat.service.js:13:15)
    at Object.sendMessage (D:\TaskPro\BackEnd\src\modules\community\chat.service.js:191:21)
    at async D:\TaskPro\BackEnd\src\modules\community\chat.controller.js:39:19
[2026-10-02 09:37:00] ERROR: POST /api/chat/40/messages - Reply target is unavailable in this chat 
Error: Reply target is unavailable in this chat
    at validateReply (D:\TaskPro\BackEnd\src\modules\community\chat.service.js:16:11)
    at async Object.sendMessage (D:\TaskPro\BackEnd\src\modules\community\chat.service.js:191:15)
    at async D:\TaskPro\BackEnd\src\modules\community\chat.controller.js:39:19
[2026-10-02 09:37:02] ERROR: POST /api/chat/channels/56/messages - Reply target is unavailable in this chat 
Error: Reply target is unavailable in this chat
    at validateReply (D:\TaskPro\BackEnd\src\modules\community\chat.service.js:16:11)
    at async Object.sendChannelMessage (D:\TaskPro\BackEnd\src\modules\community\chat.service.js:295:15)
    at async D:\TaskPro\BackEnd\src\modules\community\chat.controller.js:67:19
[2026-10-02 09:37:02] ERROR: POST /api/chat/channels/55/messages - Access denied 
Error: Access denied
    at authorizeChannel (D:\TaskPro\BackEnd\src\modules\community\chat.service.js:43:82)
    at async Object.sendChannelMessage (D:\TaskPro\BackEnd\src\modules\community\chat.service.js:294:3)
    at async D:\TaskPro\BackEnd\src\modules\community\chat.controller.js:67:19
[2026-10-02 19:18:32] ERROR: POST /api/auth/login - Invalid email or password 
Error: Invalid email or password
    at authError (D:\TaskPro\BackEnd\src\modules\auth\auth.service.js:5:64)
    at Object.loginUser (D:\TaskPro\BackEnd\src\modules\auth\auth.service.js:156:11)
    at async D:\TaskPro\BackEnd\src\modules\auth\auth.controller.js:16:18
[2026-10-02 19:18:42] ERROR: POST /api/auth/login - Invalid email or password 
Error: Invalid email or password
    at authError (D:\TaskPro\BackEnd\src\modules\auth\auth.service.js:5:64)
    at Object.loginUser (D:\TaskPro\BackEnd\src\modules\auth\auth.service.js:156:11)
    at async D:\TaskPro\BackEnd\src\modules\auth\auth.controller.js:16:18
[2026-10-02 19:18:43] ERROR: POST /api/auth/login - Invalid email or password 
Error: Invalid email or password
    at authError (D:\TaskPro\BackEnd\src\modules\auth\auth.service.js:5:64)
    at Object.loginUser (D:\TaskPro\BackEnd\src\modules\auth\auth.service.js:156:11)
    at async D:\TaskPro\BackEnd\src\modules\auth\auth.controller.js:16:18
[2026-10-02 19:18:43] ERROR: POST /api/auth/login - Invalid email or password 
Error: Invalid email or password
    at authError (D:\TaskPro\BackEnd\src\modules\auth\auth.service.js:5:64)
    at Object.loginUser (D:\TaskPro\BackEnd\src\modules\auth\auth.service.js:156:11)
    at async D:\TaskPro\BackEnd\src\modules\auth\auth.controller.js:16:18
[2026-10-02 19:18:44] ERROR: POST /api/auth/login - Invalid email or password 
Error: Invalid email or password
    at authError (D:\TaskPro\BackEnd\src\modules\auth\auth.service.js:5:64)
    at Object.loginUser (D:\TaskPro\BackEnd\src\modules\auth\auth.service.js:156:11)
    at async D:\TaskPro\BackEnd\src\modules\auth\auth.controller.js:16:18
